{
  "mean": 0.89697265625,
  "std": 0.03094482421875,
  "max": 1.0,
  "p90": 0.9404296875,
  "p95": 0.9501953125,
  "top10_mean": 0.96484375,
  "collapse_score": 0.96484375
}