{
  "normal_semantic_mean": 0.5068359375,
  "normal_semantic_std": 0.0008459091186523438,
  "abnormal_semantic_mean": 0.5087890625,
  "abnormal_semantic_std": 0.0015439987182617188
}