{
  "normal_mean": -0.02789306640625,
  "normal_std": 0.0033206939697265625,
  "abnormal_mean": -0.036651611328125,
  "abnormal_std": 0.005828857421875,
  "separation": 0.008758544921875,
  "overlap_ratio": 0.281005859375,
  "ks_distance": 0.7666666666666667,
  "ks_pvalue": 1.8909729578543045e-05
}