{
  "mean": 0.33154296875,
  "std": 0.0189666748046875,
  "p50": 0.337158203125,
  "p90": 0.352587890625,
  "p95": 0.35509033203125,
  "p99": 0.35734619140625,
  "max": 0.35791015625,
  "hit_rate_0.3": 0.9166666666666666,
  "hit_rate_0.4": 0.0,
  "hit_rate_0.5": 0.0,
  "hit_rate_0.6": 0.0,
  "hit_rate_0.7": 0.0
}