class,group,mean,std,p10,median,p90,n
mvtec_screw_k2,all,0.03055,0.03726,-0.01328125,0.02808,0.08046874999999999,160
mvtec_screw_k2,normal,0.05405,0.03784,0.01171875,0.04883,0.107666015625,41
mvtec_screw_k2,abnormal,0.02245,0.03345,-0.016992187499999995,0.01807,0.0712890625,119
