class,group,mean,std,p10,median,p90,n
mvtec_capsule_k2,all,0.7046,0.05402,0.64052734375,0.719,0.764892578125,132
mvtec_capsule_k2,normal,0.73,0.03207,0.68212890625,0.7407,0.76552734375,23
mvtec_capsule_k2,abnormal,0.699,0.0561,0.6291015625,0.714,0.76318359375,109
