class,group,mean,std,p10,median,p90,n
visa_pcb2_k2,all,3.525,0.0755,3.427734375,3.533,3.61328125,1101
visa_pcb2_k2,normal,3.531,0.07,3.44140625,3.535,3.61328125,1001
visa_pcb2_k2,abnormal,3.48,0.1068,3.3416015625,3.488,3.6,100
