{
  "normal_semantic_mean": 0.5029296875,
  "normal_semantic_std": 0.000732421875,
  "abnormal_semantic_mean": 0.5029296875,
  "abnormal_semantic_std": 0.0008459091186523438
}