{
  "normal_mean": -0.01161956787109375,
  "normal_std": 0.00286865234375,
  "abnormal_mean": -0.0115203857421875,
  "abnormal_std": 0.0033206939697265625,
  "separation": -9.918212890625e-05,
  "overlap_ratio": 0.9296875,
  "ks_distance": 0.09331668331668332,
  "ks_pvalue": 0.3823977656496722
}