{
  "mean": 0.9189453125,
  "std": 0.0245819091796875,
  "max": 0.9755859375,
  "p90": 0.9521484375,
  "p95": 0.957080078125,
  "top10_mean": 0.96484375,
  "collapse_score": 0.96484375
}