{
  "mean": 0.2493896484375,
  "std": 0.00962066650390625,
  "p50": 0.2490234375,
  "p90": 0.26220703125,
  "p95": 0.265869140625,
  "p99": 0.270751953125,
  "max": 0.282470703125,
  "hit_rate_0.3": 0.0,
  "hit_rate_0.4": 0.0,
  "hit_rate_0.5": 0.0,
  "hit_rate_0.6": 0.0,
  "hit_rate_0.7": 0.0
}