{
  "semantic": {
    "p_roc": 90.33996393728685
  },
  "memory": {
    "p_roc": 98.83628268580865
  },
  "max": {
    "p_roc": 98.7595403157847
  },
  "harmonic": {
    "p_roc": 95.2969059341314
  },
  "oracle": {
    "p_roc": 98.7595403157847
  }
}