{
  "semantic": {
    "i_roc": 97.5,
    "score_mode": "semantic"
  },
  "memory": {
    "i_roc": 99.68253968253968,
    "score_mode": "memory"
  },
  "max": {
    "i_roc": 99.64285714285714,
    "score_mode": "max",
    "i_roc_semantic": 97.5,
    "i_roc_memory": 99.68253968253968,
    "gap": -0.03968253968253954,
    "memory_nn_margin_mean": 0.01605224609375,
    "memory_nn_margin_std": 0.0014848709106445312
  },
  "harmonic": {
    "i_roc": 99.84126984126985,
    "score_mode": "harmonic",
    "i_roc_semantic": 97.5,
    "i_roc_memory": 99.68253968253968,
    "gap": 0.15873015873015817,
    "memory_nn_margin_mean": 0.01605224609375,
    "memory_nn_margin_std": 0.0014848709106445312
  },
  "oracle": {
    "i_roc": 100.0,
    "score_mode": "oracle",
    "i_roc_semantic": 97.5,
    "i_roc_memory": 99.68253968253968,
    "gap": 0.31746031746031633,
    "oracle_semantic_ratio": 18.072289156626507,
    "oracle_memory_ratio": 81.92771084337349,
    "memory_nn_margin_mean": 0.01605224609375,
    "memory_nn_margin_std": 0.0014848709106445312
  }
}