{
  "semantic": {
    "i_roc": 87.56559220389803,
    "score_mode": "semantic"
  },
  "memory": {
    "i_roc": 95.4272863568216,
    "score_mode": "memory"
  },
  "max": {
    "i_roc": 95.3710644677661,
    "score_mode": "max",
    "i_roc_semantic": 87.56559220389803,
    "i_roc_memory": 95.4272863568216,
    "gap": -0.05622188905548553,
    "memory_nn_margin_mean": 0.0312042236328125,
    "memory_nn_margin_std": 0.003726959228515625
  },
  "harmonic": {
    "i_roc": 97.43253373313343,
    "score_mode": "harmonic",
    "i_roc_semantic": 87.56559220389803,
    "i_roc_memory": 95.4272863568216,
    "gap": 2.005247376311825,
    "memory_nn_margin_mean": 0.0312042236328125,
    "memory_nn_margin_std": 0.003726959228515625
  },
  "oracle": {
    "i_roc": 100.0,
    "score_mode": "oracle",
    "i_roc_semantic": 87.56559220389803,
    "i_roc_memory": 95.4272863568216,
    "gap": 4.572713643178405,
    "oracle_semantic_ratio": 38.666666666666664,
    "oracle_memory_ratio": 61.33333333333333,
    "memory_nn_margin_mean": 0.0312042236328125,
    "memory_nn_margin_std": 0.003726959228515625
  }
}