{
  "semantic": {
    "p_roc": 92.19115889567271
  },
  "memory": {
    "p_roc": 97.01243051685857
  },
  "max": {
    "p_roc": 97.0152546342577
  },
  "harmonic": {
    "p_roc": 94.93827063766331
  },
  "oracle": {
    "p_roc": 97.0152546342577
  }
}