{
  "semantic": {
    "p_roc": 93.9235945373293
  },
  "memory": {
    "p_roc": 89.02531091001346
  },
  "max": {
    "p_roc": 96.36801692621695
  },
  "harmonic": {
    "p_roc": 95.46703214441756
  },
  "oracle": {
    "p_roc": 96.36801692621695
  }
}