{
  "semantic": {
    "p_roc": 99.12237201725195
  },
  "memory": {
    "p_roc": 99.36912141701508
  },
  "max": {
    "p_roc": 99.4053101646449
  },
  "harmonic": {
    "p_roc": 99.30542153702486
  },
  "oracle": {
    "p_roc": 99.4053101646449
  }
}