{
  "semantic": {
    "p_roc": 98.18775299962769
  },
  "memory": {
    "p_roc": 97.0960202315423
  },
  "max": {
    "p_roc": 98.18775299962769
  },
  "harmonic": {
    "p_roc": 97.83749333809814
  },
  "oracle": {
    "p_roc": 98.18775299962769
  }
}