{
  "semantic": {
    "p_roc": 96.83341386401894
  },
  "memory": {
    "p_roc": 98.74858055342986
  },
  "max": {
    "p_roc": 98.75566561726087
  },
  "harmonic": {
    "p_roc": 98.44657418120757
  },
  "oracle": {
    "p_roc": 98.75566561726087
  }
}