{
  "semantic": {
    "p_roc": 99.09625279477402
  },
  "memory": {
    "p_roc": 99.42638041324835
  },
  "max": {
    "p_roc": 99.42591564274711
  },
  "harmonic": {
    "p_roc": 99.26945766657035
  },
  "oracle": {
    "p_roc": 99.42591564274711
  }
}