{
  "semantic": {
    "i_roc": 100.0,
    "score_mode": "semantic"
  },
  "memory": {
    "i_roc": 99.08288043478261,
    "score_mode": "memory"
  },
  "max": {
    "i_roc": 100.0,
    "score_mode": "max",
    "i_roc_semantic": 100.0,
    "i_roc_memory": 99.08288043478261,
    "gap": 0.0,
    "memory_nn_margin_mean": 0.01409149169921875,
    "memory_nn_margin_std": 0.0006461143493652344
  },
  "harmonic": {
    "i_roc": 99.18478260869566,
    "score_mode": "harmonic",
    "i_roc_semantic": 100.0,
    "i_roc_memory": 99.08288043478261,
    "gap": -0.8152173913043459,
    "memory_nn_margin_mean": 0.01409149169921875,
    "memory_nn_margin_std": 0.0006461143493652344
  },
  "oracle": {
    "i_roc": 100.0,
    "score_mode": "oracle",
    "i_roc_semantic": 100.0,
    "i_roc_memory": 99.08288043478261,
    "gap": 0.0,
    "oracle_semantic_ratio": 74.19354838709677,
    "oracle_memory_ratio": 25.806451612903224,
    "memory_nn_margin_mean": 0.01409149169921875,
    "memory_nn_margin_std": 0.0006461143493652344
  }
}