{
  "semantic": {
    "i_roc": 87.2434017595308,
    "score_mode": "semantic"
  },
  "memory": {
    "i_roc": 100.0,
    "score_mode": "memory"
  },
  "max": {
    "i_roc": 100.0,
    "score_mode": "max",
    "i_roc_semantic": 87.2434017595308,
    "i_roc_memory": 100.0,
    "gap": 0.0,
    "memory_nn_margin_mean": 0.0333251953125,
    "memory_nn_margin_std": 0.007366180419921875
  },
  "harmonic": {
    "i_roc": 100.0,
    "score_mode": "harmonic",
    "i_roc_semantic": 87.2434017595308,
    "i_roc_memory": 100.0,
    "gap": 0.0,
    "memory_nn_margin_mean": 0.0333251953125,
    "memory_nn_margin_std": 0.007366180419921875
  },
  "oracle": {
    "i_roc": 100.0,
    "score_mode": "oracle",
    "i_roc_semantic": 87.2434017595308,
    "i_roc_memory": 100.0,
    "gap": 0.0,
    "oracle_semantic_ratio": 19.130434782608695,
    "oracle_memory_ratio": 80.8695652173913,
    "memory_nn_margin_mean": 0.0333251953125,
    "memory_nn_margin_std": 0.007366180419921875
  }
}