{
  "semantic": {
    "p_roc": 84.007696336274
  },
  "memory": {
    "p_roc": 92.9865810335281
  },
  "max": {
    "p_roc": 95.4896084830118
  },
  "harmonic": {
    "p_roc": 94.80040942979659
  },
  "oracle": {
    "p_roc": 95.4896084830118
  }
}