{
  "semantic": {
    "p_roc": 90.2656812790439
  },
  "memory": {
    "p_roc": 94.82649240620992
  },
  "max": {
    "p_roc": 95.96914980192126
  },
  "harmonic": {
    "p_roc": 94.82597263218348
  },
  "oracle": {
    "p_roc": 95.96914980192126
  }
}