{
  "semantic": {
    "i_roc": 58.00368928059029,
    "score_mode": "semantic"
  },
  "memory": {
    "i_roc": 66.18159458905514,
    "score_mode": "memory"
  },
  "max": {
    "i_roc": 66.8784587005534,
    "score_mode": "max",
    "i_roc_semantic": 58.00368928059029,
    "i_roc_memory": 66.18159458905514,
    "gap": 0.6968641114982521,
    "memory_nn_margin_mean": 0.02764892578125,
    "memory_nn_margin_std": 0.005771636962890625
  },
  "harmonic": {
    "i_roc": 64.94158639065382,
    "score_mode": "harmonic",
    "i_roc_semantic": 58.00368928059029,
    "i_roc_memory": 66.18159458905514,
    "gap": -1.24000819840131,
    "memory_nn_margin_mean": 0.02764892578125,
    "memory_nn_margin_std": 0.005771636962890625
  },
  "oracle": {
    "i_roc": 100.0,
    "score_mode": "oracle",
    "i_roc_semantic": 58.00368928059029,
    "i_roc_memory": 66.18159458905514,
    "gap": 33.81840541094486,
    "oracle_semantic_ratio": 25.624999999999996,
    "oracle_memory_ratio": 74.375,
    "memory_nn_margin_mean": 0.02764892578125,
    "memory_nn_margin_std": 0.005771636962890625
  }
}