{
  "semantic": {
    "p_roc": 89.92518126227725
  },
  "memory": {
    "p_roc": 93.94379684983168
  },
  "max": {
    "p_roc": 94.4413649949851
  },
  "harmonic": {
    "p_roc": 94.04807081214634
  },
  "oracle": {
    "p_roc": 94.4413649949851
  }
}