{
  "semantic": {
    "p_roc": 95.3540455671291
  },
  "memory": {
    "p_roc": 96.82704637529878
  },
  "max": {
    "p_roc": 96.8700109677872
  },
  "harmonic": {
    "p_roc": 96.24598607315072
  },
  "oracle": {
    "p_roc": 96.8700109677872
  }
}