{
  "semantic": {
    "p_roc": 96.01983573172602
  },
  "memory": {
    "p_roc": 99.0537301826318
  },
  "max": {
    "p_roc": 99.08344649739867
  },
  "harmonic": {
    "p_roc": 98.70387011423354
  },
  "oracle": {
    "p_roc": 99.08344649739867
  }
}