{
  "semantic": {
    "i_roc": 91.20833333333334,
    "score_mode": "semantic"
  },
  "memory": {
    "i_roc": 87.54166666666666,
    "score_mode": "memory"
  },
  "max": {
    "i_roc": 91.625,
    "score_mode": "max",
    "i_roc_semantic": 91.20833333333334,
    "i_roc_memory": 87.54166666666666,
    "gap": 0.4166666666666652,
    "memory_nn_margin_mean": 0.0438232421875,
    "memory_nn_margin_std": 0.0066070556640625
  },
  "harmonic": {
    "i_roc": 90.5,
    "score_mode": "harmonic",
    "i_roc_semantic": 91.20833333333334,
    "i_roc_memory": 87.54166666666666,
    "gap": -0.708333333333333,
    "memory_nn_margin_mean": 0.0438232421875,
    "memory_nn_margin_std": 0.0066070556640625
  },
  "oracle": {
    "i_roc": 100.0,
    "score_mode": "oracle",
    "i_roc_semantic": 91.20833333333334,
    "i_roc_memory": 87.54166666666666,
    "gap": 8.791666666666664,
    "oracle_semantic_ratio": 40.0,
    "oracle_memory_ratio": 60.0,
    "memory_nn_margin_mean": 0.0438232421875,
    "memory_nn_margin_std": 0.0066070556640625
  }
}