{
  "semantic": {
    "p_roc": 73.60249155162536
  },
  "memory": {
    "p_roc": 92.80605789076503
  },
  "max": {
    "p_roc": 91.98687823147993
  },
  "harmonic": {
    "p_roc": 79.84037464077437
  },
  "oracle": {
    "p_roc": 91.98687823147993
  }
}