{
  "semantic": {
    "p_roc": 96.47823185658564
  },
  "memory": {
    "p_roc": 95.91500552429483
  },
  "max": {
    "p_roc": 96.47848709171882
  },
  "harmonic": {
    "p_roc": 96.20076076599004
  },
  "oracle": {
    "p_roc": 96.47848709171882
  }
}