{
  "semantic": {
    "p_roc": 89.71411091213193
  },
  "memory": {
    "p_roc": 90.5410143124724
  },
  "max": {
    "p_roc": 92.82149906901161
  },
  "harmonic": {
    "p_roc": 95.5719052258558
  },
  "oracle": {
    "p_roc": 92.82149906901161
  }
}