{
  "normal_semantic_mean": 0.52001953125,
  "normal_semantic_std": 0.0011959075927734375,
  "abnormal_semantic_mean": 0.5224609375,
  "abnormal_semantic_std": 0.0022373199462890625
}