{
  "mean": 0.8095703125,
  "std": 0.07305908203125,
  "max": 0.9765625,
  "p90": 0.8974609375,
  "p95": 0.91884765625,
  "top10_mean": 0.94287109375,
  "collapse_score": 0.94287109375
}