{
  "mean": 0.18994140625,
  "std": 0.007213592529296875,
  "p50": 0.1900634765625,
  "p90": 0.19898681640625,
  "p95": 0.201904296875,
  "p99": 0.2059375,
  "max": 0.214111328125,
  "hit_rate_0.3": 0.0,
  "hit_rate_0.4": 0.0,
  "hit_rate_0.5": 0.0,
  "hit_rate_0.6": 0.0,
  "hit_rate_0.7": 0.0
}