{
  "semantic_scores": [
    0.353271484375,
    0.319091796875,
    0.310791015625,
    0.345947265625,
    0.32958984375,
    0.3173828125,
    0.3173828125,
    0.328369140625,
    0.38916015625,
    0.332763671875,
    0.29345703125,
    0.310791015625,
    0.33056640625,
    0.2978515625,
    0.309326171875,
    0.34130859375,
    0.305908203125,
    0.296142578125,
    0.322021484375,
    0.2724609375,
    0.283935546875,
    0.296630859375,
    0.293212890625,
    0.304931640625,
    0.287109375,
    0.312255859375,
    0.287109375,
    0.306884765625,
    0.310302734375,
    0.306640625,
    0.281982421875,
    0.338623046875,
    0.310791015625,
    0.280029296875,
    0.3173828125,
    0.2822265625,
    0.297119140625,
    0.286376953125,
    0.310546875,
    0.323974609375,
    0.32568359375,
    0.313720703125,
    0.324462890625,
    0.320556640625,
    0.337158203125,
    0.31298828125,
    0.32373046875,
    0.318115234375,
    0.298583984375,
    0.29638671875,
    0.33349609375,
    0.3115234375,
    0.294921875,
    0.258056640625,
    0.2587890625,
    0.25439453125,
    0.272216796875,
    0.25634765625,
    0.264404296875,
    0.260498046875,
    0.260498046875,
    0.2548828125,
    0.2548828125,
    0.259033203125,
    0.260986328125,
    0.252197265625,
    0.255615234375,
    0.25732421875,
    0.263916015625,
    0.257080078125,
    0.26123046875,
    0.259521484375,
    0.2490234375,
    0.2587890625,
    0.25390625,
    0.25732421875,
    0.252197265625,
    0.25830078125,
    0.268798828125,
    0.256103515625,
    0.2578125,
    0.33544921875,
    0.312255859375,
    0.327880859375,
    0.3310546875,
    0.289794921875,
    0.318603515625,
    0.334716796875,
    0.296630859375,
    0.282470703125,
    0.354736328125,
    0.310302734375,
    0.3359375,
    0.3291015625,
    0.318359375,
    0.303466796875,
    0.3212890625,
    0.29345703125,
    0.332763671875,
    0.2822265625,
    0.3056640625,
    0.297119140625,
    0.343505859375,
    0.2900390625,
    0.30419921875,
    0.3212890625,
    0.31005859375,
    0.283203125,
    0.28466796875,
    0.2763671875,
    0.314697265625,
    0.370361328125,
    0.27587890625,
    0.286376953125,
    0.2919921875,
    0.312744140625,
    0.299072265625
  ],
  "memory_scores": [
    0.32421875,
    0.27392578125,
    0.26025390625,
    0.277587890625,
    0.27978515625,
    0.2626953125,
    0.25927734375,
    0.267822265625,
    0.31787109375,
    0.2998046875,
    0.26904296875,
    0.32958984375,
    0.310546875,
    0.32568359375,
    0.294677734375,
    0.3115234375,
    0.288330078125,
    0.24609375,
    0.300537109375,
    0.26416015625,
    0.30224609375,
    0.30078125,
    0.26220703125,
    0.318603515625,
    0.36572265625,
    0.324462890625,
    0.330078125,
    0.32958984375,
    0.31005859375,
    0.336181640625,
    0.265625,
    0.322998046875,
    0.3271484375,
    0.25439453125,
    0.3232421875,
    0.268798828125,
    0.33203125,
    0.2646484375,
    0.30810546875,
    0.31982421875,
    0.334716796875,
    0.312255859375,
    0.38134765625,
    0.37548828125,
    0.378173828125,
    0.33740234375,
    0.32275390625,
    0.3271484375,
    0.315673828125,
    0.305419921875,
    0.336181640625,
    0.3115234375,
    0.274169921875,
    0.1942138671875,
    0.20263671875,
    0.2041015625,
    0.2269287109375,
    0.214111328125,
    0.2083740234375,
    0.2176513671875,
    0.1942138671875,
    0.1885986328125,
    0.1937255859375,
    0.211181640625,
    0.22802734375,
    0.193359375,
    0.205322265625,
    0.1932373046875,
    0.197998046875,
    0.2027587890625,
    0.2042236328125,
    0.179931640625,
    0.2060546875,
    0.192626953125,
    0.20361328125,
    0.21435546875,
    0.1953125,
    0.2044677734375,
    0.2432861328125,
    0.200439453125,
    0.1898193359375,
    0.35791015625,
    0.327392578125,
    0.35205078125,
    0.358154296875,
    0.291015625,
    0.32666015625,
    0.36083984375,
    0.287841796875,
    0.2486572265625,
    0.332275390625,
    0.3515625,
    0.332275390625,
    0.36376953125,
    0.3291015625,
    0.2890625,
    0.35302734375,
    0.322998046875,
    0.33935546875,
    0.259521484375,
    0.32080078125,
    0.29833984375,
    0.3095703125,
    0.324951171875,
    0.298828125,
    0.30224609375,
    0.37060546875,
    0.2393798828125,
    0.306640625,
    0.282958984375,
    0.35888671875,
    0.326416015625,
    0.257568359375,
    0.2320556640625,
    0.26953125,
    0.32470703125,
    0.230224609375
  ],
  "selections": [
    0,
    0,
    0,
    0,
    0,
    0,
    0,
    0,
    0,
    0,
    0,
    1,
    0,
    1,
    0,
    0,
    0,
    0,
    0,
    0,
    1,
    1,
    0,
    1,
    1,
    1,
    1,
    1,
    0,
    1,
    0,
    0,
    1,
    0,
    1,
    0,
    1,
    0,
    0,
    0,
    1,
    0,
    1,
    1,
    1,
    1,
    0,
    1,
    1,
    1,
    1,
    1,
    0,
    1,
    1,
    1,
    1,
    1,
    1,
    1,
    1,
    1,
    1,
    1,
    1,
    1,
    1,
    1,
    1,
    1,
    1,
    1,
    1,
    1,
    1,
    1,
    1,
    1,
    1,
    1,
    1,
    1,
    1,
    1,
    1,
    1,
    1,
    1,
    0,
    0,
    0,
    1,
    0,
    1,
    1,
    0,
    1,
    1,
    1,
    0,
    1,
    1,
    0,
    1,
    0,
    0,
    1,
    0,
    1,
    1,
    1,
    0,
    0,
    0,
    0,
    1,
    0
  ],
  "semantic_meta": {
    "semantic_scores": [
      0.353271484375,
      0.319091796875,
      0.310791015625,
      0.345947265625,
      0.32958984375,
      0.3173828125,
      0.3173828125,
      0.328369140625,
      0.38916015625,
      0.332763671875,
      0.29345703125,
      0.310791015625,
      0.33056640625,
      0.2978515625,
      0.309326171875,
      0.34130859375,
      0.305908203125,
      0.296142578125,
      0.322021484375,
      0.2724609375,
      0.283935546875,
      0.296630859375,
      0.293212890625,
      0.304931640625,
      0.287109375,
      0.312255859375,
      0.287109375,
      0.306884765625,
      0.310302734375,
      0.306640625,
      0.281982421875,
      0.338623046875
    ],
    "mode": "semantic"
  },
  "memory_meta": {
    "nn_margin": [
      0.0225982666015625,
      0.023681640625,
      0.02301025390625,
      0.0211181640625,
      0.02484130859375,
      0.020843505859375,
      0.024871826171875,
      0.0235443115234375,
      0.0227508544921875,
      0.0225372314453125,
      0.0259552001953125,
      0.0259857177734375,
      0.021087646484375,
      0.023712158203125,
      0.0211181640625,
      0.0214385986328125,
      0.02227783203125,
      0.021881103515625,
      0.0216064453125,
      0.021240234375,
      0.020660400390625,
      0.020904541015625,
      0.0236968994140625,
      0.0208740234375,
      0.0235137939453125,
      0.0232696533203125,
      0.02490234375,
      0.0234375,
      0.023193359375,
      0.02423095703125,
      0.025238037109375,
      0.021270751953125
    ],
    "max_patch_score": [
      0.32421875,
      0.27392578125,
      0.26025390625,
      0.277587890625,
      0.27978515625,
      0.2626953125,
      0.25927734375,
      0.267822265625,
      0.31787109375,
      0.2998046875,
      0.26904296875,
      0.32958984375,
      0.310546875,
      0.32568359375,
      0.294677734375,
      0.3115234375,
      0.288330078125,
      0.24609375,
      0.300537109375,
      0.26416015625,
      0.30224609375,
      0.30078125,
      0.26220703125,
      0.318603515625,
      0.36572265625,
      0.324462890625,
      0.330078125,
      0.32958984375,
      0.31005859375,
      0.336181640625,
      0.265625,
      0.322998046875
    ],
    "mode": "memory"
  },
  "mode": "oracle"
}