{
  "nn_margin": [
    0.018463134765625,
    0.0201263427734375,
    0.021484375,
    0.01885986328125,
    0.0240631103515625,
    0.02838134765625,
    0.017120361328125,
    0.018157958984375,
    0.023193359375,
    0.020294189453125,
    0.0204620361328125,
    0.02337646484375,
    0.0192108154296875,
    0.0174102783203125,
    0.018310546875,
    0.0236053466796875,
    0.0198974609375,
    0.025238037109375,
    0.0233306884765625,
    0.01837158203125,
    0.02459716796875,
    0.0189056396484375,
    0.018035888671875,
    0.0184326171875,
    0.0156402587890625,
    0.019195556640625,
    0.0218505859375,
    0.020782470703125,
    0.0252838134765625,
    0.017425537109375,
    0.025390625,
    0.0185394287109375,
    0.019134521484375,
    0.0207672119140625,
    0.0162506103515625,
    0.01763916015625,
    0.0178680419921875,
    0.015655517578125,
    0.01898193359375,
    0.017669677734375,
    0.017730712890625,
    0.0166015625,
    0.025299072265625,
    0.018798828125,
    0.0186920166015625,
    0.01910400390625,
    0.0197296142578125,
    0.019561767578125,
    0.020751953125,
    0.018157958984375,
    0.020355224609375,
    0.0191802978515625,
    0.020050048828125,
    0.0185546875,
    0.019805908203125,
    0.0177764892578125,
    0.0198516845703125,
    0.024200439453125,
    0.0199432373046875,
    0.026123046875,
    0.0195465087890625,
    0.020355224609375,
    0.022552490234375,
    0.0193023681640625,
    0.01885986328125,
    0.020843505859375,
    0.0198516845703125,
    0.0189208984375,
    0.018585205078125,
    0.0201873779296875,
    0.022216796875,
    0.019500732421875,
    0.01751708984375,
    0.022613525390625,
    0.022918701171875,
    0.019439697265625,
    0.0176239013671875,
    0.0227203369140625
  ],
  "max_patch_score": [
    0.35009765625,
    0.35009765625,
    0.296875,
    0.326416015625,
    0.32177734375,
    0.2369384765625,
    0.350341796875,
    0.35205078125,
    0.260498046875,
    0.36962890625,
    0.331787109375,
    0.2783203125,
    0.3271484375,
    0.3798828125,
    0.34375,
    0.33203125,
    0.365478515625,
    0.2841796875,
    0.2744140625,
    0.33203125,
    0.309326171875,
    0.306640625,
    0.321533203125,
    0.2469482421875,
    0.22607421875,
    0.2066650390625,
    0.20458984375,
    0.1968994140625,
    0.1678466796875,
    0.2462158203125,
    0.1546630859375,
    0.2607421875,
    0.153564453125,
    0.2027587890625,
    0.2174072265625,
    0.236083984375,
    0.2548828125,
    0.26953125,
    0.1956787109375,
    0.259765625,
    0.1966552734375,
    0.26904296875,
    0.1300048828125,
    0.235107421875,
    0.3359375,
    0.295166015625,
    0.29150390625,
    0.321533203125,
    0.298095703125,
    0.32861328125,
    0.30712890625,
    0.300048828125,
    0.26904296875,
    0.31689453125,
    0.3017578125,
    0.328125,
    0.3076171875,
    0.236572265625,
    0.2900390625,
    0.2083740234375,
    0.307861328125,
    0.33154296875,
    0.254150390625,
    0.297119140625,
    0.20947265625,
    0.251953125,
    0.306640625,
    0.330810546875,
    0.35107421875,
    0.313232421875,
    0.2724609375,
    0.37548828125,
    0.373291015625,
    0.28857421875,
    0.276123046875,
    0.3359375,
    0.3349609375,
    0.31201171875
  ],
  "mode": "memory"
}