{
  "semantic_scores": [
    0.402099609375,
    0.406494140625,
    0.418212890625,
    0.41357421875,
    0.43505859375,
    0.405517578125,
    0.418701171875,
    0.419677734375,
    0.394775390625,
    0.431640625,
    0.40771484375,
    0.418701171875,
    0.3984375,
    0.39990234375,
    0.40966796875,
    0.400634765625,
    0.395751953125,
    0.402099609375,
    0.402099609375,
    0.415283203125,
    0.403564453125,
    0.393798828125,
    0.3896484375,
    0.381103515625,
    0.3662109375,
    0.3681640625,
    0.36865234375,
    0.377197265625,
    0.36376953125,
    0.371826171875,
    0.368408203125,
    0.367919921875,
    0.362060546875,
    0.364990234375,
    0.35986328125,
    0.356689453125,
    0.36328125,
    0.37451171875,
    0.361083984375,
    0.38330078125,
    0.360595703125,
    0.374755859375,
    0.365234375,
    0.37353515625,
    0.3974609375,
    0.400634765625,
    0.392333984375,
    0.417724609375,
    0.400634765625,
    0.400634765625,
    0.420166015625,
    0.391357421875,
    0.382080078125,
    0.420654296875,
    0.402099609375,
    0.422607421875,
    0.393310546875,
    0.393798828125,
    0.402587890625,
    0.381591796875,
    0.408203125,
    0.42529296875,
    0.4072265625,
    0.38818359375,
    0.376708984375,
    0.3974609375,
    0.415771484375,
    0.390869140625,
    0.4140625,
    0.38525390625,
    0.38916015625,
    0.417724609375,
    0.4296875,
    0.3984375,
    0.4111328125,
    0.419189453125,
    0.42333984375,
    0.380859375
  ],
  "memory_scores": [
    0.35009765625,
    0.35009765625,
    0.296875,
    0.326416015625,
    0.32177734375,
    0.2369384765625,
    0.350341796875,
    0.35205078125,
    0.260498046875,
    0.36962890625,
    0.331787109375,
    0.2783203125,
    0.3271484375,
    0.3798828125,
    0.34375,
    0.33203125,
    0.365478515625,
    0.2841796875,
    0.2744140625,
    0.33203125,
    0.309326171875,
    0.306640625,
    0.321533203125,
    0.2469482421875,
    0.22607421875,
    0.2066650390625,
    0.20458984375,
    0.1968994140625,
    0.1678466796875,
    0.2462158203125,
    0.1546630859375,
    0.2607421875,
    0.153564453125,
    0.2027587890625,
    0.2174072265625,
    0.236083984375,
    0.2548828125,
    0.26953125,
    0.1956787109375,
    0.259765625,
    0.1966552734375,
    0.26904296875,
    0.1300048828125,
    0.235107421875,
    0.3359375,
    0.295166015625,
    0.29150390625,
    0.321533203125,
    0.298095703125,
    0.32861328125,
    0.30712890625,
    0.300048828125,
    0.26904296875,
    0.31689453125,
    0.3017578125,
    0.328125,
    0.3076171875,
    0.236572265625,
    0.2900390625,
    0.2083740234375,
    0.307861328125,
    0.33154296875,
    0.254150390625,
    0.297119140625,
    0.20947265625,
    0.251953125,
    0.306640625,
    0.330810546875,
    0.35107421875,
    0.313232421875,
    0.2724609375,
    0.37548828125,
    0.373291015625,
    0.28857421875,
    0.276123046875,
    0.3359375,
    0.3349609375,
    0.31201171875
  ],
  "semantic_meta": {
    "semantic_scores": [
      0.402099609375,
      0.406494140625,
      0.418212890625,
      0.41357421875,
      0.43505859375,
      0.405517578125,
      0.418701171875,
      0.419677734375,
      0.394775390625,
      0.431640625,
      0.40771484375,
      0.418701171875,
      0.3984375,
      0.39990234375,
      0.40966796875,
      0.400634765625,
      0.395751953125,
      0.402099609375,
      0.402099609375,
      0.415283203125,
      0.403564453125,
      0.393798828125,
      0.3896484375,
      0.381103515625,
      0.3662109375,
      0.3681640625,
      0.36865234375,
      0.377197265625,
      0.36376953125,
      0.371826171875,
      0.368408203125,
      0.367919921875
    ],
    "mode": "semantic"
  },
  "memory_meta": {
    "nn_margin": [
      0.018463134765625,
      0.0201263427734375,
      0.021484375,
      0.01885986328125,
      0.0240631103515625,
      0.02838134765625,
      0.017120361328125,
      0.018157958984375,
      0.023193359375,
      0.020294189453125,
      0.0204620361328125,
      0.02337646484375,
      0.0192108154296875,
      0.0174102783203125,
      0.018310546875,
      0.0236053466796875,
      0.0198974609375,
      0.025238037109375,
      0.0233306884765625,
      0.01837158203125,
      0.02459716796875,
      0.0189056396484375,
      0.018035888671875,
      0.0184326171875,
      0.0156402587890625,
      0.019195556640625,
      0.0218505859375,
      0.020782470703125,
      0.0252838134765625,
      0.017425537109375,
      0.025390625,
      0.0185394287109375
    ],
    "max_patch_score": [
      0.35009765625,
      0.35009765625,
      0.296875,
      0.326416015625,
      0.32177734375,
      0.2369384765625,
      0.350341796875,
      0.35205078125,
      0.260498046875,
      0.36962890625,
      0.331787109375,
      0.2783203125,
      0.3271484375,
      0.3798828125,
      0.34375,
      0.33203125,
      0.365478515625,
      0.2841796875,
      0.2744140625,
      0.33203125,
      0.309326171875,
      0.306640625,
      0.321533203125,
      0.2469482421875,
      0.22607421875,
      0.2066650390625,
      0.20458984375,
      0.1968994140625,
      0.1678466796875,
      0.2462158203125,
      0.1546630859375,
      0.2607421875
    ],
    "mode": "memory"
  },
  "mode": "max"
}