{
  "nn_margin": [
    0.0440673828125,
    0.03363037109375,
    0.0509033203125,
    0.038330078125,
    0.036376953125,
    0.03863525390625,
    0.037506103515625,
    0.03857421875,
    0.0362548828125,
    0.0443115234375,
    0.041107177734375,
    0.04144287109375,
    0.038543701171875,
    0.038726806640625,
    0.039794921875,
    0.041839599609375,
    0.038665771484375,
    0.037841796875,
    0.035888671875,
    0.037811279296875,
    0.045196533203125,
    0.037567138671875,
    0.03826904296875,
    0.033203125,
    0.038848876953125,
    0.04119873046875,
    0.036712646484375,
    0.036712646484375,
    0.038177490234375,
    0.035736083984375,
    0.037200927734375,
    0.03924560546875,
    0.036834716796875,
    0.037078857421875,
    0.040069580078125,
    0.04180908203125,
    0.0389404296875,
    0.04034423828125,
    0.03839111328125,
    0.03875732421875,
    0.0406494140625,
    0.04638671875,
    0.035888671875,
    0.037109375,
    0.036956787109375,
    0.03558349609375,
    0.039459228515625,
    0.0361328125,
    0.03875732421875,
    0.03704833984375,
    0.037139892578125,
    0.037353515625,
    0.037841796875,
    0.042938232421875,
    0.0384521484375,
    0.038330078125,
    0.03570556640625,
    0.040557861328125,
    0.039825439453125,
    0.04180908203125,
    0.04840087890625,
    0.0491943359375,
    0.03839111328125,
    0.045989990234375,
    0.0404052734375,
    0.035308837890625,
    0.038238525390625,
    0.040496826171875,
    0.039337158203125,
    0.039581298828125,
    0.03466796875,
    0.04248046875,
    0.0458984375,
    0.040435791015625,
    0.038238525390625,
    0.03485107421875,
    0.04534912109375,
    0.0379638671875,
    0.0394287109375,
    0.03570556640625,
    0.0374755859375,
    0.03973388671875,
    0.038360595703125,
    0.03619384765625,
    0.0364990234375,
    0.0369873046875,
    0.03839111328125,
    0.0355224609375,
    0.0391845703125,
    0.035858154296875,
    0.04058837890625,
    0.037872314453125,
    0.04571533203125,
    0.0389404296875,
    0.035919189453125,
    0.03387451171875,
    0.040679931640625,
    0.0374755859375,
    0.03668212890625,
    0.04388427734375,
    0.038177490234375,
    0.043701171875,
    0.037445068359375,
    0.0401611328125,
    0.037689208984375,
    0.0380859375,
    0.0382080078125,
    0.03759765625,
    0.03814697265625,
    0.0443115234375
  ],
  "max_patch_score": [
    0.3623046875,
    0.388671875,
    0.3916015625,
    0.3212890625,
    0.375244140625,
    0.3447265625,
    0.3876953125,
    0.3408203125,
    0.393798828125,
    0.312255859375,
    0.37158203125,
    0.35205078125,
    0.361328125,
    0.318603515625,
    0.33740234375,
    0.282470703125,
    0.377685546875,
    0.360595703125,
    0.352783203125,
    0.35107421875,
    0.35986328125,
    0.339599609375,
    0.341796875,
    0.3349609375,
    0.370849609375,
    0.3212890625,
    0.3515625,
    0.38623046875,
    0.368896484375,
    0.34912109375,
    0.347900390625,
    0.333984375,
    0.361083984375,
    0.314697265625,
    0.35107421875,
    0.2119140625,
    0.27197265625,
    0.24072265625,
    0.264892578125,
    0.238037109375,
    0.25341796875,
    0.21826171875,
    0.29443359375,
    0.26806640625,
    0.2470703125,
    0.28173828125,
    0.284423828125,
    0.26513671875,
    0.27197265625,
    0.281494140625,
    0.26513671875,
    0.265625,
    0.284423828125,
    0.2457275390625,
    0.26708984375,
    0.2432861328125,
    0.26611328125,
    0.292724609375,
    0.27734375,
    0.264404296875,
    0.29345703125,
    0.2279052734375,
    0.2578125,
    0.2490234375,
    0.23681640625,
    0.27294921875,
    0.281005859375,
    0.2607421875,
    0.265625,
    0.261474609375,
    0.2841796875,
    0.25390625,
    0.209228515625,
    0.289794921875,
    0.275390625,
    0.3359375,
    0.331787109375,
    0.31689453125,
    0.31396484375,
    0.33056640625,
    0.333984375,
    0.34423828125,
    0.33935546875,
    0.353271484375,
    0.34765625,
    0.3154296875,
    0.349609375,
    0.328857421875,
    0.331298828125,
    0.327880859375,
    0.330078125,
    0.2998046875,
    0.33203125,
    0.33056640625,
    0.3427734375,
    0.31591796875,
    0.326904296875,
    0.338623046875,
    0.34619140625,
    0.3271484375,
    0.34228515625,
    0.3095703125,
    0.306396484375,
    0.33349609375,
    0.33154296875,
    0.33203125,
    0.3486328125,
    0.335693359375,
    0.35986328125,
    0.326416015625
  ],
  "mode": "memory"
}