{
  "semantic_scores": [
    0.2410888671875,
    0.25341796875,
    0.259765625,
    0.229248046875,
    0.267333984375,
    0.2288818359375,
    0.307861328125,
    0.2425537109375,
    0.254638671875,
    0.230224609375,
    0.251953125,
    0.276611328125,
    0.248046875,
    0.2117919921875,
    0.2264404296875,
    0.21630859375,
    0.2454833984375,
    0.2333984375,
    0.234375,
    0.25341796875,
    0.2454833984375,
    0.2440185546875,
    0.2271728515625,
    0.232666015625,
    0.244384765625,
    0.259521484375,
    0.2191162109375,
    0.254638671875,
    0.2421875,
    0.2451171875,
    0.2489013671875,
    0.2347412109375,
    0.245849609375,
    0.2362060546875,
    0.24072265625,
    0.21533203125,
    0.2418212890625,
    0.2264404296875,
    0.2220458984375,
    0.2264404296875,
    0.229248046875,
    0.2264404296875,
    0.241455078125,
    0.218994140625,
    0.218994140625,
    0.2100830078125,
    0.2349853515625,
    0.22509765625,
    0.2239990234375,
    0.2271728515625,
    0.2298583984375,
    0.2379150390625,
    0.2490234375,
    0.2166748046875,
    0.2330322265625,
    0.2230224609375,
    0.2305908203125,
    0.2440185546875,
    0.2476806640625,
    0.23828125,
    0.2362060546875,
    0.2203369140625,
    0.228515625,
    0.2247314453125,
    0.220703125,
    0.2362060546875,
    0.2237548828125,
    0.2166748046875,
    0.222412109375,
    0.23583984375,
    0.2220458984375,
    0.222412109375,
    0.2264404296875,
    0.2247314453125,
    0.2216796875,
    0.2349853515625,
    0.249755859375,
    0.23828125,
    0.2322998046875,
    0.2430419921875,
    0.2303466796875,
    0.2386474609375,
    0.25830078125,
    0.2413330078125,
    0.253173828125,
    0.2432861328125,
    0.23583984375,
    0.23095703125,
    0.240478515625,
    0.2401123046875,
    0.245849609375,
    0.232666015625,
    0.2496337890625,
    0.2313232421875,
    0.2347412109375,
    0.240478515625,
    0.2371826171875,
    0.247314453125,
    0.2281494140625,
    0.2490234375,
    0.26025390625,
    0.251220703125,
    0.23828125,
    0.247314453125,
    0.2340087890625,
    0.2386474609375,
    0.2451171875,
    0.2418212890625,
    0.263671875,
    0.2462158203125
  ],
  "memory_scores": [
    0.3623046875,
    0.388671875,
    0.3916015625,
    0.3212890625,
    0.375244140625,
    0.3447265625,
    0.3876953125,
    0.3408203125,
    0.393798828125,
    0.312255859375,
    0.37158203125,
    0.35205078125,
    0.361328125,
    0.318603515625,
    0.33740234375,
    0.282470703125,
    0.377685546875,
    0.360595703125,
    0.352783203125,
    0.35107421875,
    0.35986328125,
    0.339599609375,
    0.341796875,
    0.3349609375,
    0.370849609375,
    0.3212890625,
    0.3515625,
    0.38623046875,
    0.368896484375,
    0.34912109375,
    0.347900390625,
    0.333984375,
    0.361083984375,
    0.314697265625,
    0.35107421875,
    0.2119140625,
    0.27197265625,
    0.24072265625,
    0.264892578125,
    0.238037109375,
    0.25341796875,
    0.21826171875,
    0.29443359375,
    0.26806640625,
    0.2470703125,
    0.28173828125,
    0.284423828125,
    0.26513671875,
    0.27197265625,
    0.281494140625,
    0.26513671875,
    0.265625,
    0.284423828125,
    0.2457275390625,
    0.26708984375,
    0.2432861328125,
    0.26611328125,
    0.292724609375,
    0.27734375,
    0.264404296875,
    0.29345703125,
    0.2279052734375,
    0.2578125,
    0.2490234375,
    0.23681640625,
    0.27294921875,
    0.281005859375,
    0.2607421875,
    0.265625,
    0.261474609375,
    0.2841796875,
    0.25390625,
    0.209228515625,
    0.289794921875,
    0.275390625,
    0.3359375,
    0.331787109375,
    0.31689453125,
    0.31396484375,
    0.33056640625,
    0.333984375,
    0.34423828125,
    0.33935546875,
    0.353271484375,
    0.34765625,
    0.3154296875,
    0.349609375,
    0.328857421875,
    0.331298828125,
    0.327880859375,
    0.330078125,
    0.2998046875,
    0.33203125,
    0.33056640625,
    0.3427734375,
    0.31591796875,
    0.326904296875,
    0.338623046875,
    0.34619140625,
    0.3271484375,
    0.34228515625,
    0.3095703125,
    0.306396484375,
    0.33349609375,
    0.33154296875,
    0.33203125,
    0.3486328125,
    0.335693359375,
    0.35986328125,
    0.326416015625
  ],
  "selections": [
    1,
    1,
    1,
    1,
    1,
    1,
    1,
    1,
    1,
    1,
    1,
    1,
    1,
    1,
    1,
    1,
    1,
    1,
    1,
    1,
    1,
    1,
    1,
    1,
    1,
    1,
    1,
    1,
    1,
    1,
    1,
    1,
    1,
    1,
    1,
    1,
    0,
    0,
    0,
    0,
    0,
    1,
    0,
    0,
    0,
    0,
    0,
    0,
    0,
    0,
    0,
    0,
    0,
    0,
    0,
    0,
    0,
    0,
    0,
    0,
    0,
    0,
    0,
    0,
    0,
    0,
    0,
    0,
    0,
    0,
    0,
    0,
    1,
    0,
    0,
    1,
    1,
    1,
    1,
    1,
    1,
    1,
    1,
    1,
    1,
    1,
    1,
    1,
    1,
    1,
    1,
    1,
    1,
    1,
    1,
    1,
    1,
    1,
    1,
    1,
    1,
    1,
    1,
    1,
    1,
    1,
    1,
    1,
    1,
    1
  ],
  "semantic_meta": {
    "semantic_scores": [
      0.2410888671875,
      0.25341796875,
      0.259765625,
      0.229248046875,
      0.267333984375,
      0.2288818359375,
      0.307861328125,
      0.2425537109375,
      0.254638671875,
      0.230224609375,
      0.251953125,
      0.276611328125,
      0.248046875,
      0.2117919921875,
      0.2264404296875,
      0.21630859375,
      0.2454833984375,
      0.2333984375,
      0.234375,
      0.25341796875,
      0.2454833984375,
      0.2440185546875,
      0.2271728515625,
      0.232666015625,
      0.244384765625,
      0.259521484375,
      0.2191162109375,
      0.254638671875,
      0.2421875,
      0.2451171875,
      0.2489013671875,
      0.2347412109375
    ],
    "mode": "semantic"
  },
  "memory_meta": {
    "nn_margin": [
      0.0440673828125,
      0.03363037109375,
      0.0509033203125,
      0.038330078125,
      0.036376953125,
      0.03863525390625,
      0.037506103515625,
      0.03857421875,
      0.0362548828125,
      0.0443115234375,
      0.041107177734375,
      0.04144287109375,
      0.038543701171875,
      0.038726806640625,
      0.039794921875,
      0.041839599609375,
      0.038665771484375,
      0.037841796875,
      0.035888671875,
      0.037811279296875,
      0.045196533203125,
      0.037567138671875,
      0.03826904296875,
      0.033203125,
      0.038848876953125,
      0.04119873046875,
      0.036712646484375,
      0.036712646484375,
      0.038177490234375,
      0.035736083984375,
      0.037200927734375,
      0.03924560546875
    ],
    "max_patch_score": [
      0.3623046875,
      0.388671875,
      0.3916015625,
      0.3212890625,
      0.375244140625,
      0.3447265625,
      0.3876953125,
      0.3408203125,
      0.393798828125,
      0.312255859375,
      0.37158203125,
      0.35205078125,
      0.361328125,
      0.318603515625,
      0.33740234375,
      0.282470703125,
      0.377685546875,
      0.360595703125,
      0.352783203125,
      0.35107421875,
      0.35986328125,
      0.339599609375,
      0.341796875,
      0.3349609375,
      0.370849609375,
      0.3212890625,
      0.3515625,
      0.38623046875,
      0.368896484375,
      0.34912109375,
      0.347900390625,
      0.333984375
    ],
    "mode": "memory"
  },
  "mode": "oracle"
}