{
  "semantic_scores": [
    0.443115234375,
    0.441162109375,
    0.443359375,
    0.45556640625,
    0.447265625,
    0.4375,
    0.44482421875,
    0.44091796875,
    0.450927734375,
    0.4453125,
    0.443603515625,
    0.453369140625,
    0.4541015625,
    0.44287109375,
    0.44482421875,
    0.47216796875,
    0.44287109375,
    0.455810546875,
    0.43505859375,
    0.416259765625,
    0.418212890625,
    0.420654296875,
    0.419189453125,
    0.41748046875,
    0.417724609375,
    0.41845703125,
    0.41455078125,
    0.419189453125,
    0.41650390625,
    0.415771484375,
    0.417724609375,
    0.417236328125,
    0.422607421875,
    0.417236328125,
    0.4189453125,
    0.420166015625,
    0.41845703125,
    0.41748046875,
    0.418212890625,
    0.418212890625,
    0.414794921875,
    0.421142578125,
    0.417724609375,
    0.41455078125,
    0.424072265625,
    0.413330078125,
    0.42138671875,
    0.414794921875,
    0.417724609375,
    0.421142578125,
    0.41748046875,
    0.448486328125,
    0.431396484375,
    0.44775390625,
    0.458251953125,
    0.46630859375,
    0.438232421875,
    0.43701171875,
    0.4716796875,
    0.46533203125,
    0.46240234375,
    0.44091796875,
    0.459228515625,
    0.4404296875,
    0.4296875,
    0.455322265625,
    0.456298828125,
    0.456787109375,
    0.448486328125,
    0.4423828125,
    0.43798828125,
    0.43701171875,
    0.43212890625,
    0.43408203125,
    0.44189453125,
    0.440185546875,
    0.441650390625,
    0.435302734375,
    0.432373046875,
    0.436279296875,
    0.447998046875,
    0.450439453125,
    0.4541015625,
    0.47119140625,
    0.4453125,
    0.45654296875,
    0.456298828125,
    0.451171875,
    0.447021484375,
    0.44140625,
    0.470947265625,
    0.466552734375,
    0.455078125,
    0.458984375,
    0.461669921875,
    0.47900390625,
    0.43701171875,
    0.439208984375,
    0.435302734375,
    0.453857421875,
    0.456787109375,
    0.45068359375,
    0.434326171875,
    0.4755859375,
    0.4736328125,
    0.474853515625,
    0.4580078125,
    0.449462890625,
    0.463134765625,
    0.4755859375,
    0.46826171875,
    0.473388671875,
    0.442138671875,
    0.4619140625,
    0.47705078125,
    0.468505859375,
    0.458251953125,
    0.47021484375,
    0.466064453125,
    0.455078125,
    0.45556640625,
    0.467041015625,
    0.460205078125,
    0.4697265625
  ],
  "memory_scores": [
    0.3798828125,
    0.3564453125,
    0.34619140625,
    0.34228515625,
    0.32861328125,
    0.350341796875,
    0.3369140625,
    0.349609375,
    0.354248046875,
    0.333984375,
    0.349365234375,
    0.3681640625,
    0.369140625,
    0.343994140625,
    0.3662109375,
    0.36962890625,
    0.338623046875,
    0.3486328125,
    0.362548828125,
    0.1695556640625,
    0.1646728515625,
    0.165771484375,
    0.31591796875,
    0.1734619140625,
    0.1673583984375,
    0.17041015625,
    0.1722412109375,
    0.1954345703125,
    0.1685791015625,
    0.163330078125,
    0.187255859375,
    0.1884765625,
    0.1868896484375,
    0.1636962890625,
    0.17822265625,
    0.159423828125,
    0.1751708984375,
    0.17578125,
    0.2000732421875,
    0.1824951171875,
    0.158935546875,
    0.1761474609375,
    0.1910400390625,
    0.16845703125,
    0.3349609375,
    0.173095703125,
    0.21875,
    0.1866455078125,
    0.166748046875,
    0.169189453125,
    0.1744384765625,
    0.387939453125,
    0.3466796875,
    0.377197265625,
    0.3671875,
    0.3505859375,
    0.36767578125,
    0.35595703125,
    0.35009765625,
    0.34814453125,
    0.357177734375,
    0.3466796875,
    0.3447265625,
    0.348388671875,
    0.31103515625,
    0.37109375,
    0.3642578125,
    0.35400390625,
    0.39697265625,
    0.3466796875,
    0.37255859375,
    0.365966796875,
    0.3388671875,
    0.3935546875,
    0.382568359375,
    0.390625,
    0.37548828125,
    0.31982421875,
    0.316650390625,
    0.32763671875,
    0.32080078125,
    0.39404296875,
    0.388671875,
    0.389404296875,
    0.330078125,
    0.380859375,
    0.369140625,
    0.37255859375,
    0.36328125,
    0.342041015625,
    0.393310546875,
    0.37451171875,
    0.36181640625,
    0.34765625,
    0.39306640625,
    0.35595703125,
    0.35693359375,
    0.3447265625,
    0.33544921875,
    0.35107421875,
    0.351806640625,
    0.31640625,
    0.35595703125,
    0.39111328125,
    0.36669921875,
    0.38134765625,
    0.349853515625,
    0.36181640625,
    0.358642578125,
    0.35302734375,
    0.38134765625,
    0.3779296875,
    0.35693359375,
    0.36279296875,
    0.36279296875,
    0.36474609375,
    0.3564453125,
    0.37890625,
    0.36083984375,
    0.36865234375,
    0.37109375,
    0.3486328125,
    0.38134765625,
    0.357421875
  ],
  "semantic_meta": {
    "semantic_scores": [
      0.443115234375,
      0.441162109375,
      0.443359375,
      0.45556640625,
      0.447265625,
      0.4375,
      0.44482421875,
      0.44091796875,
      0.450927734375,
      0.4453125,
      0.443603515625,
      0.453369140625,
      0.4541015625,
      0.44287109375,
      0.44482421875,
      0.47216796875,
      0.44287109375,
      0.455810546875,
      0.43505859375,
      0.416259765625,
      0.418212890625,
      0.420654296875,
      0.419189453125,
      0.41748046875,
      0.417724609375,
      0.41845703125,
      0.41455078125,
      0.419189453125,
      0.41650390625,
      0.415771484375,
      0.417724609375,
      0.417236328125
    ],
    "mode": "semantic"
  },
  "memory_meta": {
    "nn_margin": [
      0.0187835693359375,
      0.0181427001953125,
      0.0182342529296875,
      0.0190582275390625,
      0.019989013671875,
      0.01824951171875,
      0.0174713134765625,
      0.01910400390625,
      0.0207977294921875,
      0.018951416015625,
      0.019287109375,
      0.0185699462890625,
      0.0179443359375,
      0.0189971923828125,
      0.0193023681640625,
      0.0205841064453125,
      0.017486572265625,
      0.0192718505859375,
      0.019287109375,
      0.0189666748046875,
      0.02105712890625,
      0.0195465087890625,
      0.019683837890625,
      0.019287109375,
      0.02056884765625,
      0.0213470458984375,
      0.0201416015625,
      0.0191802978515625,
      0.0188446044921875,
      0.018402099609375,
      0.0197906494140625,
      0.0179290771484375
    ],
    "max_patch_score": [
      0.3798828125,
      0.3564453125,
      0.34619140625,
      0.34228515625,
      0.32861328125,
      0.350341796875,
      0.3369140625,
      0.349609375,
      0.354248046875,
      0.333984375,
      0.349365234375,
      0.3681640625,
      0.369140625,
      0.343994140625,
      0.3662109375,
      0.36962890625,
      0.338623046875,
      0.3486328125,
      0.362548828125,
      0.1695556640625,
      0.1646728515625,
      0.165771484375,
      0.31591796875,
      0.1734619140625,
      0.1673583984375,
      0.17041015625,
      0.1722412109375,
      0.1954345703125,
      0.1685791015625,
      0.163330078125,
      0.187255859375,
      0.1884765625
    ],
    "mode": "memory"
  },
  "mode": "harmonic"
}