{
  "semantic_scores": [
    0.2386474609375,
    0.2418212890625,
    0.251953125,
    0.25732421875,
    0.259033203125,
    0.2587890625,
    0.2294921875,
    0.2305908203125,
    0.2568359375,
    0.2490234375,
    0.25341796875,
    0.26708984375,
    0.253173828125,
    0.2462158203125,
    0.2425537109375,
    0.249755859375,
    0.2322998046875,
    0.242919921875,
    0.2418212890625,
    0.240478515625,
    0.26123046875,
    0.2451171875,
    0.2347412109375,
    0.2230224609375,
    0.2362060546875,
    0.2264404296875,
    0.251220703125,
    0.2393798828125,
    0.244384765625,
    0.235107421875,
    0.251708984375,
    0.2454833984375,
    0.2476806640625,
    0.2440185546875,
    0.2440185546875,
    0.2418212890625,
    0.2421875,
    0.2362060546875,
    0.23193359375,
    0.247314453125,
    0.24365234375,
    0.2298583984375,
    0.2371826171875,
    0.23681640625,
    0.2440185546875,
    0.240478515625,
    0.2230224609375,
    0.2247314453125,
    0.248046875,
    0.227783203125,
    0.222412109375,
    0.240478515625,
    0.2333984375,
    0.2271728515625,
    0.2337646484375,
    0.239013671875,
    0.239013671875,
    0.2418212890625,
    0.234375,
    0.2333984375,
    0.226806640625,
    0.228515625,
    0.22265625,
    0.2393798828125,
    0.222412109375,
    0.230224609375,
    0.23681640625,
    0.2462158203125,
    0.249755859375,
    0.2393798828125,
    0.2425537109375,
    0.2271728515625,
    0.248046875,
    0.2393798828125,
    0.237548828125,
    0.23974609375,
    0.235107421875,
    0.2509765625,
    0.26806640625,
    0.2486572265625,
    0.23828125,
    0.2454833984375,
    0.27197265625,
    0.240478515625,
    0.2418212890625,
    0.265380859375,
    0.2447509765625,
    0.251953125,
    0.2421875,
    0.2333984375,
    0.271240234375,
    0.2490234375,
    0.252685546875,
    0.259521484375,
    0.257568359375,
    0.265869140625,
    0.2646484375,
    0.270751953125,
    0.2587890625,
    0.264404296875,
    0.25830078125,
    0.259033203125,
    0.259765625,
    0.273681640625,
    0.26123046875,
    0.269775390625,
    0.253173828125,
    0.251708984375,
    0.280517578125,
    0.26806640625,
    0.2724609375,
    0.2685546875,
    0.275146484375,
    0.25732421875,
    0.288330078125
  ],
  "memory_scores": [
    0.315185546875,
    0.342529296875,
    0.36669921875,
    0.369140625,
    0.3330078125,
    0.342529296875,
    0.3408203125,
    0.332763671875,
    0.34765625,
    0.349365234375,
    0.314208984375,
    0.3349609375,
    0.302734375,
    0.353515625,
    0.39111328125,
    0.321044921875,
    0.35009765625,
    0.334228515625,
    0.336181640625,
    0.345947265625,
    0.3427734375,
    0.349365234375,
    0.2322998046875,
    0.28271484375,
    0.2841796875,
    0.2802734375,
    0.30615234375,
    0.308837890625,
    0.29541015625,
    0.31591796875,
    0.354736328125,
    0.300048828125,
    0.290283203125,
    0.33447265625,
    0.299072265625,
    0.30419921875,
    0.2841796875,
    0.311767578125,
    0.33544921875,
    0.3349609375,
    0.3173828125,
    0.3193359375,
    0.279296875,
    0.302490234375,
    0.3291015625,
    0.26318359375,
    0.2384033203125,
    0.23974609375,
    0.2548828125,
    0.275146484375,
    0.2384033203125,
    0.2529296875,
    0.25146484375,
    0.23388671875,
    0.26953125,
    0.26171875,
    0.25439453125,
    0.272705078125,
    0.25390625,
    0.25830078125,
    0.2391357421875,
    0.2261962890625,
    0.2474365234375,
    0.2744140625,
    0.2098388671875,
    0.25830078125,
    0.2498779296875,
    0.34423828125,
    0.34033203125,
    0.321533203125,
    0.32763671875,
    0.313720703125,
    0.346923828125,
    0.3095703125,
    0.271484375,
    0.296875,
    0.3359375,
    0.33447265625,
    0.317626953125,
    0.32373046875,
    0.3232421875,
    0.33740234375,
    0.33056640625,
    0.335693359375,
    0.3466796875,
    0.330078125,
    0.30712890625,
    0.365234375,
    0.32470703125,
    0.31396484375,
    0.33447265625,
    0.353515625,
    0.3095703125,
    0.29736328125,
    0.29931640625,
    0.30810546875,
    0.2900390625,
    0.30615234375,
    0.29443359375,
    0.300048828125,
    0.2919921875,
    0.30810546875,
    0.30419921875,
    0.295654296875,
    0.2763671875,
    0.28955078125,
    0.30078125,
    0.285400390625,
    0.3173828125,
    0.298828125,
    0.29638671875,
    0.303955078125,
    0.294921875,
    0.2744140625,
    0.305419921875
  ],
  "semantic_meta": {
    "semantic_scores": [
      0.2386474609375,
      0.2418212890625,
      0.251953125,
      0.25732421875,
      0.259033203125,
      0.2587890625,
      0.2294921875,
      0.2305908203125,
      0.2568359375,
      0.2490234375,
      0.25341796875,
      0.26708984375,
      0.253173828125,
      0.2462158203125,
      0.2425537109375,
      0.249755859375,
      0.2322998046875,
      0.242919921875,
      0.2418212890625,
      0.240478515625,
      0.26123046875,
      0.2451171875,
      0.2347412109375,
      0.2230224609375,
      0.2362060546875,
      0.2264404296875,
      0.251220703125,
      0.2393798828125,
      0.244384765625,
      0.235107421875,
      0.251708984375,
      0.2454833984375
    ],
    "mode": "semantic"
  },
  "memory_meta": {
    "nn_margin": [
      0.05145263671875,
      0.0657958984375,
      0.059783935546875,
      0.093505859375,
      0.05419921875,
      0.04766845703125,
      0.0771484375,
      0.0762939453125,
      0.050384521484375,
      0.04864501953125,
      0.050750732421875,
      0.052215576171875,
      0.06597900390625,
      0.052642822265625,
      0.06298828125,
      0.0496826171875,
      0.0760498046875,
      0.057861328125,
      0.048370361328125,
      0.05987548828125,
      0.0526123046875,
      0.05084228515625,
      0.06646728515625,
      0.06658935546875,
      0.05511474609375,
      0.069580078125,
      0.050506591796875,
      0.05975341796875,
      0.059814453125,
      0.07049560546875,
      0.06512451171875,
      0.054107666015625
    ],
    "max_patch_score": [
      0.315185546875,
      0.342529296875,
      0.36669921875,
      0.369140625,
      0.3330078125,
      0.342529296875,
      0.3408203125,
      0.332763671875,
      0.34765625,
      0.349365234375,
      0.314208984375,
      0.3349609375,
      0.302734375,
      0.353515625,
      0.39111328125,
      0.321044921875,
      0.35009765625,
      0.334228515625,
      0.336181640625,
      0.345947265625,
      0.3427734375,
      0.349365234375,
      0.2322998046875,
      0.28271484375,
      0.2841796875,
      0.2802734375,
      0.30615234375,
      0.308837890625,
      0.29541015625,
      0.31591796875,
      0.354736328125,
      0.300048828125
    ],
    "mode": "memory"
  },
  "mode": "max"
}