{
  "semantic_scores": [
    0.49169921875,
    0.49658203125,
    0.4814453125,
    0.48974609375,
    0.48876953125,
    0.49658203125,
    0.4775390625,
    0.50341796875,
    0.48486328125,
    0.482421875,
    0.4892578125,
    0.494140625,
    0.48095703125,
    0.498291015625,
    0.49365234375,
    0.4921875,
    0.4794921875,
    0.48291015625,
    0.440185546875,
    0.4345703125,
    0.43115234375,
    0.43505859375,
    0.42529296875,
    0.435546875,
    0.437255859375,
    0.42919921875,
    0.4267578125,
    0.43212890625,
    0.43359375,
    0.43212890625,
    0.42724609375,
    0.43115234375,
    0.438232421875,
    0.435791015625,
    0.43115234375,
    0.444091796875,
    0.43505859375,
    0.427734375,
    0.428955078125,
    0.4306640625,
    0.428955078125,
    0.4306640625,
    0.4326171875,
    0.4345703125,
    0.439697265625,
    0.43115234375,
    0.4306640625,
    0.427001953125,
    0.4267578125,
    0.4306640625,
    0.43359375,
    0.4970703125,
    0.498046875,
    0.50244140625,
    0.51611328125,
    0.51611328125,
    0.4814453125,
    0.50732421875,
    0.515625,
    0.50439453125,
    0.4921875,
    0.52001953125,
    0.49462890625,
    0.50830078125,
    0.49560546875,
    0.5166015625,
    0.52001953125,
    0.49853515625,
    0.454833984375,
    0.450927734375,
    0.453857421875,
    0.4677734375,
    0.4677734375,
    0.452880859375,
    0.4638671875,
    0.48681640625,
    0.46337890625,
    0.4609375,
    0.48095703125,
    0.45751953125,
    0.441650390625,
    0.466796875,
    0.47705078125,
    0.45703125,
    0.5009765625,
    0.505859375,
    0.48046875,
    0.48974609375,
    0.50048828125,
    0.4814453125,
    0.5009765625,
    0.4677734375,
    0.505859375,
    0.46728515625,
    0.47705078125,
    0.48388671875,
    0.50732421875,
    0.490234375,
    0.47998046875,
    0.48193359375,
    0.48388671875,
    0.50732421875,
    0.46728515625,
    0.48046875,
    0.4580078125,
    0.46826171875,
    0.455078125,
    0.4609375,
    0.452880859375,
    0.45751953125,
    0.47705078125,
    0.47607421875,
    0.478515625,
    0.4638671875,
    0.450927734375,
    0.48583984375,
    0.452880859375
  ],
  "memory_scores": [
    0.377197265625,
    0.358154296875,
    0.361328125,
    0.368896484375,
    0.3564453125,
    0.3603515625,
    0.33056640625,
    0.34912109375,
    0.3662109375,
    0.335693359375,
    0.3740234375,
    0.364501953125,
    0.38037109375,
    0.359619140625,
    0.34814453125,
    0.36181640625,
    0.341796875,
    0.3408203125,
    0.29443359375,
    0.27587890625,
    0.22216796875,
    0.2371826171875,
    0.222900390625,
    0.22509765625,
    0.25341796875,
    0.2113037109375,
    0.20947265625,
    0.2376708984375,
    0.2198486328125,
    0.27978515625,
    0.2266845703125,
    0.27099609375,
    0.2978515625,
    0.29296875,
    0.29248046875,
    0.296142578125,
    0.29345703125,
    0.2218017578125,
    0.225341796875,
    0.224609375,
    0.2239990234375,
    0.267578125,
    0.264404296875,
    0.2225341796875,
    0.2568359375,
    0.251220703125,
    0.26025390625,
    0.28369140625,
    0.2083740234375,
    0.21728515625,
    0.26611328125,
    0.353515625,
    0.37158203125,
    0.359130859375,
    0.36279296875,
    0.34912109375,
    0.3388671875,
    0.371826171875,
    0.3466796875,
    0.36376953125,
    0.34765625,
    0.39892578125,
    0.3427734375,
    0.34912109375,
    0.347412109375,
    0.36279296875,
    0.341552734375,
    0.36474609375,
    0.294189453125,
    0.28759765625,
    0.2880859375,
    0.314453125,
    0.30859375,
    0.283935546875,
    0.298095703125,
    0.317626953125,
    0.299072265625,
    0.30078125,
    0.3115234375,
    0.2763671875,
    0.261962890625,
    0.345947265625,
    0.311279296875,
    0.30322265625,
    0.36572265625,
    0.366943359375,
    0.3359375,
    0.351806640625,
    0.39697265625,
    0.3486328125,
    0.37109375,
    0.34912109375,
    0.3916015625,
    0.37890625,
    0.34521484375,
    0.38134765625,
    0.37841796875,
    0.36376953125,
    0.34814453125,
    0.3603515625,
    0.3486328125,
    0.384765625,
    0.32666015625,
    0.338134765625,
    0.31005859375,
    0.31494140625,
    0.33349609375,
    0.2939453125,
    0.320556640625,
    0.319091796875,
    0.35107421875,
    0.32958984375,
    0.343994140625,
    0.35107421875,
    0.308349609375,
    0.33203125,
    0.310546875
  ],
  "semantic_meta": {
    "semantic_scores": [
      0.49169921875,
      0.49658203125,
      0.4814453125,
      0.48974609375,
      0.48876953125,
      0.49658203125,
      0.4775390625,
      0.50341796875,
      0.48486328125,
      0.482421875,
      0.4892578125,
      0.494140625,
      0.48095703125,
      0.498291015625,
      0.49365234375,
      0.4921875,
      0.4794921875,
      0.48291015625,
      0.440185546875,
      0.4345703125,
      0.43115234375,
      0.43505859375,
      0.42529296875,
      0.435546875,
      0.437255859375,
      0.42919921875,
      0.4267578125,
      0.43212890625,
      0.43359375,
      0.43212890625,
      0.42724609375,
      0.43115234375
    ],
    "mode": "semantic"
  },
  "memory_meta": {
    "nn_margin": [
      0.0193634033203125,
      0.018157958984375,
      0.0201263427734375,
      0.01837158203125,
      0.0187835693359375,
      0.018280029296875,
      0.019744873046875,
      0.018829345703125,
      0.018768310546875,
      0.0201263427734375,
      0.0185394287109375,
      0.0191802978515625,
      0.019256591796875,
      0.0195159912109375,
      0.0194091796875,
      0.0195770263671875,
      0.02191162109375,
      0.0220794677734375,
      0.0195770263671875,
      0.02020263671875,
      0.020965576171875,
      0.021942138671875,
      0.0203094482421875,
      0.01947021484375,
      0.022674560546875,
      0.021697998046875,
      0.0206451416015625,
      0.0208740234375,
      0.02044677734375,
      0.02044677734375,
      0.021697998046875,
      0.020294189453125
    ],
    "max_patch_score": [
      0.377197265625,
      0.358154296875,
      0.361328125,
      0.368896484375,
      0.3564453125,
      0.3603515625,
      0.33056640625,
      0.34912109375,
      0.3662109375,
      0.335693359375,
      0.3740234375,
      0.364501953125,
      0.38037109375,
      0.359619140625,
      0.34814453125,
      0.36181640625,
      0.341796875,
      0.3408203125,
      0.29443359375,
      0.27587890625,
      0.22216796875,
      0.2371826171875,
      0.222900390625,
      0.22509765625,
      0.25341796875,
      0.2113037109375,
      0.20947265625,
      0.2376708984375,
      0.2198486328125,
      0.27978515625,
      0.2266845703125,
      0.27099609375
    ],
    "mode": "memory"
  },
  "mode": "harmonic"
}