{
  "nn_margin": [
    0.0758056640625,
    0.0789794921875,
    0.0704345703125,
    0.06658935546875,
    0.0697021484375,
    0.0645751953125,
    0.07464599609375,
    0.0736083984375,
    0.06695556640625,
    0.06573486328125,
    0.06781005859375,
    0.0753173828125,
    0.06976318359375,
    0.0858154296875,
    0.06854248046875,
    0.06988525390625,
    0.075927734375,
    0.07037353515625,
    0.082763671875,
    0.08062744140625,
    0.085693359375,
    0.0999755859375,
    0.068603515625,
    0.087890625,
    0.07757568359375,
    0.07659912109375,
    0.0806884765625,
    0.090087890625,
    0.08099365234375,
    0.07025146484375,
    0.0780029296875,
    0.09320068359375,
    0.09368896484375,
    0.080810546875,
    0.1103515625,
    0.091552734375,
    0.07672119140625,
    0.078857421875,
    0.0882568359375,
    0.09503173828125,
    0.073486328125,
    0.082763671875
  ],
  "max_patch_score": [
    0.35546875,
    0.29541015625,
    0.31591796875,
    0.293701171875,
    0.33056640625,
    0.33984375,
    0.328857421875,
    0.31396484375,
    0.3603515625,
    0.33837890625,
    0.35498046875,
    0.30029296875,
    0.327880859375,
    0.298095703125,
    0.31982421875,
    0.349609375,
    0.344970703125,
    0.386962890625,
    0.26025390625,
    0.35400390625,
    0.268798828125,
    0.306884765625,
    0.330322265625,
    0.33349609375,
    0.2294921875,
    0.3359375,
    0.34228515625,
    0.2366943359375,
    0.28076171875,
    0.31640625,
    0.2666015625,
    0.242919921875,
    0.2103271484375,
    0.241455078125,
    0.182373046875,
    0.189697265625,
    0.2705078125,
    0.2685546875,
    0.26171875,
    0.165283203125,
    0.26904296875,
    0.25732421875
  ],
  "mode": "memory"
}