{
  "semantic_scores": [
    0.447265625,
    0.458984375,
    0.447265625,
    0.4443359375,
    0.453369140625,
    0.447021484375,
    0.449462890625,
    0.445068359375,
    0.4453125,
    0.436767578125,
    0.449462890625,
    0.45458984375,
    0.44189453125,
    0.451416015625,
    0.44873046875,
    0.45751953125,
    0.451904296875,
    0.448486328125,
    0.442626953125,
    0.446533203125,
    0.444091796875,
    0.4541015625,
    0.45263671875,
    0.448974609375,
    0.4521484375,
    0.4501953125,
    0.449951171875,
    0.455078125,
    0.449951171875,
    0.4501953125,
    0.4501953125,
    0.4482421875,
    0.448486328125,
    0.4541015625,
    0.44921875,
    0.4560546875,
    0.459228515625,
    0.446044921875,
    0.451171875,
    0.453369140625,
    0.45166015625,
    0.447998046875,
    0.46630859375,
    0.44482421875,
    0.45458984375,
    0.445556640625,
    0.447998046875,
    0.44775390625,
    0.44677734375,
    0.4501953125,
    0.455078125,
    0.44384765625,
    0.451171875,
    0.448974609375,
    0.4482421875,
    0.455322265625,
    0.45703125,
    0.450439453125,
    0.45166015625,
    0.457763671875,
    0.450927734375,
    0.465087890625,
    0.45458984375,
    0.457275390625,
    0.46484375,
    0.453369140625,
    0.456298828125,
    0.461669921875,
    0.461669921875,
    0.462890625,
    0.45654296875,
    0.4482421875,
    0.448974609375,
    0.456298828125,
    0.45947265625,
    0.45751953125,
    0.460205078125,
    0.468017578125,
    0.458251953125,
    0.459716796875,
    0.465576171875,
    0.464111328125,
    0.46728515625,
    0.47265625,
    0.471435546875,
    0.476318359375,
    0.470458984375,
    0.479248046875,
    0.47314453125,
    0.463134765625,
    0.458740234375,
    0.452880859375,
    0.456298828125,
    0.46142578125,
    0.4638671875,
    0.451904296875,
    0.455322265625,
    0.45751953125,
    0.455078125,
    0.46240234375
  ],
  "memory_scores": [
    0.26318359375,
    0.288330078125,
    0.30419921875,
    0.28515625,
    0.26513671875,
    0.259033203125,
    0.251953125,
    0.25732421875,
    0.25439453125,
    0.2880859375,
    0.26513671875,
    0.2386474609375,
    0.291748046875,
    0.25537109375,
    0.292724609375,
    0.31787109375,
    0.19287109375,
    0.28759765625,
    0.27978515625,
    0.28271484375,
    0.265625,
    0.2666015625,
    0.2425537109375,
    0.28369140625,
    0.26904296875,
    0.27587890625,
    0.272705078125,
    0.273681640625,
    0.20263671875,
    0.257568359375,
    0.269287109375,
    0.28271484375,
    0.2568359375,
    0.287109375,
    0.275390625,
    0.29052734375,
    0.26318359375,
    0.27001953125,
    0.2420654296875,
    0.239013671875,
    0.2484130859375,
    0.25341796875,
    0.21826171875,
    0.254638671875,
    0.259033203125,
    0.26171875,
    0.2451171875,
    0.239990234375,
    0.299560546875,
    0.25048828125,
    0.2325439453125,
    0.26123046875,
    0.2548828125,
    0.270751953125,
    0.251220703125,
    0.28564453125,
    0.269775390625,
    0.218017578125,
    0.277099609375,
    0.238525390625,
    0.30322265625,
    0.3154296875,
    0.2861328125,
    0.302001953125,
    0.2890625,
    0.281494140625,
    0.280517578125,
    0.3251953125,
    0.299072265625,
    0.301513671875,
    0.25341796875,
    0.2427978515625,
    0.2685546875,
    0.32177734375,
    0.284423828125,
    0.266845703125,
    0.257568359375,
    0.2900390625,
    0.244140625,
    0.26513671875,
    0.2587890625,
    0.270751953125,
    0.266357421875,
    0.30810546875,
    0.321044921875,
    0.314453125,
    0.2744140625,
    0.307861328125,
    0.3388671875,
    0.28173828125,
    0.2783203125,
    0.2430419921875,
    0.2568359375,
    0.2734375,
    0.2978515625,
    0.2509765625,
    0.26123046875,
    0.254150390625,
    0.237060546875,
    0.2607421875
  ],
  "semantic_meta": {
    "semantic_scores": [
      0.447265625,
      0.458984375,
      0.447265625,
      0.4443359375,
      0.453369140625,
      0.447021484375,
      0.449462890625,
      0.445068359375,
      0.4453125,
      0.436767578125,
      0.449462890625,
      0.45458984375,
      0.44189453125,
      0.451416015625,
      0.44873046875,
      0.45751953125,
      0.451904296875,
      0.448486328125,
      0.442626953125,
      0.446533203125,
      0.444091796875,
      0.4541015625,
      0.45263671875,
      0.448974609375,
      0.4521484375,
      0.4501953125,
      0.449951171875,
      0.455078125,
      0.449951171875,
      0.4501953125,
      0.4501953125,
      0.4482421875
    ],
    "mode": "semantic"
  },
  "memory_meta": {
    "nn_margin": [
      0.0677490234375,
      0.0546875,
      0.049072265625,
      0.05828857421875,
      0.056396484375,
      0.0579833984375,
      0.05657958984375,
      0.05194091796875,
      0.05926513671875,
      0.05242919921875,
      0.04107666015625,
      0.06524658203125,
      0.0538330078125,
      0.05609130859375,
      0.055816650390625,
      0.0648193359375,
      0.08837890625,
      0.0732421875,
      0.0526123046875,
      0.039520263671875,
      0.05633544921875,
      0.053985595703125,
      0.0693359375,
      0.0546875,
      0.0595703125,
      0.05255126953125,
      0.05853271484375,
      0.058135986328125,
      0.105224609375,
      0.060577392578125,
      0.06195068359375,
      0.07965087890625
    ],
    "max_patch_score": [
      0.26318359375,
      0.288330078125,
      0.30419921875,
      0.28515625,
      0.26513671875,
      0.259033203125,
      0.251953125,
      0.25732421875,
      0.25439453125,
      0.2880859375,
      0.26513671875,
      0.2386474609375,
      0.291748046875,
      0.25537109375,
      0.292724609375,
      0.31787109375,
      0.19287109375,
      0.28759765625,
      0.27978515625,
      0.28271484375,
      0.265625,
      0.2666015625,
      0.2425537109375,
      0.28369140625,
      0.26904296875,
      0.27587890625,
      0.272705078125,
      0.273681640625,
      0.20263671875,
      0.257568359375,
      0.269287109375,
      0.28271484375
    ],
    "mode": "memory"
  },
  "mode": "max"
}