{
  "nn_margin": [
    0.0677490234375,
    0.0546875,
    0.049072265625,
    0.05828857421875,
    0.056396484375,
    0.0579833984375,
    0.05657958984375,
    0.05194091796875,
    0.05926513671875,
    0.05242919921875,
    0.04107666015625,
    0.06524658203125,
    0.0538330078125,
    0.05609130859375,
    0.055816650390625,
    0.0648193359375,
    0.08837890625,
    0.0732421875,
    0.0526123046875,
    0.039520263671875,
    0.05633544921875,
    0.053985595703125,
    0.0693359375,
    0.0546875,
    0.0595703125,
    0.05255126953125,
    0.05853271484375,
    0.058135986328125,
    0.105224609375,
    0.060577392578125,
    0.06195068359375,
    0.07965087890625,
    0.044219970703125,
    0.05145263671875,
    0.0526123046875,
    0.07177734375,
    0.0557861328125,
    0.056610107421875,
    0.05682373046875,
    0.049560546875,
    0.05078125,
    0.0572509765625,
    0.06622314453125,
    0.048004150390625,
    0.0467529296875,
    0.046875,
    0.047454833984375,
    0.071533203125,
    0.050933837890625,
    0.07977294921875,
    0.059814453125,
    0.03790283203125,
    0.05908203125,
    0.0567626953125,
    0.05633544921875,
    0.04461669921875,
    0.0494384765625,
    0.07012939453125,
    0.056396484375,
    0.09588623046875,
    0.06298828125,
    0.0614013671875,
    0.06182861328125,
    0.053070068359375,
    0.0626220703125,
    0.05419921875,
    0.0615234375,
    0.0555419921875,
    0.040771484375,
    0.0516357421875,
    0.0538330078125,
    0.06182861328125,
    0.0712890625,
    0.0543212890625,
    0.0496826171875,
    0.050262451171875,
    0.0509033203125,
    0.0771484375,
    0.08038330078125,
    0.050750732421875,
    0.044891357421875,
    0.0321044921875,
    0.041259765625,
    0.043670654296875,
    0.04315185546875,
    0.038238525390625,
    0.04046630859375,
    0.0316162109375,
    0.03070068359375,
    0.042510986328125,
    0.06427001953125,
    0.07611083984375,
    0.054931640625,
    0.05609130859375,
    0.04998779296875,
    0.0677490234375,
    0.052764892578125,
    0.053314208984375,
    0.0513916015625,
    0.053009033203125
  ],
  "max_patch_score": [
    0.26318359375,
    0.288330078125,
    0.30419921875,
    0.28515625,
    0.26513671875,
    0.259033203125,
    0.251953125,
    0.25732421875,
    0.25439453125,
    0.2880859375,
    0.26513671875,
    0.2386474609375,
    0.291748046875,
    0.25537109375,
    0.292724609375,
    0.31787109375,
    0.19287109375,
    0.28759765625,
    0.27978515625,
    0.28271484375,
    0.265625,
    0.2666015625,
    0.2425537109375,
    0.28369140625,
    0.26904296875,
    0.27587890625,
    0.272705078125,
    0.273681640625,
    0.20263671875,
    0.257568359375,
    0.269287109375,
    0.28271484375,
    0.2568359375,
    0.287109375,
    0.275390625,
    0.29052734375,
    0.26318359375,
    0.27001953125,
    0.2420654296875,
    0.239013671875,
    0.2484130859375,
    0.25341796875,
    0.21826171875,
    0.254638671875,
    0.259033203125,
    0.26171875,
    0.2451171875,
    0.239990234375,
    0.299560546875,
    0.25048828125,
    0.2325439453125,
    0.26123046875,
    0.2548828125,
    0.270751953125,
    0.251220703125,
    0.28564453125,
    0.269775390625,
    0.218017578125,
    0.277099609375,
    0.238525390625,
    0.30322265625,
    0.3154296875,
    0.2861328125,
    0.302001953125,
    0.2890625,
    0.281494140625,
    0.280517578125,
    0.3251953125,
    0.299072265625,
    0.301513671875,
    0.25341796875,
    0.2427978515625,
    0.2685546875,
    0.32177734375,
    0.284423828125,
    0.266845703125,
    0.257568359375,
    0.2900390625,
    0.244140625,
    0.26513671875,
    0.2587890625,
    0.270751953125,
    0.266357421875,
    0.30810546875,
    0.321044921875,
    0.314453125,
    0.2744140625,
    0.307861328125,
    0.3388671875,
    0.28173828125,
    0.2783203125,
    0.2430419921875,
    0.2568359375,
    0.2734375,
    0.2978515625,
    0.2509765625,
    0.26123046875,
    0.254150390625,
    0.237060546875,
    0.2607421875
  ],
  "mode": "memory"
}