{
  "semantic_scores": [
    0.28369140625,
    0.326904296875,
    0.30078125,
    0.302490234375,
    0.284912109375,
    0.27587890625,
    0.3173828125,
    0.310302734375,
    0.260986328125,
    0.255126953125,
    0.302001953125,
    0.2509765625,
    0.279541015625,
    0.29736328125,
    0.247314453125,
    0.3212890625,
    0.292236328125,
    0.260986328125,
    0.29248046875,
    0.281494140625,
    0.282470703125,
    0.263916015625,
    0.27978515625,
    0.289306640625,
    0.27001953125,
    0.2548828125,
    0.272705078125,
    0.287841796875,
    0.260498046875,
    0.2978515625,
    0.304443359375,
    0.302490234375,
    0.267333984375,
    0.29541015625,
    0.27978515625,
    0.260498046875,
    0.28369140625,
    0.262939453125,
    0.27978515625,
    0.2286376953125,
    0.22900390625,
    0.244873046875,
    0.2379150390625,
    0.2490234375,
    0.2425537109375,
    0.2427978515625,
    0.2413330078125,
    0.240478515625,
    0.2239990234375,
    0.2452392578125,
    0.258056640625,
    0.237060546875,
    0.2198486328125,
    0.2481689453125,
    0.2271728515625,
    0.240478515625,
    0.226318359375,
    0.22900390625,
    0.27783203125,
    0.30126953125,
    0.285400390625,
    0.26513671875,
    0.25244140625,
    0.299560546875,
    0.26171875,
    0.30322265625,
    0.30322265625,
    0.310791015625,
    0.33203125,
    0.30810546875,
    0.30078125,
    0.31689453125,
    0.30322265625,
    0.294677734375,
    0.30908203125,
    0.328125,
    0.3203125,
    0.2763671875,
    0.345458984375
  ],
  "memory_scores": [
    0.3291015625,
    0.34521484375,
    0.35546875,
    0.36767578125,
    0.3212890625,
    0.33544921875,
    0.3359375,
    0.3466796875,
    0.333984375,
    0.2313232421875,
    0.35107421875,
    0.3369140625,
    0.33349609375,
    0.348388671875,
    0.26611328125,
    0.359375,
    0.3505859375,
    0.358642578125,
    0.3486328125,
    0.338134765625,
    0.336669921875,
    0.34375,
    0.34716796875,
    0.357177734375,
    0.32666015625,
    0.3134765625,
    0.35205078125,
    0.342529296875,
    0.33056640625,
    0.406982421875,
    0.397216796875,
    0.3212890625,
    0.33349609375,
    0.289794921875,
    0.251708984375,
    0.28759765625,
    0.33447265625,
    0.310302734375,
    0.3544921875,
    0.2144775390625,
    0.2083740234375,
    0.2861328125,
    0.237548828125,
    0.2802734375,
    0.251708984375,
    0.237060546875,
    0.240234375,
    0.2298583984375,
    0.2183837890625,
    0.2607421875,
    0.3076171875,
    0.264404296875,
    0.224365234375,
    0.2174072265625,
    0.2069091796875,
    0.2330322265625,
    0.2005615234375,
    0.240234375,
    0.3466796875,
    0.38037109375,
    0.33837890625,
    0.32421875,
    0.33349609375,
    0.33447265625,
    0.33056640625,
    0.35302734375,
    0.3701171875,
    0.36767578125,
    0.35302734375,
    0.380615234375,
    0.332763671875,
    0.3896484375,
    0.38671875,
    0.33544921875,
    0.361328125,
    0.37841796875,
    0.3642578125,
    0.39013671875,
    0.36669921875
  ],
  "semantic_meta": {
    "semantic_scores": [
      0.28369140625,
      0.326904296875,
      0.30078125,
      0.302490234375,
      0.284912109375,
      0.27587890625,
      0.3173828125,
      0.310302734375,
      0.260986328125,
      0.255126953125,
      0.302001953125,
      0.2509765625,
      0.279541015625,
      0.29736328125,
      0.247314453125,
      0.3212890625,
      0.292236328125,
      0.260986328125,
      0.29248046875,
      0.281494140625,
      0.282470703125,
      0.263916015625,
      0.27978515625,
      0.289306640625,
      0.27001953125,
      0.2548828125,
      0.272705078125,
      0.287841796875,
      0.260498046875,
      0.2978515625,
      0.304443359375,
      0.302490234375
    ],
    "mode": "semantic"
  },
  "memory_meta": {
    "nn_margin": [
      0.022613525390625,
      0.0215606689453125,
      0.02301025390625,
      0.023895263671875,
      0.0213623046875,
      0.0220947265625,
      0.02398681640625,
      0.0232391357421875,
      0.02264404296875,
      0.022216796875,
      0.0238037109375,
      0.02471923828125,
      0.0216064453125,
      0.022491455078125,
      0.023223876953125,
      0.0242919921875,
      0.023101806640625,
      0.0226287841796875,
      0.02239990234375,
      0.022735595703125,
      0.022979736328125,
      0.0243988037109375,
      0.0212249755859375,
      0.022674560546875,
      0.0240020751953125,
      0.02001953125,
      0.0214996337890625,
      0.0223236083984375,
      0.0211029052734375,
      0.0234375,
      0.021209716796875,
      0.0249786376953125
    ],
    "max_patch_score": [
      0.3291015625,
      0.34521484375,
      0.35546875,
      0.36767578125,
      0.3212890625,
      0.33544921875,
      0.3359375,
      0.3466796875,
      0.333984375,
      0.2313232421875,
      0.35107421875,
      0.3369140625,
      0.33349609375,
      0.348388671875,
      0.26611328125,
      0.359375,
      0.3505859375,
      0.358642578125,
      0.3486328125,
      0.338134765625,
      0.336669921875,
      0.34375,
      0.34716796875,
      0.357177734375,
      0.32666015625,
      0.3134765625,
      0.35205078125,
      0.342529296875,
      0.33056640625,
      0.406982421875,
      0.397216796875,
      0.3212890625
    ],
    "mode": "memory"
  },
  "mode": "max"
}