{
  "nn_margin": [
    0.022613525390625,
    0.0215606689453125,
    0.02301025390625,
    0.023895263671875,
    0.0213623046875,
    0.0220947265625,
    0.02398681640625,
    0.0232391357421875,
    0.02264404296875,
    0.022216796875,
    0.0238037109375,
    0.02471923828125,
    0.0216064453125,
    0.022491455078125,
    0.023223876953125,
    0.0242919921875,
    0.023101806640625,
    0.0226287841796875,
    0.02239990234375,
    0.022735595703125,
    0.022979736328125,
    0.0243988037109375,
    0.0212249755859375,
    0.022674560546875,
    0.0240020751953125,
    0.02001953125,
    0.0214996337890625,
    0.0223236083984375,
    0.0211029052734375,
    0.0234375,
    0.021209716796875,
    0.0249786376953125,
    0.02227783203125,
    0.0208282470703125,
    0.02166748046875,
    0.0224761962890625,
    0.023681640625,
    0.02239990234375,
    0.0233154296875,
    0.02374267578125,
    0.02294921875,
    0.021209716796875,
    0.0218505859375,
    0.0233306884765625,
    0.023529052734375,
    0.0220184326171875,
    0.021636962890625,
    0.0236053466796875,
    0.023590087890625,
    0.0225830078125,
    0.022552490234375,
    0.023040771484375,
    0.0211029052734375,
    0.024383544921875,
    0.0218963623046875,
    0.020965576171875,
    0.0222320556640625,
    0.024078369140625,
    0.022613525390625,
    0.021881103515625,
    0.0218505859375,
    0.023101806640625,
    0.024139404296875,
    0.02508544921875,
    0.0241546630859375,
    0.02178955078125,
    0.021636962890625,
    0.0226593017578125,
    0.021881103515625,
    0.0223388671875,
    0.0245361328125,
    0.0209197998046875,
    0.0222320556640625,
    0.0225830078125,
    0.0209503173828125,
    0.020599365234375,
    0.021881103515625,
    0.02362060546875,
    0.022705078125
  ],
  "max_patch_score": [
    0.3291015625,
    0.34521484375,
    0.35546875,
    0.36767578125,
    0.3212890625,
    0.33544921875,
    0.3359375,
    0.3466796875,
    0.333984375,
    0.2313232421875,
    0.35107421875,
    0.3369140625,
    0.33349609375,
    0.348388671875,
    0.26611328125,
    0.359375,
    0.3505859375,
    0.358642578125,
    0.3486328125,
    0.338134765625,
    0.336669921875,
    0.34375,
    0.34716796875,
    0.357177734375,
    0.32666015625,
    0.3134765625,
    0.35205078125,
    0.342529296875,
    0.33056640625,
    0.406982421875,
    0.397216796875,
    0.3212890625,
    0.33349609375,
    0.289794921875,
    0.251708984375,
    0.28759765625,
    0.33447265625,
    0.310302734375,
    0.3544921875,
    0.2144775390625,
    0.2083740234375,
    0.2861328125,
    0.237548828125,
    0.2802734375,
    0.251708984375,
    0.237060546875,
    0.240234375,
    0.2298583984375,
    0.2183837890625,
    0.2607421875,
    0.3076171875,
    0.264404296875,
    0.224365234375,
    0.2174072265625,
    0.2069091796875,
    0.2330322265625,
    0.2005615234375,
    0.240234375,
    0.3466796875,
    0.38037109375,
    0.33837890625,
    0.32421875,
    0.33349609375,
    0.33447265625,
    0.33056640625,
    0.35302734375,
    0.3701171875,
    0.36767578125,
    0.35302734375,
    0.380615234375,
    0.332763671875,
    0.3896484375,
    0.38671875,
    0.33544921875,
    0.361328125,
    0.37841796875,
    0.3642578125,
    0.39013671875,
    0.36669921875
  ],
  "mode": "memory"
}