{
  "normal_semantic_mean": 0.515625,
  "normal_semantic_std": 0.0013589859008789062,
  "abnormal_semantic_mean": 0.515625,
  "abnormal_semantic_std": 0.001953125
}