{
  "mean": 0.04229736328125,
  "std": 0.01099395751953125,
  "p50": 0.042144775390625,
  "p90": 0.05556640625,
  "p95": 0.05806884765625,
  "p99": 0.06904174804687499,
  "max": 0.08038330078125,
  "hit_rate_0.3": 0.0,
  "hit_rate_0.4": 0.0,
  "hit_rate_0.5": 0.0,
  "hit_rate_0.6": 0.0,
  "hit_rate_0.7": 0.0
}