{
  "normal_mean": -0.06182861328125,
  "normal_std": 0.00545501708984375,
  "abnormal_mean": -0.0616455078125,
  "abnormal_std": 0.00783538818359375,
  "separation": -0.00018310546875,
  "overlap_ratio": 0.7275390625,
  "ks_distance": 0.18178410794602698,
  "ks_pvalue": 0.1641688717733764
}