{
  "mean": 0.8544921875,
  "std": 0.04498291015625,
  "max": 0.96484375,
  "p90": 0.917724609375,
  "p95": 0.9239990234375,
  "top10_mean": 0.94140625,
  "collapse_score": 0.94140625
}