python train_cls.py --dataset mvtec --gpu-id 0 --k-shot 2 --class_name carpet --root-dir ./result/baseline
python train_cls.py --dataset mvtec --gpu-id 0 --k-shot 2 --class_name grid --root-dir ./result/baseline
python train_cls.py --dataset mvtec --gpu-id 0 --k-shot 2 --class_name leather --root-dir ./result/baseline
python train_cls.py --dataset mvtec --gpu-id 0 --k-shot 2 --class_name tile --root-dir ./result/baseline
python train_cls.py --dataset mvtec --gpu-id 0 --k-shot 2 --class_name wood --root-dir ./result/baseline
python train_cls.py --dataset mvtec --gpu-id 0 --k-shot 2 --class_name bottle --root-dir ./result/baseline
python train_cls.py --dataset mvtec --gpu-id 0 --k-shot 2 --class_name cable --root-dir ./result/baseline
python train_cls.py --dataset mvtec --gpu-id 0 --k-shot 2 --class_name capsule --root-dir ./result/baseline
python train_cls.py --dataset mvtec --gpu-id 0 --k-shot 2 --class_name hazelnut --root-dir ./result/baseline
python train_cls.py --dataset mvtec --gpu-id 0 --k-shot 2 --class_name metal_nut --root-dir ./result/baseline
python train_cls.py --dataset mvtec --gpu-id 0 --k-shot 2 --class_name pill --root-dir ./result/baseline
python train_cls.py --dataset mvtec --gpu-id 0 --k-shot 2 --class_name screw --root-dir ./result/baseline
python train_cls.py --dataset mvtec --gpu-id 0 --k-shot 2 --class_name toothbrush --root-dir ./result/baseline
python train_cls.py --dataset mvtec --gpu-id 0 --k-shot 2 --class_name transistor --root-dir ./result/baseline
python train_cls.py --dataset mvtec --gpu-id 0 --k-shot 2 --class_name zipper --root-dir ./result/baseline
python train_cls.py --dataset visa --gpu-id 0 --k-shot 2 --class_name candle --root-dir ./result/baseline
python train_cls.py --dataset visa --gpu-id 0 --k-shot 2 --class_name capsules --root-dir ./result/baseline
python train_cls.py --dataset visa --gpu-id 0 --k-shot 2 --class_name cashew --root-dir ./result/baseline
python train_cls.py --dataset visa --gpu-id 0 --k-shot 2 --class_name chewinggum --root-dir ./result/baseline
python train_cls.py --dataset visa --gpu-id 0 --k-shot 2 --class_name fryum --root-dir ./result/baseline
python train_cls.py --dataset visa --gpu-id 0 --k-shot 2 --class_name macaroni1 --root-dir ./result/baseline
python train_cls.py --dataset visa --gpu-id 0 --k-shot 2 --class_name macaroni2 --root-dir ./result/baseline
python train_cls.py --dataset visa --gpu-id 0 --k-shot 2 --class_name pcb1 --root-dir ./result/baseline
python train_cls.py --dataset visa --gpu-id 0 --k-shot 2 --class_name pcb2 --root-dir ./result/baseline
python train_cls.py --dataset visa --gpu-id 0 --k-shot 2 --class_name pcb3 --root-dir ./result/baseline
python train_cls.py --dataset visa --gpu-id 0 --k-shot 2 --class_name pcb4 --root-dir ./result/baseline
python train_cls.py --dataset visa --gpu-id 0 --k-shot 2 --class_name pipe_fryum --root-dir ./result/baseline
python train_cls.py --dataset mvtec --gpu-id 0 --k-shot 1 --class_name carpet --root-dir ./result/baseline
python train_cls.py --dataset mvtec --gpu-id 0 --k-shot 1 --class_name grid --root-dir ./result/baseline
python train_cls.py --dataset mvtec --gpu-id 0 --k-shot 1 --class_name leather --root-dir ./result/baseline
python train_cls.py --dataset mvtec --gpu-id 0 --k-shot 1 --class_name tile --root-dir ./result/baseline
python train_cls.py --dataset mvtec --gpu-id 0 --k-shot 1 --class_name wood --root-dir ./result/baseline
python train_cls.py --dataset mvtec --gpu-id 0 --k-shot 1 --class_name bottle --root-dir ./result/baseline
python train_cls.py --dataset mvtec --gpu-id 0 --k-shot 1 --class_name cable --root-dir ./result/baseline
python train_cls.py --dataset mvtec --gpu-id 0 --k-shot 1 --class_name capsule --root-dir ./result/baseline
python train_cls.py --dataset mvtec --gpu-id 0 --k-shot 1 --class_name hazelnut --root-dir ./result/baseline
python train_cls.py --dataset mvtec --gpu-id 0 --k-shot 1 --class_name metal_nut --root-dir ./result/baseline
python train_cls.py --dataset mvtec --gpu-id 0 --k-shot 1 --class_name pill --root-dir ./result/baseline
python train_cls.py --dataset mvtec --gpu-id 0 --k-shot 1 --class_name screw --root-dir ./result/baseline
python train_cls.py --dataset mvtec --gpu-id 0 --k-shot 1 --class_name toothbrush --root-dir ./result/baseline
python train_cls.py --dataset mvtec --gpu-id 0 --k-shot 1 --class_name transistor --root-dir ./result/baseline
python train_cls.py --dataset mvtec --gpu-id 0 --k-shot 1 --class_name zipper --root-dir ./result/baseline
python train_cls.py --dataset visa --gpu-id 0 --k-shot 1 --class_name candle --root-dir ./result/baseline
python train_cls.py --dataset visa --gpu-id 0 --k-shot 1 --class_name capsules --root-dir ./result/baseline
python train_cls.py --dataset visa --gpu-id 0 --k-shot 1 --class_name cashew --root-dir ./result/baseline
python train_cls.py --dataset visa --gpu-id 0 --k-shot 1 --class_name chewinggum --root-dir ./result/baseline
python train_cls.py --dataset visa --gpu-id 0 --k-shot 1 --class_name fryum --root-dir ./result/baseline
python train_cls.py --dataset visa --gpu-id 0 --k-shot 1 --class_name macaroni1 --root-dir ./result/baseline
python train_cls.py --dataset visa --gpu-id 0 --k-shot 1 --class_name macaroni2 --root-dir ./result/baseline
python train_cls.py --dataset visa --gpu-id 0 --k-shot 1 --class_name pcb1 --root-dir ./result/baseline
python train_cls.py --dataset visa --gpu-id 0 --k-shot 1 --class_name pcb2 --root-dir ./result/baseline
python train_cls.py --dataset visa --gpu-id 0 --k-shot 1 --class_name pcb3 --root-dir ./result/baseline
python train_cls.py --dataset visa --gpu-id 0 --k-shot 1 --class_name pcb4 --root-dir ./result/baseline
python train_cls.py --dataset visa --gpu-id 0 --k-shot 1 --class_name pipe_fryum --root-dir ./result/baseline
python train_cls.py --dataset mvtec --gpu-id 0 --k-shot 4 --class_name carpet --root-dir ./result/baseline
python train_cls.py --dataset mvtec --gpu-id 0 --k-shot 4 --class_name grid --root-dir ./result/baseline
python train_cls.py --dataset mvtec --gpu-id 0 --k-shot 4 --class_name leather --root-dir ./result/baseline
python train_cls.py --dataset mvtec --gpu-id 0 --k-shot 4 --class_name tile --root-dir ./result/baseline
python train_cls.py --dataset mvtec --gpu-id 0 --k-shot 4 --class_name wood --root-dir ./result/baseline
python train_cls.py --dataset mvtec --gpu-id 0 --k-shot 4 --class_name bottle --root-dir ./result/baseline
python train_cls.py --dataset mvtec --gpu-id 0 --k-shot 4 --class_name cable --root-dir ./result/baseline
python train_cls.py --dataset mvtec --gpu-id 0 --k-shot 4 --class_name capsule --root-dir ./result/baseline
python train_cls.py --dataset mvtec --gpu-id 0 --k-shot 4 --class_name hazelnut --root-dir ./result/baseline
python train_cls.py --dataset mvtec --gpu-id 0 --k-shot 4 --class_name metal_nut --root-dir ./result/baseline
python train_cls.py --dataset mvtec --gpu-id 0 --k-shot 4 --class_name pill --root-dir ./result/baseline
python train_cls.py --dataset mvtec --gpu-id 0 --k-shot 4 --class_name screw --root-dir ./result/baseline
python train_cls.py --dataset mvtec --gpu-id 0 --k-shot 4 --class_name toothbrush --root-dir ./result/baseline
python train_cls.py --dataset mvtec --gpu-id 0 --k-shot 4 --class_name transistor --root-dir ./result/baseline
python train_cls.py --dataset mvtec --gpu-id 0 --k-shot 4 --class_name zipper --root-dir ./result/baseline
python train_cls.py --dataset visa --gpu-id 0 --k-shot 4 --class_name candle --root-dir ./result/baseline
python train_cls.py --dataset visa --gpu-id 0 --k-shot 4 --class_name capsules --root-dir ./result/baseline
python train_cls.py --dataset visa --gpu-id 0 --k-shot 4 --class_name cashew --root-dir ./result/baseline
python train_cls.py --dataset visa --gpu-id 0 --k-shot 4 --class_name chewinggum --root-dir ./result/baseline
python train_cls.py --dataset visa --gpu-id 0 --k-shot 4 --class_name fryum --root-dir ./result/baseline
python train_cls.py --dataset visa --gpu-id 0 --k-shot 4 --class_name macaroni1 --root-dir ./result/baseline
python train_cls.py --dataset visa --gpu-id 0 --k-shot 4 --class_name macaroni2 --root-dir ./result/baseline

============================================================
[Prompt Configuration] Class: grid
  - Mode: MAP+LAP (Baseline)
  - MAP prompts: 14
  - LAP prompts: 8 (generic anomaly templates)
============================================================


[PromptAD] Initializing with use_lap=True
  Epoch 3: Semantic=98.66, Memory=97.24, Fusion=97.33
  Epoch 6: Semantic=99.04, Memory=97.24, Fusion=97.49 *** Best ***
  Epoch 9: Semantic=98.58, Memory=97.24, Fusion=97.58 *** Best ***
  Epoch 12: Semantic=97.83, Memory=97.24, Fusion=97.83 *** Best ***
  Epoch 15: Semantic=98.25, Memory=97.24, Fusion=97.91 *** Best ***
  Epoch 18: Semantic=95.36, Memory=97.24, Fusion=97.16
  Epoch 21: Semantic=96.62, Memory=97.24, Fusion=97.58
  Epoch 24: Semantic=94.95, Memory=97.24, Fusion=96.66
  Epoch 27: Semantic=95.53, Memory=97.24, Fusion=96.49
  Epoch 30: Semantic=94.40, Memory=97.24, Fusion=95.41
  Epoch 33: Semantic=93.32, Memory=97.24, Fusion=94.24
  Epoch 36: Semantic=93.07, Memory=97.24, Fusion=93.48
  Epoch 39: Semantic=92.73, Memory=97.24, Fusion=92.73
  Epoch 42: Semantic=92.31, Memory=97.24, Fusion=92.48
  Epoch 45: Semantic=91.85, Memory=97.24, Fusion=91.90
  Epoch 48: Semantic=90.94, Memory=97.24, Fusion=91.06
  Epoch 51: Semantic=90.64, Memory=97.24, Fusion=91.06
  Epoch 54: Semantic=90.31, Memory=97.24, Fusion=90.48
  Epoch 57: Semantic=89.72, Memory=97.24, Fusion=89.89
  Epoch 60: Semantic=89.68, Memory=97.24, Fusion=90.06
  Epoch 63: Semantic=89.14, Memory=97.24, Fusion=89.56
  Epoch 66: Semantic=88.81, Memory=97.24, Fusion=88.97
  Epoch 69: Semantic=88.47, Memory=97.24, Fusion=88.72
  Epoch 72: Semantic=88.35, Memory=97.24, Fusion=88.55
  Epoch 75: Semantic=88.10, Memory=97.24, Fusion=88.39
  Epoch 78: Semantic=87.97, Memory=97.24, Fusion=88.39
  Epoch 81: Semantic=87.97, Memory=97.24, Fusion=88.22
  Epoch 84: Semantic=87.97, Memory=97.24, Fusion=88.30
  Epoch 87: Semantic=87.97, Memory=97.24, Fusion=88.30
  Epoch 90: Semantic=87.97, Memory=97.24, Fusion=88.14
  Epoch 93: Semantic=87.97, Memory=97.24, Fusion=88.14
  Epoch 96: Semantic=87.97, Memory=97.24, Fusion=88.22
  Epoch 99: Semantic=88.01, Memory=97.24, Fusion=88.05
  Epoch 100: Semantic=88.01, Memory=97.24, Fusion=88.30
Object:grid =========================== Fusion-AUROC:97.91, Semantic:98.25, Memory:97.24


============================================================
[Prompt Configuration] Class: carpet
  - Mode: MAP+LAP (Baseline)
  - MAP prompts: 14
  - LAP prompts: 8 (generic anomaly templates)
============================================================


[PromptAD] Initializing with use_lap=True
  Epoch 3: Semantic=99.90, Memory=99.80, Fusion=99.84
  Epoch 6: Semantic=99.84, Memory=99.80, Fusion=99.84
  Epoch 9: Semantic=100.00, Memory=99.80, Fusion=99.88 *** Best ***
  Epoch 12: Semantic=100.00, Memory=99.80, Fusion=99.92 *** Best ***
  Epoch 15: Semantic=99.96, Memory=99.80, Fusion=100.00 *** Best ***
  Epoch 18: Semantic=100.00, Memory=99.80, Fusion=99.96
  Epoch 21: Semantic=99.92, Memory=99.80, Fusion=100.00
  Epoch 24: Semantic=99.92, Memory=99.80, Fusion=100.00
  Epoch 27: Semantic=99.92, Memory=99.80, Fusion=99.96
  Epoch 30: Semantic=99.88, Memory=99.80, Fusion=99.88
  Epoch 33: Semantic=99.88, Memory=99.80, Fusion=99.88
  Epoch 36: Semantic=99.88, Memory=99.80, Fusion=99.88
  Epoch 39: Semantic=99.88, Memory=99.80, Fusion=99.88
  Epoch 42: Semantic=99.88, Memory=99.80, Fusion=99.88
  Epoch 45: Semantic=99.88, Memory=99.80, Fusion=99.88
  Epoch 48: Semantic=99.84, Memory=99.80, Fusion=99.84
  Epoch 51: Semantic=99.84, Memory=99.80, Fusion=99.84
  Epoch 54: Semantic=99.84, Memory=99.80, Fusion=99.84
  Epoch 57: Semantic=99.84, Memory=99.80, Fusion=99.84
  Epoch 60: Semantic=99.84, Memory=99.80, Fusion=99.84
  Epoch 63: Semantic=99.84, Memory=99.80, Fusion=99.84
  Epoch 66: Semantic=99.80, Memory=99.80, Fusion=99.84
  Epoch 69: Semantic=99.80, Memory=99.80, Fusion=99.84
  Epoch 72: Semantic=99.80, Memory=99.80, Fusion=99.80
  Epoch 75: Semantic=99.80, Memory=99.80, Fusion=99.80
  Epoch 78: Semantic=99.80, Memory=99.80, Fusion=99.80
  Epoch 81: Semantic=99.80, Memory=99.80, Fusion=99.80
  Epoch 84: Semantic=99.80, Memory=99.80, Fusion=99.80
  Epoch 87: Semantic=99.80, Memory=99.80, Fusion=99.80
  Epoch 90: Semantic=99.80, Memory=99.80, Fusion=99.80
  Epoch 93: Semantic=99.80, Memory=99.80, Fusion=99.80
  Epoch 96: Semantic=99.80, Memory=99.80, Fusion=99.80
  Epoch 99: Semantic=99.80, Memory=99.80, Fusion=99.80
  Epoch 100: Semantic=99.80, Memory=99.80, Fusion=99.80
Object:carpet =========================== Fusion-AUROC:100.0, Semantic:99.96, Memory:99.8


============================================================
[Prompt Configuration] Class: leather
  - Mode: MAP+LAP (Baseline)
  - MAP prompts: 13
  - LAP prompts: 8 (generic anomaly templates)
============================================================


[PromptAD] Initializing with use_lap=True
  Epoch 3: Semantic=100.00, Memory=99.86, Fusion=99.90
  Epoch 6: Semantic=100.00, Memory=99.86, Fusion=99.90
  Epoch 9: Semantic=100.00, Memory=99.86, Fusion=99.97 *** Best ***
  Epoch 12: Semantic=100.00, Memory=99.86, Fusion=99.97
  Epoch 15: Semantic=100.00, Memory=99.86, Fusion=99.97
  Epoch 18: Semantic=100.00, Memory=99.86, Fusion=100.00 *** Best ***
  Epoch 21: Semantic=100.00, Memory=99.86, Fusion=100.00
  Epoch 24: Semantic=100.00, Memory=99.86, Fusion=100.00
  Epoch 27: Semantic=100.00, Memory=99.86, Fusion=100.00
  Epoch 30: Semantic=100.00, Memory=99.86, Fusion=100.00
  Epoch 33: Semantic=100.00, Memory=99.86, Fusion=100.00
  Epoch 36: Semantic=100.00, Memory=99.86, Fusion=100.00
  Epoch 39: Semantic=100.00, Memory=99.86, Fusion=100.00
  Epoch 42: Semantic=100.00, Memory=99.86, Fusion=100.00
  Epoch 45: Semantic=100.00, Memory=99.86, Fusion=100.00
  Epoch 48: Semantic=100.00, Memory=99.86, Fusion=100.00
  Epoch 51: Semantic=100.00, Memory=99.86, Fusion=100.00
  Epoch 54: Semantic=100.00, Memory=99.86, Fusion=100.00
  Epoch 57: Semantic=100.00, Memory=99.86, Fusion=100.00
  Epoch 60: Semantic=100.00, Memory=99.86, Fusion=100.00
  Epoch 63: Semantic=100.00, Memory=99.86, Fusion=100.00
  Epoch 66: Semantic=100.00, Memory=99.86, Fusion=100.00
  Epoch 69: Semantic=100.00, Memory=99.86, Fusion=100.00
  Epoch 72: Semantic=100.00, Memory=99.86, Fusion=100.00
  Epoch 75: Semantic=100.00, Memory=99.86, Fusion=100.00
  Epoch 78: Semantic=100.00, Memory=99.86, Fusion=100.00
  Epoch 81: Semantic=100.00, Memory=99.86, Fusion=100.00
  Epoch 84: Semantic=100.00, Memory=99.86, Fusion=100.00
  Epoch 87: Semantic=100.00, Memory=99.86, Fusion=100.00
  Epoch 90: Semantic=100.00, Memory=99.86, Fusion=100.00
  Epoch 93: Semantic=100.00, Memory=99.86, Fusion=100.00
  Epoch 96: Semantic=100.00, Memory=99.86, Fusion=100.00
  Epoch 99: Semantic=100.00, Memory=99.86, Fusion=100.00
  Epoch 100: Semantic=100.00, Memory=99.86, Fusion=100.00
Object:leather =========================== Fusion-AUROC:100.0, Semantic:100.0, Memory:99.86


============================================================
[Prompt Configuration] Class: tile
  - Mode: MAP+LAP (Baseline)
  - MAP prompts: 13
  - LAP prompts: 8 (generic anomaly templates)
============================================================


[PromptAD] Initializing with use_lap=True
  Epoch 3: Semantic=100.00, Memory=98.59, Fusion=98.92
  Epoch 6: Semantic=99.96, Memory=98.59, Fusion=99.06 *** Best ***
  Epoch 9: Semantic=99.93, Memory=98.59, Fusion=99.24 *** Best ***
  Epoch 12: Semantic=99.91, Memory=98.59, Fusion=99.64 *** Best ***
  Epoch 15: Semantic=99.89, Memory=98.59, Fusion=99.68 *** Best ***
  Epoch 18: Semantic=99.89, Memory=98.59, Fusion=99.86 *** Best ***
  Epoch 21: Semantic=99.89, Memory=98.59, Fusion=99.93 *** Best ***
  Epoch 24: Semantic=99.89, Memory=98.59, Fusion=99.89
  Epoch 27: Semantic=99.89, Memory=98.59, Fusion=99.89
  Epoch 30: Semantic=99.93, Memory=98.59, Fusion=99.89
  Epoch 33: Semantic=99.91, Memory=98.59, Fusion=99.89
  Epoch 36: Semantic=99.93, Memory=98.59, Fusion=99.93
  Epoch 39: Semantic=99.93, Memory=98.59, Fusion=99.93
  Epoch 42: Semantic=99.93, Memory=98.59, Fusion=99.93
  Epoch 45: Semantic=99.93, Memory=98.59, Fusion=99.93
  Epoch 48: Semantic=99.93, Memory=98.59, Fusion=99.93
  Epoch 51: Semantic=99.93, Memory=98.59, Fusion=99.93
  Epoch 54: Semantic=99.93, Memory=98.59, Fusion=99.93
  Epoch 57: Semantic=99.93, Memory=98.59, Fusion=99.93
  Epoch 60: Semantic=99.93, Memory=98.59, Fusion=99.93
  Epoch 63: Semantic=99.93, Memory=98.59, Fusion=99.93
  Epoch 66: Semantic=99.93, Memory=98.59, Fusion=99.93
  Epoch 69: Semantic=99.93, Memory=98.59, Fusion=99.93
  Epoch 72: Semantic=99.95, Memory=98.59, Fusion=99.93
  Epoch 75: Semantic=99.95, Memory=98.59, Fusion=99.93
  Epoch 78: Semantic=99.93, Memory=98.59, Fusion=99.93
  Epoch 81: Semantic=99.93, Memory=98.59, Fusion=99.93
  Epoch 84: Semantic=99.93, Memory=98.59, Fusion=99.93
  Epoch 87: Semantic=99.93, Memory=98.59, Fusion=99.93
  Epoch 90: Semantic=99.93, Memory=98.59, Fusion=99.93
  Epoch 93: Semantic=99.93, Memory=98.59, Fusion=99.93
  Epoch 96: Semantic=99.93, Memory=98.59, Fusion=99.93
  Epoch 99: Semantic=99.93, Memory=98.59, Fusion=99.93
  Epoch 100: Semantic=99.93, Memory=98.59, Fusion=99.93
Object:tile =========================== Fusion-AUROC:99.93, Semantic:99.89, Memory:98.59


============================================================
[Prompt Configuration] Class: wood
  - Mode: MAP+LAP (Baseline)
  - MAP prompts: 12
  - LAP prompts: 8 (generic anomaly templates)
============================================================


[PromptAD] Initializing with use_lap=True
  Epoch 3: Semantic=95.57, Memory=98.86, Fusion=98.77
  Epoch 6: Semantic=99.08, Memory=98.86, Fusion=98.86 *** Best ***
  Epoch 9: Semantic=97.89, Memory=98.86, Fusion=98.95 *** Best ***
  Epoch 12: Semantic=98.64, Memory=98.86, Fusion=99.04 *** Best ***
  Epoch 15: Semantic=98.86, Memory=98.86, Fusion=99.21 *** Best ***
  Epoch 18: Semantic=99.30, Memory=98.86, Fusion=99.21
  Epoch 21: Semantic=99.39, Memory=98.86, Fusion=99.39 *** Best ***
  Epoch 24: Semantic=99.12, Memory=98.86, Fusion=99.56 *** Best ***
  Epoch 27: Semantic=98.82, Memory=98.86, Fusion=99.12
  Epoch 30: Semantic=98.77, Memory=98.86, Fusion=99.12
  Epoch 33: Semantic=98.33, Memory=98.86, Fusion=98.68
  Epoch 36: Semantic=97.63, Memory=98.86, Fusion=98.25
  Epoch 39: Semantic=97.41, Memory=98.86, Fusion=97.98
  Epoch 42: Semantic=97.68, Memory=98.86, Fusion=98.25
  Epoch 45: Semantic=97.50, Memory=98.86, Fusion=97.72
  Epoch 48: Semantic=97.63, Memory=98.86, Fusion=97.72
  Epoch 51: Semantic=97.98, Memory=98.86, Fusion=98.25
  Epoch 54: Semantic=98.51, Memory=98.86, Fusion=98.68
  Epoch 57: Semantic=98.51, Memory=98.86, Fusion=98.60
  Epoch 60: Semantic=98.33, Memory=98.86, Fusion=98.42
  Epoch 63: Semantic=98.42, Memory=98.86, Fusion=98.51
  Epoch 66: Semantic=98.51, Memory=98.86, Fusion=98.51
  Epoch 69: Semantic=98.51, Memory=98.86, Fusion=98.60
  Epoch 72: Semantic=98.42, Memory=98.86, Fusion=98.42
  Epoch 75: Semantic=98.33, Memory=98.86, Fusion=98.25
  Epoch 78: Semantic=98.33, Memory=98.86, Fusion=98.25
  Epoch 81: Semantic=98.33, Memory=98.86, Fusion=98.25
  Epoch 84: Semantic=98.33, Memory=98.86, Fusion=98.25
  Epoch 87: Semantic=98.33, Memory=98.86, Fusion=98.25
  Epoch 90: Semantic=98.29, Memory=98.86, Fusion=98.25
  Epoch 93: Semantic=98.25, Memory=98.86, Fusion=98.25
  Epoch 96: Semantic=98.25, Memory=98.86, Fusion=98.25
  Epoch 99: Semantic=98.25, Memory=98.86, Fusion=98.25
  Epoch 100: Semantic=98.29, Memory=98.86, Fusion=98.25
Object:wood =========================== Fusion-AUROC:99.56, Semantic:99.12, Memory:98.86


============================================================
[Prompt Configuration] Class: bottle
  - Mode: MAP+LAP (Baseline)
  - MAP prompts: 11
  - LAP prompts: 8 (generic anomaly templates)
============================================================


[PromptAD] Initializing with use_lap=True
  Epoch 3: Semantic=96.51, Memory=99.52, Fusion=99.52
  Epoch 6: Semantic=95.24, Memory=99.52, Fusion=99.52
  Epoch 9: Semantic=94.01, Memory=99.52, Fusion=99.52
  Epoch 12: Semantic=93.33, Memory=99.52, Fusion=99.52
  Epoch 15: Semantic=92.66, Memory=99.52, Fusion=99.37
  Epoch 18: Semantic=93.37, Memory=99.52, Fusion=99.37
  Epoch 21: Semantic=94.17, Memory=99.52, Fusion=99.37
  Epoch 24: Semantic=95.71, Memory=99.52, Fusion=99.60 *** Best ***
  Epoch 27: Semantic=96.03, Memory=99.52, Fusion=99.29
  Epoch 30: Semantic=97.26, Memory=99.52, Fusion=99.29
  Epoch 33: Semantic=97.66, Memory=99.52, Fusion=99.29
  Epoch 36: Semantic=97.78, Memory=99.52, Fusion=99.13
  Epoch 39: Semantic=98.17, Memory=99.52, Fusion=99.37
  Epoch 42: Semantic=98.53, Memory=99.52, Fusion=99.37
  Epoch 45: Semantic=98.21, Memory=99.52, Fusion=99.29
  Epoch 48: Semantic=97.98, Memory=99.52, Fusion=99.21
  Epoch 51: Semantic=98.33, Memory=99.52, Fusion=99.13
  Epoch 54: Semantic=98.10, Memory=99.52, Fusion=98.97
  Epoch 57: Semantic=97.94, Memory=99.52, Fusion=98.73
  Epoch 60: Semantic=98.06, Memory=99.52, Fusion=98.81
  Epoch 63: Semantic=98.25, Memory=99.52, Fusion=98.81
  Epoch 66: Semantic=98.17, Memory=99.52, Fusion=98.89
  Epoch 69: Semantic=98.13, Memory=99.52, Fusion=98.65
  Epoch 72: Semantic=98.10, Memory=99.52, Fusion=98.65
  Epoch 75: Semantic=98.13, Memory=99.52, Fusion=98.57
  Epoch 78: Semantic=98.17, Memory=99.52, Fusion=98.49
  Epoch 81: Semantic=98.25, Memory=99.52, Fusion=98.57
  Epoch 84: Semantic=98.37, Memory=99.52, Fusion=98.57
  Epoch 87: Semantic=98.13, Memory=99.52, Fusion=98.41
  Epoch 90: Semantic=98.25, Memory=99.52, Fusion=98.41
  Epoch 93: Semantic=98.25, Memory=99.52, Fusion=98.49
  Epoch 96: Semantic=98.25, Memory=99.52, Fusion=98.49
  Epoch 99: Semantic=98.25, Memory=99.52, Fusion=98.49
  Epoch 100: Semantic=98.25, Memory=99.52, Fusion=98.57
Object:bottle =========================== Fusion-AUROC:99.6, Semantic:95.71, Memory:99.52


============================================================
[Prompt Configuration] Class: capsule
  - Mode: MAP+LAP (Baseline)
  - MAP prompts: 13
  - LAP prompts: 8 (generic anomaly templates)
============================================================


[PromptAD] Initializing with use_lap=True
  Epoch 3: Semantic=81.35, Memory=84.72, Fusion=84.96
  Epoch 6: Semantic=85.16, Memory=84.72, Fusion=85.16 *** Best ***
  Epoch 9: Semantic=78.58, Memory=84.72, Fusion=84.96
  Epoch 12: Semantic=77.54, Memory=84.72, Fusion=84.88
  Epoch 15: Semantic=76.39, Memory=84.72, Fusion=84.68
  Epoch 18: Semantic=75.11, Memory=84.72, Fusion=84.28
  Epoch 21: Semantic=74.91, Memory=84.72, Fusion=83.65
  Epoch 24: Semantic=73.89, Memory=84.72, Fusion=82.69
  Epoch 27: Semantic=73.99, Memory=84.72, Fusion=81.21
  Epoch 30: Semantic=72.20, Memory=84.72, Fusion=78.06
  Epoch 33: Semantic=71.64, Memory=84.72, Fusion=76.39
  Epoch 36: Semantic=71.54, Memory=84.72, Fusion=74.67
  Epoch 39: Semantic=70.50, Memory=84.72, Fusion=73.39
  Epoch 42: Semantic=70.30, Memory=84.72, Fusion=73.00
  Epoch 45: Semantic=70.08, Memory=84.72, Fusion=72.40
  Epoch 48: Semantic=69.49, Memory=84.72, Fusion=71.76
  Epoch 51: Semantic=68.71, Memory=84.72, Fusion=70.76
  Epoch 54: Semantic=68.75, Memory=84.72, Fusion=70.20
  Epoch 57: Semantic=68.45, Memory=84.72, Fusion=69.88
  Epoch 60: Semantic=68.29, Memory=84.72, Fusion=69.41
  Epoch 63: Semantic=68.41, Memory=84.72, Fusion=69.37
  Epoch 66: Semantic=68.07, Memory=84.72, Fusion=69.13
  Epoch 69: Semantic=68.19, Memory=84.72, Fusion=68.97
  Epoch 72: Semantic=68.01, Memory=84.72, Fusion=68.93
  Epoch 75: Semantic=68.03, Memory=84.72, Fusion=68.89
  Epoch 78: Semantic=68.03, Memory=84.72, Fusion=68.73
  Epoch 81: Semantic=68.01, Memory=84.72, Fusion=68.65
  Epoch 84: Semantic=68.01, Memory=84.72, Fusion=68.61
  Epoch 87: Semantic=68.01, Memory=84.72, Fusion=68.61
  Epoch 90: Semantic=68.01, Memory=84.72, Fusion=68.61
  Epoch 93: Semantic=68.01, Memory=84.72, Fusion=68.57
  Epoch 96: Semantic=67.97, Memory=84.72, Fusion=68.65
  Epoch 99: Semantic=67.93, Memory=84.72, Fusion=68.57
  Epoch 100: Semantic=68.01, Memory=84.72, Fusion=68.57
Object:capsule =========================== Fusion-AUROC:85.16, Semantic:85.16, Memory:84.72


============================================================
[Prompt Configuration] Class: cable
  - Mode: MAP+LAP (Baseline)
  - MAP prompts: 13
  - LAP prompts: 8 (generic anomaly templates)
============================================================


[PromptAD] Initializing with use_lap=True
  Epoch 3: Semantic=81.73, Memory=92.82, Fusion=93.31
  Epoch 6: Semantic=83.04, Memory=92.82, Fusion=93.50 *** Best ***
  Epoch 9: Semantic=83.86, Memory=92.82, Fusion=93.98 *** Best ***
  Epoch 12: Semantic=82.82, Memory=92.82, Fusion=94.40 *** Best ***
  Epoch 15: Semantic=83.42, Memory=92.82, Fusion=94.45 *** Best ***
  Epoch 18: Semantic=79.92, Memory=92.82, Fusion=92.54
  Epoch 21: Semantic=81.68, Memory=92.82, Fusion=91.25
  Epoch 24: Semantic=82.02, Memory=92.82, Fusion=89.24
  Epoch 27: Semantic=82.62, Memory=92.82, Fusion=88.68
  Epoch 30: Semantic=82.78, Memory=92.82, Fusion=86.94
  Epoch 33: Semantic=83.60, Memory=92.82, Fusion=86.49
  Epoch 36: Semantic=83.33, Memory=92.82, Fusion=85.25
  Epoch 39: Semantic=83.33, Memory=92.82, Fusion=84.84
  Epoch 42: Semantic=83.11, Memory=92.82, Fusion=84.20
  Epoch 45: Semantic=83.02, Memory=92.82, Fusion=83.88
  Epoch 48: Semantic=83.20, Memory=92.82, Fusion=83.88
  Epoch 51: Semantic=83.72, Memory=92.82, Fusion=84.48
  Epoch 54: Semantic=83.83, Memory=92.82, Fusion=84.39
  Epoch 57: Semantic=83.95, Memory=92.82, Fusion=84.37
  Epoch 60: Semantic=83.75, Memory=92.82, Fusion=84.11
  Epoch 63: Semantic=83.92, Memory=92.82, Fusion=84.22
  Epoch 66: Semantic=83.87, Memory=92.82, Fusion=84.24
  Epoch 69: Semantic=83.86, Memory=92.82, Fusion=84.30
  Epoch 72: Semantic=83.87, Memory=92.82, Fusion=84.24
  Epoch 75: Semantic=83.82, Memory=92.82, Fusion=84.24
  Epoch 78: Semantic=83.89, Memory=92.82, Fusion=84.20
  Epoch 81: Semantic=83.85, Memory=92.82, Fusion=84.18
  Epoch 84: Semantic=83.85, Memory=92.82, Fusion=84.15
  Epoch 87: Semantic=83.80, Memory=92.82, Fusion=84.18
  Epoch 90: Semantic=83.88, Memory=92.82, Fusion=84.22
  Epoch 93: Semantic=83.89, Memory=92.82, Fusion=84.18
  Epoch 96: Semantic=83.82, Memory=92.82, Fusion=84.18
  Epoch 99: Semantic=83.85, Memory=92.82, Fusion=84.20
  Epoch 100: Semantic=83.82, Memory=92.82, Fusion=84.16
Object:cable =========================== Fusion-AUROC:94.45, Semantic:83.42, Memory:92.82


============================================================
[Prompt Configuration] Class: metal nut
  - Mode: MAP+LAP (Baseline)
  - MAP prompts: 12
  - LAP prompts: 8 (generic anomaly templates)
============================================================


[PromptAD] Initializing with use_lap=True
  Epoch 3: Semantic=90.79, Memory=99.41, Fusion=99.56
  Epoch 6: Semantic=86.83, Memory=99.41, Fusion=99.56
  Epoch 9: Semantic=84.51, Memory=99.41, Fusion=99.56
  Epoch 12: Semantic=84.38, Memory=99.41, Fusion=99.61 *** Best ***
  Epoch 15: Semantic=88.51, Memory=99.41, Fusion=99.66 *** Best ***
  Epoch 18: Semantic=88.07, Memory=99.41, Fusion=99.66
  Epoch 21: Semantic=88.88, Memory=99.41, Fusion=99.61
  Epoch 24: Semantic=89.91, Memory=99.41, Fusion=99.36
  Epoch 27: Semantic=88.93, Memory=99.41, Fusion=98.48
  Epoch 30: Semantic=90.42, Memory=99.41, Fusion=97.70
  Epoch 33: Semantic=90.69, Memory=99.41, Fusion=96.09
  Epoch 36: Semantic=88.69, Memory=99.41, Fusion=93.40
  Epoch 39: Semantic=89.30, Memory=99.41, Fusion=92.33
  Epoch 42: Semantic=88.37, Memory=99.41, Fusion=90.96
  Epoch 45: Semantic=88.00, Memory=99.41, Fusion=89.78
  Epoch 48: Semantic=87.78, Memory=99.41, Fusion=89.39
  Epoch 51: Semantic=88.03, Memory=99.41, Fusion=89.10
  Epoch 54: Semantic=88.07, Memory=99.41, Fusion=88.95
  Epoch 57: Semantic=87.98, Memory=99.41, Fusion=88.86
  Epoch 60: Semantic=87.81, Memory=99.41, Fusion=88.76
  Epoch 63: Semantic=87.76, Memory=99.41, Fusion=88.61
  Epoch 66: Semantic=87.19, Memory=99.41, Fusion=88.32
  Epoch 69: Semantic=87.27, Memory=99.41, Fusion=88.17
  Epoch 72: Semantic=87.41, Memory=99.41, Fusion=88.07
  Epoch 75: Semantic=87.22, Memory=99.41, Fusion=87.88
  Epoch 78: Semantic=87.39, Memory=99.41, Fusion=87.98
  Epoch 81: Semantic=87.19, Memory=99.41, Fusion=87.83
  Epoch 84: Semantic=87.10, Memory=99.41, Fusion=87.73
  Epoch 87: Semantic=87.07, Memory=99.41, Fusion=87.73
  Epoch 90: Semantic=87.00, Memory=99.41, Fusion=87.73
  Epoch 93: Semantic=87.00, Memory=99.41, Fusion=87.63
  Epoch 96: Semantic=86.95, Memory=99.41, Fusion=87.73
  Epoch 99: Semantic=87.05, Memory=99.41, Fusion=87.73
  Epoch 100: Semantic=87.02, Memory=99.41, Fusion=87.78
Object:metal_nut =========================== Fusion-AUROC:99.66, Semantic:88.51, Memory:99.41


============================================================
[Prompt Configuration] Class: hazelnut
  - Mode: MAP+LAP (Baseline)
  - MAP prompts: 12
  - LAP prompts: 8 (generic anomaly templates)
============================================================


[PromptAD] Initializing with use_lap=True
  Epoch 3: Semantic=92.00, Memory=99.86, Fusion=99.86
  Epoch 6: Semantic=90.20, Memory=99.86, Fusion=99.86
  Epoch 9: Semantic=91.41, Memory=99.86, Fusion=99.86
  Epoch 12: Semantic=91.21, Memory=99.86, Fusion=99.93 *** Best ***
  Epoch 15: Semantic=88.54, Memory=99.86, Fusion=99.93
  Epoch 18: Semantic=86.79, Memory=99.86, Fusion=99.82
  Epoch 21: Semantic=86.80, Memory=99.86, Fusion=99.75
  Epoch 24: Semantic=85.62, Memory=99.86, Fusion=99.54
  Epoch 27: Semantic=82.21, Memory=99.86, Fusion=98.93
  Epoch 30: Semantic=80.14, Memory=99.86, Fusion=96.71
  Epoch 33: Semantic=79.02, Memory=99.86, Fusion=91.96
  Epoch 36: Semantic=81.57, Memory=99.86, Fusion=92.14
  Epoch 39: Semantic=81.68, Memory=99.86, Fusion=88.79
  Epoch 42: Semantic=79.64, Memory=99.86, Fusion=84.54
  Epoch 45: Semantic=80.16, Memory=99.86, Fusion=83.39
  Epoch 48: Semantic=81.16, Memory=99.86, Fusion=83.39
  Epoch 51: Semantic=82.64, Memory=99.86, Fusion=83.96
  Epoch 54: Semantic=81.43, Memory=99.86, Fusion=83.14
  Epoch 57: Semantic=81.91, Memory=99.86, Fusion=82.93
  Epoch 60: Semantic=80.14, Memory=99.86, Fusion=80.93
  Epoch 63: Semantic=80.23, Memory=99.86, Fusion=81.00
  Epoch 66: Semantic=80.75, Memory=99.86, Fusion=81.36
  Epoch 69: Semantic=80.70, Memory=99.86, Fusion=81.18
  Epoch 72: Semantic=80.70, Memory=99.86, Fusion=81.18
  Epoch 75: Semantic=80.73, Memory=99.86, Fusion=81.29
  Epoch 78: Semantic=80.79, Memory=99.86, Fusion=81.25
  Epoch 81: Semantic=80.98, Memory=99.86, Fusion=81.25
  Epoch 84: Semantic=80.96, Memory=99.86, Fusion=81.32
  Epoch 87: Semantic=80.86, Memory=99.86, Fusion=81.32
  Epoch 90: Semantic=80.82, Memory=99.86, Fusion=81.21
  Epoch 93: Semantic=80.77, Memory=99.86, Fusion=81.21
  Epoch 96: Semantic=80.80, Memory=99.86, Fusion=81.21
  Epoch 99: Semantic=80.82, Memory=99.86, Fusion=81.29
  Epoch 100: Semantic=80.88, Memory=99.86, Fusion=81.29
Object:hazelnut =========================== Fusion-AUROC:99.93, Semantic:91.21, Memory:99.86


============================================================
[Prompt Configuration] Class: pill
  - Mode: MAP+LAP (Baseline)
  - MAP prompts: 14
  - LAP prompts: 8 (generic anomaly templates)
============================================================


[PromptAD] Initializing with use_lap=True
  Epoch 3: Semantic=79.83, Memory=92.80, Fusion=92.91
  Epoch 6: Semantic=83.22, Memory=92.80, Fusion=92.91 *** Best ***
  Epoch 9: Semantic=86.16, Memory=92.80, Fusion=92.94 *** Best ***
  Epoch 12: Semantic=87.51, Memory=92.80, Fusion=92.96 *** Best ***
  Epoch 15: Semantic=86.62, Memory=92.80, Fusion=92.99 *** Best ***
  Epoch 18: Semantic=85.77, Memory=92.80, Fusion=92.99
  Epoch 21: Semantic=84.32, Memory=92.80, Fusion=93.15 *** Best ***
  Epoch 24: Semantic=83.89, Memory=92.80, Fusion=93.04
  Epoch 27: Semantic=84.72, Memory=92.80, Fusion=93.40 *** Best ***
  Epoch 30: Semantic=85.41, Memory=92.80, Fusion=93.10
  Epoch 33: Semantic=85.15, Memory=92.80, Fusion=92.03
  Epoch 36: Semantic=84.77, Memory=92.80, Fusion=90.67
  Epoch 39: Semantic=84.81, Memory=92.80, Fusion=90.07
  Epoch 42: Semantic=84.57, Memory=92.80, Fusion=88.76
  Epoch 45: Semantic=84.21, Memory=92.80, Fusion=87.40
  Epoch 48: Semantic=84.02, Memory=92.80, Fusion=86.77
  Epoch 51: Semantic=83.54, Memory=92.80, Fusion=86.22
  Epoch 54: Semantic=83.25, Memory=92.80, Fusion=85.65
  Epoch 57: Semantic=82.98, Memory=92.80, Fusion=85.46
  Epoch 60: Semantic=82.53, Memory=92.80, Fusion=84.45
  Epoch 63: Semantic=82.32, Memory=92.80, Fusion=84.26
  Epoch 66: Semantic=82.06, Memory=92.80, Fusion=83.91
  Epoch 69: Semantic=81.93, Memory=92.80, Fusion=83.82
  Epoch 72: Semantic=81.72, Memory=92.80, Fusion=83.47
  Epoch 75: Semantic=81.79, Memory=92.80, Fusion=83.36
  Epoch 78: Semantic=81.85, Memory=92.80, Fusion=83.44
  Epoch 81: Semantic=81.41, Memory=92.80, Fusion=83.09
  Epoch 84: Semantic=81.83, Memory=92.80, Fusion=83.22
  Epoch 87: Semantic=81.81, Memory=92.80, Fusion=83.31
  Epoch 90: Semantic=81.49, Memory=92.80, Fusion=83.14
  Epoch 93: Semantic=81.48, Memory=92.80, Fusion=83.03
  Epoch 96: Semantic=81.66, Memory=92.80, Fusion=83.12
  Epoch 99: Semantic=81.82, Memory=92.80, Fusion=83.25
  Epoch 100: Semantic=81.68, Memory=92.80, Fusion=83.12
Object:pill =========================== Fusion-AUROC:93.4, Semantic:84.72, Memory:92.8


============================================================
[Prompt Configuration] Class: screw
  - Mode: MAP+LAP (Baseline)
  - MAP prompts: 11
  - LAP prompts: 8 (generic anomaly templates)
============================================================


[PromptAD] Initializing with use_lap=True
  Epoch 3: Semantic=67.69, Memory=55.87, Fusion=57.72
  Epoch 6: Semantic=65.06, Memory=55.87, Fusion=57.68
  Epoch 9: Semantic=57.92, Memory=55.87, Fusion=58.45 *** Best ***
  Epoch 12: Semantic=54.87, Memory=55.87, Fusion=57.04
  Epoch 15: Semantic=64.55, Memory=55.87, Fusion=62.18 *** Best ***
  Epoch 18: Semantic=61.63, Memory=55.87, Fusion=62.92 *** Best ***
  Epoch 21: Semantic=57.45, Memory=55.87, Fusion=57.37
  Epoch 24: Semantic=56.79, Memory=55.87, Fusion=56.04
  Epoch 27: Semantic=56.91, Memory=55.87, Fusion=56.75
  Epoch 30: Semantic=55.60, Memory=55.87, Fusion=55.52
  Epoch 33: Semantic=56.33, Memory=55.87, Fusion=56.20
  Epoch 36: Semantic=57.14, Memory=55.87, Fusion=57.04
  Epoch 39: Semantic=56.30, Memory=55.87, Fusion=56.30
  Epoch 42: Semantic=56.04, Memory=55.87, Fusion=56.04
  Epoch 45: Semantic=56.04, Memory=55.87, Fusion=56.06
  Epoch 48: Semantic=56.07, Memory=55.87, Fusion=56.04
  Epoch 51: Semantic=56.21, Memory=55.87, Fusion=56.26
  Epoch 54: Semantic=56.28, Memory=55.87, Fusion=56.24
  Epoch 57: Semantic=56.07, Memory=55.87, Fusion=56.12
  Epoch 60: Semantic=56.08, Memory=55.87, Fusion=55.97
  Epoch 63: Semantic=56.11, Memory=55.87, Fusion=56.14
  Epoch 66: Semantic=56.23, Memory=55.87, Fusion=56.22
  Epoch 69: Semantic=56.24, Memory=55.87, Fusion=56.16
  Epoch 72: Semantic=56.22, Memory=55.87, Fusion=56.10
  Epoch 75: Semantic=56.23, Memory=55.87, Fusion=56.18
  Epoch 78: Semantic=56.09, Memory=55.87, Fusion=56.08
  Epoch 81: Semantic=56.14, Memory=55.87, Fusion=56.12
  Epoch 84: Semantic=56.11, Memory=55.87, Fusion=56.10
  Epoch 87: Semantic=56.05, Memory=55.87, Fusion=56.04
  Epoch 90: Semantic=56.14, Memory=55.87, Fusion=56.06
  Epoch 93: Semantic=56.11, Memory=55.87, Fusion=56.14
  Epoch 96: Semantic=56.09, Memory=55.87, Fusion=55.97
  Epoch 99: Semantic=56.16, Memory=55.87, Fusion=56.06
  Epoch 100: Semantic=56.08, Memory=55.87, Fusion=56.06
Object:screw =========================== Fusion-AUROC:62.92, Semantic:61.63, Memory:55.87


============================================================
[Prompt Configuration] Class: toothbrush
  - Mode: MAP+LAP (Baseline)
  - MAP prompts: 10
  - LAP prompts: 8 (generic anomaly templates)
============================================================


[PromptAD] Initializing with use_lap=True
  Epoch 3: Semantic=65.00, Memory=94.17, Fusion=93.89
  Epoch 6: Semantic=60.14, Memory=94.17, Fusion=93.61
  Epoch 9: Semantic=60.69, Memory=94.17, Fusion=93.61
  Epoch 12: Semantic=60.42, Memory=94.17, Fusion=93.33
  Epoch 15: Semantic=62.50, Memory=94.17, Fusion=93.33
  Epoch 18: Semantic=64.44, Memory=94.17, Fusion=93.61
  Epoch 21: Semantic=65.97, Memory=94.17, Fusion=92.50
  Epoch 24: Semantic=65.00, Memory=94.17, Fusion=91.67
  Epoch 27: Semantic=65.83, Memory=94.17, Fusion=89.44
  Epoch 30: Semantic=66.53, Memory=94.17, Fusion=88.89
  Epoch 33: Semantic=69.03, Memory=94.17, Fusion=81.94
  Epoch 36: Semantic=69.31, Memory=94.17, Fusion=76.39
  Epoch 39: Semantic=69.72, Memory=94.17, Fusion=74.17
  Epoch 42: Semantic=68.89, Memory=94.17, Fusion=73.89
  Epoch 45: Semantic=69.44, Memory=94.17, Fusion=72.78
  Epoch 48: Semantic=69.86, Memory=94.17, Fusion=72.78
  Epoch 51: Semantic=70.83, Memory=94.17, Fusion=72.22
  Epoch 54: Semantic=70.83, Memory=94.17, Fusion=72.50
  Epoch 57: Semantic=71.11, Memory=94.17, Fusion=72.22
  Epoch 60: Semantic=71.67, Memory=94.17, Fusion=72.50
  Epoch 63: Semantic=71.39, Memory=94.17, Fusion=72.22
  Epoch 66: Semantic=71.25, Memory=94.17, Fusion=72.22
  Epoch 69: Semantic=71.11, Memory=94.17, Fusion=72.50
  Epoch 72: Semantic=71.11, Memory=94.17, Fusion=72.50
  Epoch 75: Semantic=71.25, Memory=94.17, Fusion=72.22
  Epoch 78: Semantic=71.39, Memory=94.17, Fusion=72.22
  Epoch 81: Semantic=71.25, Memory=94.17, Fusion=72.22
  Epoch 84: Semantic=70.56, Memory=94.17, Fusion=71.94
  Epoch 87: Semantic=70.56, Memory=94.17, Fusion=71.94
  Epoch 90: Semantic=70.56, Memory=94.17, Fusion=72.22
  Epoch 93: Semantic=70.56, Memory=94.17, Fusion=72.22
  Epoch 96: Semantic=70.56, Memory=94.17, Fusion=72.22
  Epoch 99: Semantic=70.56, Memory=94.17, Fusion=72.22
  Epoch 100: Semantic=70.83, Memory=94.17, Fusion=71.94
Object:toothbrush =========================== Fusion-AUROC:93.89, Semantic:65.0, Memory:94.17


============================================================
[Prompt Configuration] Class: transistor
  - Mode: MAP+LAP (Baseline)
  - MAP prompts: 12
  - LAP prompts: 8 (generic anomaly templates)
============================================================


[PromptAD] Initializing with use_lap=True
  Epoch 3: Semantic=89.67, Memory=86.87, Fusion=88.21
  Epoch 6: Semantic=89.58, Memory=86.87, Fusion=88.75 *** Best ***
  Epoch 9: Semantic=88.27, Memory=86.87, Fusion=88.71
  Epoch 12: Semantic=87.98, Memory=86.87, Fusion=89.25 *** Best ***
  Epoch 15: Semantic=88.79, Memory=86.87, Fusion=90.12 *** Best ***
  Epoch 18: Semantic=88.88, Memory=86.87, Fusion=91.00 *** Best ***
  Epoch 21: Semantic=89.29, Memory=86.87, Fusion=91.83 *** Best ***
  Epoch 24: Semantic=88.56, Memory=86.87, Fusion=92.46 *** Best ***
  Epoch 27: Semantic=88.35, Memory=86.87, Fusion=92.88 *** Best ***
  Epoch 30: Semantic=87.92, Memory=86.87, Fusion=92.92 *** Best ***
  Epoch 33: Semantic=87.29, Memory=86.87, Fusion=93.00 *** Best ***
  Epoch 36: Semantic=87.62, Memory=86.87, Fusion=92.71
  Epoch 39: Semantic=87.31, Memory=86.87, Fusion=91.96
  Epoch 42: Semantic=88.17, Memory=86.87, Fusion=91.54
  Epoch 45: Semantic=88.33, Memory=86.87, Fusion=90.46
  Epoch 48: Semantic=87.85, Memory=86.87, Fusion=89.75
  Epoch 51: Semantic=87.48, Memory=86.87, Fusion=89.00
  Epoch 54: Semantic=87.40, Memory=86.87, Fusion=88.58
  Epoch 57: Semantic=87.42, Memory=86.87, Fusion=88.21
  Epoch 60: Semantic=87.48, Memory=86.87, Fusion=88.21
  Epoch 63: Semantic=87.50, Memory=86.87, Fusion=88.00
  Epoch 66: Semantic=87.42, Memory=86.87, Fusion=87.96
  Epoch 69: Semantic=87.60, Memory=86.87, Fusion=87.92
  Epoch 72: Semantic=87.65, Memory=86.87, Fusion=87.96
  Epoch 75: Semantic=87.67, Memory=86.87, Fusion=87.96
  Epoch 78: Semantic=87.77, Memory=86.87, Fusion=88.08
  Epoch 81: Semantic=87.73, Memory=86.87, Fusion=88.08
  Epoch 84: Semantic=87.77, Memory=86.87, Fusion=88.08
  Epoch 87: Semantic=87.77, Memory=86.87, Fusion=88.12
  Epoch 90: Semantic=87.69, Memory=86.87, Fusion=88.04
  Epoch 93: Semantic=87.88, Memory=86.87, Fusion=87.92
  Epoch 96: Semantic=87.67, Memory=86.87, Fusion=88.04
  Epoch 99: Semantic=87.71, Memory=86.87, Fusion=88.04
  Epoch 100: Semantic=87.67, Memory=86.87, Fusion=88.04
Object:transistor =========================== Fusion-AUROC:93.0, Semantic:87.29, Memory:86.87


============================================================
[Prompt Configuration] Class: zipper
  - Mode: MAP+LAP (Baseline)
  - MAP prompts: 14
  - LAP prompts: 8 (generic anomaly templates)
============================================================


[PromptAD] Initializing with use_lap=True
  Epoch 3: Semantic=80.91, Memory=73.06, Fusion=73.90
  Epoch 6: Semantic=92.03, Memory=73.06, Fusion=74.47 *** Best ***
  Epoch 9: Semantic=96.31, Memory=73.06, Fusion=76.13 *** Best ***
  Epoch 12: Semantic=93.88, Memory=73.06, Fusion=76.81 *** Best ***
  Epoch 15: Semantic=92.03, Memory=73.06, Fusion=77.70 *** Best ***
  Epoch 18: Semantic=95.12, Memory=73.06, Fusion=83.90 *** Best ***
  Epoch 21: Semantic=95.98, Memory=73.06, Fusion=88.63 *** Best ***
  Epoch 24: Semantic=96.64, Memory=73.06, Fusion=93.22 *** Best ***
  Epoch 27: Semantic=96.72, Memory=73.06, Fusion=94.04 *** Best ***
  Epoch 30: Semantic=97.20, Memory=73.06, Fusion=96.45 *** Best ***
  Epoch 33: Semantic=97.14, Memory=73.06, Fusion=96.72 *** Best ***
  Epoch 36: Semantic=97.06, Memory=73.06, Fusion=96.72
  Epoch 39: Semantic=97.26, Memory=73.06, Fusion=97.06 *** Best ***
  Epoch 42: Semantic=96.70, Memory=73.06, Fusion=96.51
  Epoch 45: Semantic=96.43, Memory=73.06, Fusion=96.35
  Epoch 48: Semantic=96.52, Memory=73.06, Fusion=96.45
  Epoch 51: Semantic=96.52, Memory=73.06, Fusion=96.51
  Epoch 54: Semantic=96.40, Memory=73.06, Fusion=96.35
  Epoch 57: Semantic=96.40, Memory=73.06, Fusion=96.27
  Epoch 60: Semantic=96.28, Memory=73.06, Fusion=96.27
  Epoch 63: Semantic=96.22, Memory=73.06, Fusion=96.19
  Epoch 66: Semantic=96.17, Memory=73.06, Fusion=96.11
  Epoch 69: Semantic=96.15, Memory=73.06, Fusion=96.11
  Epoch 72: Semantic=96.11, Memory=73.06, Fusion=96.17
  Epoch 75: Semantic=96.13, Memory=73.06, Fusion=96.17
  Epoch 78: Semantic=96.14, Memory=73.06, Fusion=96.11
  Epoch 81: Semantic=96.24, Memory=73.06, Fusion=96.19
  Epoch 84: Semantic=96.15, Memory=73.06, Fusion=96.14
  Epoch 87: Semantic=96.19, Memory=73.06, Fusion=96.19
  Epoch 90: Semantic=96.17, Memory=73.06, Fusion=96.19
  Epoch 93: Semantic=96.18, Memory=73.06, Fusion=96.17
  Epoch 96: Semantic=96.22, Memory=73.06, Fusion=96.14
  Epoch 99: Semantic=96.15, Memory=73.06, Fusion=96.17
  Epoch 100: Semantic=96.18, Memory=73.06, Fusion=96.17
Object:zipper =========================== Fusion-AUROC:97.06, Semantic:97.26, Memory:73.06


============================================================
[Prompt Configuration] Class: capsules
  - Mode: MAP+LAP (Baseline)
  - MAP prompts: 13
  - LAP prompts: 8 (generic anomaly templates)
============================================================


[PromptAD] Initializing with use_lap=True
  Epoch 3: Semantic=60.93, Memory=76.41, Fusion=76.33
  Epoch 6: Semantic=60.33, Memory=76.41, Fusion=76.32
  Epoch 9: Semantic=57.98, Memory=76.41, Fusion=76.29
  Epoch 12: Semantic=66.54, Memory=76.41, Fusion=76.55 *** Best ***
  Epoch 15: Semantic=60.86, Memory=76.41, Fusion=76.24
  Epoch 18: Semantic=56.48, Memory=76.41, Fusion=75.67
  Epoch 21: Semantic=56.18, Memory=76.41, Fusion=74.84
  Epoch 24: Semantic=56.94, Memory=76.41, Fusion=73.50
  Epoch 27: Semantic=56.43, Memory=76.41, Fusion=70.02
  Epoch 30: Semantic=54.23, Memory=76.41, Fusion=64.30
  Epoch 33: Semantic=55.28, Memory=76.41, Fusion=61.87
  Epoch 36: Semantic=56.43, Memory=76.41, Fusion=60.78
  Epoch 39: Semantic=54.60, Memory=76.41, Fusion=58.08
  Epoch 42: Semantic=53.16, Memory=76.41, Fusion=56.08
  Epoch 45: Semantic=58.96, Memory=76.41, Fusion=61.10
  Epoch 48: Semantic=55.83, Memory=76.41, Fusion=57.71
  Epoch 51: Semantic=56.76, Memory=76.41, Fusion=58.41
  Epoch 54: Semantic=59.49, Memory=76.41, Fusion=60.92
  Epoch 57: Semantic=57.03, Memory=76.41, Fusion=58.34
  Epoch 60: Semantic=56.72, Memory=76.41, Fusion=57.81
  Epoch 63: Semantic=58.10, Memory=76.41, Fusion=59.13
  Epoch 66: Semantic=58.27, Memory=76.41, Fusion=59.19
  Epoch 69: Semantic=57.32, Memory=76.41, Fusion=58.31
  Epoch 72: Semantic=57.10, Memory=76.41, Fusion=58.08
  Epoch 75: Semantic=57.63, Memory=76.41, Fusion=58.53
  Epoch 78: Semantic=58.12, Memory=76.41, Fusion=59.00
  Epoch 81: Semantic=58.04, Memory=76.41, Fusion=58.87
  Epoch 84: Semantic=57.89, Memory=76.41, Fusion=58.80
  Epoch 87: Semantic=57.63, Memory=76.41, Fusion=58.50
  Epoch 90: Semantic=57.72, Memory=76.41, Fusion=58.68
  Epoch 93: Semantic=57.67, Memory=76.41, Fusion=58.62
  Epoch 96: Semantic=57.66, Memory=76.41, Fusion=58.56
  Epoch 99: Semantic=57.60, Memory=76.41, Fusion=58.53
  Epoch 100: Semantic=57.69, Memory=76.41, Fusion=58.64
Object:capsules =========================== Fusion-AUROC:76.55, Semantic:66.54, Memory:76.41


============================================================
[Prompt Configuration] Class: candle
  - Mode: MAP+LAP (Baseline)
  - MAP prompts: 15
  - LAP prompts: 8 (generic anomaly templates)
============================================================


[PromptAD] Initializing with use_lap=True
  Epoch 3: Semantic=93.71, Memory=84.33, Fusion=84.61
  Epoch 6: Semantic=90.30, Memory=84.33, Fusion=84.58
  Epoch 9: Semantic=94.97, Memory=84.33, Fusion=84.87 *** Best ***
  Epoch 12: Semantic=95.14, Memory=84.33, Fusion=85.07 *** Best ***
  Epoch 15: Semantic=94.99, Memory=84.33, Fusion=85.23 *** Best ***
  Epoch 18: Semantic=94.67, Memory=84.33, Fusion=85.48 *** Best ***
  Epoch 21: Semantic=94.70, Memory=84.33, Fusion=86.04 *** Best ***
  Epoch 24: Semantic=94.86, Memory=84.33, Fusion=86.84 *** Best ***
  Epoch 27: Semantic=94.99, Memory=84.33, Fusion=87.88 *** Best ***
  Epoch 30: Semantic=95.42, Memory=84.33, Fusion=89.11 *** Best ***
  Epoch 33: Semantic=95.69, Memory=84.33, Fusion=90.65 *** Best ***
  Epoch 36: Semantic=95.75, Memory=84.33, Fusion=90.02
  Epoch 39: Semantic=95.31, Memory=84.33, Fusion=91.65 *** Best ***
  Epoch 42: Semantic=95.29, Memory=84.33, Fusion=92.47 *** Best ***
  Epoch 45: Semantic=95.52, Memory=84.33, Fusion=92.34
  Epoch 48: Semantic=94.13, Memory=84.33, Fusion=93.04 *** Best ***
  Epoch 51: Semantic=94.56, Memory=84.33, Fusion=94.03 *** Best ***
  Epoch 54: Semantic=94.37, Memory=84.33, Fusion=94.18 *** Best ***
  Epoch 57: Semantic=94.46, Memory=84.33, Fusion=94.33 *** Best ***
  Epoch 60: Semantic=93.87, Memory=84.33, Fusion=94.08
  Epoch 63: Semantic=94.09, Memory=84.33, Fusion=94.25
  Epoch 66: Semantic=93.93, Memory=84.33, Fusion=94.22
  Epoch 69: Semantic=93.70, Memory=84.33, Fusion=94.06
  Epoch 72: Semantic=93.45, Memory=84.33, Fusion=93.80
  Epoch 75: Semantic=93.33, Memory=84.33, Fusion=93.70
  Epoch 78: Semantic=93.21, Memory=84.33, Fusion=93.62
  Epoch 81: Semantic=93.23, Memory=84.33, Fusion=93.61
  Epoch 84: Semantic=93.24, Memory=84.33, Fusion=93.61
  Epoch 87: Semantic=93.26, Memory=84.33, Fusion=93.60
  Epoch 90: Semantic=93.23, Memory=84.33, Fusion=93.57
  Epoch 93: Semantic=93.19, Memory=84.33, Fusion=93.54
  Epoch 96: Semantic=93.18, Memory=84.33, Fusion=93.53
  Epoch 99: Semantic=93.16, Memory=84.33, Fusion=93.52
  Epoch 100: Semantic=93.18, Memory=84.33, Fusion=93.54
Object:candle =========================== Fusion-AUROC:94.33, Semantic:94.46, Memory:84.33


============================================================
[Prompt Configuration] Class: cashew
  - Mode: MAP+LAP (Baseline)
  - MAP prompts: 13
  - LAP prompts: 8 (generic anomaly templates)
============================================================


[PromptAD] Initializing with use_lap=True
  Epoch 3: Semantic=92.72, Memory=84.33, Fusion=85.16
  Epoch 6: Semantic=91.75, Memory=84.33, Fusion=85.27 *** Best ***
  Epoch 9: Semantic=90.45, Memory=84.33, Fusion=85.49 *** Best ***
  Epoch 12: Semantic=87.87, Memory=84.33, Fusion=86.04 *** Best ***
  Epoch 15: Semantic=86.22, Memory=84.33, Fusion=86.15 *** Best ***
  Epoch 18: Semantic=90.24, Memory=84.33, Fusion=87.09 *** Best ***
  Epoch 21: Semantic=89.45, Memory=84.33, Fusion=88.17 *** Best ***
  Epoch 24: Semantic=89.46, Memory=84.33, Fusion=89.84 *** Best ***
  Epoch 27: Semantic=91.99, Memory=84.33, Fusion=92.33 *** Best ***
  Epoch 30: Semantic=91.74, Memory=84.33, Fusion=92.43 *** Best ***
  Epoch 33: Semantic=88.61, Memory=84.33, Fusion=90.01
  Epoch 36: Semantic=85.52, Memory=84.33, Fusion=86.99
  Epoch 39: Semantic=87.29, Memory=84.33, Fusion=88.17
  Epoch 42: Semantic=87.94, Memory=84.33, Fusion=88.58
  Epoch 45: Semantic=87.17, Memory=84.33, Fusion=87.65
  Epoch 48: Semantic=86.61, Memory=84.33, Fusion=87.01
  Epoch 51: Semantic=86.40, Memory=84.33, Fusion=86.67
  Epoch 54: Semantic=86.34, Memory=84.33, Fusion=86.57
  Epoch 57: Semantic=86.22, Memory=84.33, Fusion=86.45
  Epoch 60: Semantic=86.17, Memory=84.33, Fusion=86.37
  Epoch 63: Semantic=86.25, Memory=84.33, Fusion=86.46
  Epoch 66: Semantic=86.32, Memory=84.33, Fusion=86.51
  Epoch 69: Semantic=86.43, Memory=84.33, Fusion=86.58
  Epoch 72: Semantic=86.38, Memory=84.33, Fusion=86.51
  Epoch 75: Semantic=86.38, Memory=84.33, Fusion=86.55
  Epoch 78: Semantic=86.39, Memory=84.33, Fusion=86.55
  Epoch 81: Semantic=86.40, Memory=84.33, Fusion=86.53
  Epoch 84: Semantic=86.35, Memory=84.33, Fusion=86.47
  Epoch 87: Semantic=86.30, Memory=84.33, Fusion=86.43
  Epoch 90: Semantic=86.38, Memory=84.33, Fusion=86.52
  Epoch 93: Semantic=86.35, Memory=84.33, Fusion=86.45
  Epoch 96: Semantic=86.34, Memory=84.33, Fusion=86.46
  Epoch 99: Semantic=86.35, Memory=84.33, Fusion=86.48
  Epoch 100: Semantic=86.33, Memory=84.33, Fusion=86.43
Object:cashew =========================== Fusion-AUROC:92.43, Semantic:91.74, Memory:84.33


============================================================
[Prompt Configuration] Class: chewing gum
  - Mode: MAP+LAP (Baseline)
  - MAP prompts: 13
  - LAP prompts: 8 (generic anomaly templates)
============================================================


[PromptAD] Initializing with use_lap=True
  Epoch 3: Semantic=95.90, Memory=95.13, Fusion=95.27
  Epoch 6: Semantic=95.66, Memory=95.13, Fusion=95.32 *** Best ***
  Epoch 9: Semantic=95.52, Memory=95.13, Fusion=95.49 *** Best ***
  Epoch 12: Semantic=94.69, Memory=95.13, Fusion=95.74 *** Best ***
  Epoch 15: Semantic=93.71, Memory=95.13, Fusion=95.98 *** Best ***
  Epoch 18: Semantic=92.54, Memory=95.13, Fusion=96.11 *** Best ***
  Epoch 21: Semantic=92.22, Memory=95.13, Fusion=96.07
  Epoch 24: Semantic=91.84, Memory=95.13, Fusion=95.95
  Epoch 27: Semantic=91.47, Memory=95.13, Fusion=95.14
  Epoch 30: Semantic=91.74, Memory=95.13, Fusion=94.29
  Epoch 33: Semantic=92.23, Memory=95.13, Fusion=93.91
  Epoch 36: Semantic=91.74, Memory=95.13, Fusion=93.18
  Epoch 39: Semantic=91.85, Memory=95.13, Fusion=92.94
  Epoch 42: Semantic=92.11, Memory=95.13, Fusion=92.94
  Epoch 45: Semantic=92.56, Memory=95.13, Fusion=93.21
  Epoch 48: Semantic=92.57, Memory=95.13, Fusion=93.12
  Epoch 51: Semantic=92.34, Memory=95.13, Fusion=92.87
  Epoch 54: Semantic=92.59, Memory=95.13, Fusion=92.98
  Epoch 57: Semantic=92.62, Memory=95.13, Fusion=92.97
  Epoch 60: Semantic=92.47, Memory=95.13, Fusion=92.81
  Epoch 63: Semantic=92.40, Memory=95.13, Fusion=92.73
  Epoch 66: Semantic=92.39, Memory=95.13, Fusion=92.67
  Epoch 69: Semantic=92.33, Memory=95.13, Fusion=92.58
  Epoch 72: Semantic=92.32, Memory=95.13, Fusion=92.56
  Epoch 75: Semantic=92.28, Memory=95.13, Fusion=92.55
  Epoch 78: Semantic=92.30, Memory=95.13, Fusion=92.54
  Epoch 81: Semantic=92.24, Memory=95.13, Fusion=92.49
  Epoch 84: Semantic=92.25, Memory=95.13, Fusion=92.50
  Epoch 87: Semantic=92.26, Memory=95.13, Fusion=92.51
  Epoch 90: Semantic=92.23, Memory=95.13, Fusion=92.49
  Epoch 93: Semantic=92.22, Memory=95.13, Fusion=92.48
  Epoch 96: Semantic=92.24, Memory=95.13, Fusion=92.51
  Epoch 99: Semantic=92.24, Memory=95.13, Fusion=92.51
  Epoch 100: Semantic=92.23, Memory=95.13, Fusion=92.47
Object:chewinggum =========================== Fusion-AUROC:96.11, Semantic:92.54, Memory:95.13


============================================================
[Prompt Configuration] Class: fryum
  - Mode: MAP+LAP (Baseline)
  - MAP prompts: 14
  - LAP prompts: 8 (generic anomaly templates)
============================================================


[PromptAD] Initializing with use_lap=True
  Epoch 3: Semantic=73.51, Memory=86.10, Fusion=86.23
  Epoch 6: Semantic=74.94, Memory=86.10, Fusion=86.31 *** Best ***
  Epoch 9: Semantic=76.97, Memory=86.10, Fusion=86.51 *** Best ***
  Epoch 12: Semantic=76.76, Memory=86.10, Fusion=86.72 *** Best ***
  Epoch 15: Semantic=77.39, Memory=86.10, Fusion=86.57
  Epoch 18: Semantic=79.64, Memory=86.10, Fusion=86.47
  Epoch 21: Semantic=79.65, Memory=86.10, Fusion=85.23
  Epoch 24: Semantic=79.55, Memory=86.10, Fusion=84.02
  Epoch 27: Semantic=79.27, Memory=86.10, Fusion=82.91
  Epoch 30: Semantic=79.73, Memory=86.10, Fusion=82.89
  Epoch 33: Semantic=82.41, Memory=86.10, Fusion=84.33
  Epoch 36: Semantic=81.53, Memory=86.10, Fusion=83.14
  Epoch 39: Semantic=82.52, Memory=86.10, Fusion=83.80
  Epoch 42: Semantic=84.19, Memory=86.10, Fusion=85.16
  Epoch 45: Semantic=84.86, Memory=86.10, Fusion=85.71
  Epoch 48: Semantic=85.37, Memory=86.10, Fusion=86.02
  Epoch 51: Semantic=85.54, Memory=86.10, Fusion=86.17
  Epoch 54: Semantic=85.36, Memory=86.10, Fusion=85.93
  Epoch 57: Semantic=85.63, Memory=86.10, Fusion=86.13
  Epoch 60: Semantic=86.15, Memory=86.10, Fusion=86.54
  Epoch 63: Semantic=86.41, Memory=86.10, Fusion=86.77 *** Best ***
  Epoch 66: Semantic=86.60, Memory=86.10, Fusion=86.94 *** Best ***
  Epoch 69: Semantic=86.61, Memory=86.10, Fusion=86.94 *** Best ***
  Epoch 72: Semantic=86.66, Memory=86.10, Fusion=86.99 *** Best ***
  Epoch 75: Semantic=86.72, Memory=86.10, Fusion=87.03 *** Best ***
  Epoch 78: Semantic=86.71, Memory=86.10, Fusion=87.05 *** Best ***
  Epoch 81: Semantic=86.66, Memory=86.10, Fusion=87.02
  Epoch 84: Semantic=86.72, Memory=86.10, Fusion=87.02
  Epoch 87: Semantic=86.71, Memory=86.10, Fusion=87.01
  Epoch 90: Semantic=86.79, Memory=86.10, Fusion=87.08 *** Best ***
  Epoch 93: Semantic=86.74, Memory=86.10, Fusion=87.05
  Epoch 96: Semantic=86.78, Memory=86.10, Fusion=87.08 *** Best ***
  Epoch 99: Semantic=86.77, Memory=86.10, Fusion=87.10 *** Best ***
  Epoch 100: Semantic=86.77, Memory=86.10, Fusion=87.08
Object:fryum =========================== Fusion-AUROC:87.1, Semantic:86.77, Memory:86.1


============================================================
[Prompt Configuration] Class: macaroni
  - Mode: MAP+LAP (Baseline)
  - MAP prompts: 13
  - LAP prompts: 8 (generic anomaly templates)
============================================================


[PromptAD] Initializing with use_lap=True
  Epoch 3: Semantic=76.88, Memory=81.28, Fusion=81.52
  Epoch 6: Semantic=72.08, Memory=81.28, Fusion=81.50
  Epoch 9: Semantic=75.32, Memory=81.28, Fusion=81.66 *** Best ***
  Epoch 12: Semantic=76.08, Memory=81.28, Fusion=81.76 *** Best ***
  Epoch 15: Semantic=80.03, Memory=81.28, Fusion=82.02 *** Best ***
  Epoch 18: Semantic=82.17, Memory=81.28, Fusion=82.56 *** Best ***
  Epoch 21: Semantic=83.99, Memory=81.28, Fusion=83.73 *** Best ***
  Epoch 24: Semantic=84.13, Memory=81.28, Fusion=84.90 *** Best ***
  Epoch 27: Semantic=84.56, Memory=81.28, Fusion=86.28 *** Best ***
  Epoch 30: Semantic=85.26, Memory=81.28, Fusion=87.46 *** Best ***
  Epoch 33: Semantic=85.20, Memory=81.28, Fusion=88.11 *** Best ***
  Epoch 36: Semantic=84.60, Memory=81.28, Fusion=87.92
  Epoch 39: Semantic=83.63, Memory=81.28, Fusion=86.89
  Epoch 42: Semantic=84.09, Memory=81.28, Fusion=86.70
  Epoch 45: Semantic=84.31, Memory=81.28, Fusion=86.47
  Epoch 48: Semantic=84.48, Memory=81.28, Fusion=86.30
  Epoch 51: Semantic=83.65, Memory=81.28, Fusion=85.40
  Epoch 54: Semantic=83.61, Memory=81.28, Fusion=85.02
  Epoch 57: Semantic=83.45, Memory=81.28, Fusion=84.68
  Epoch 60: Semantic=83.38, Memory=81.28, Fusion=84.50
  Epoch 63: Semantic=83.29, Memory=81.28, Fusion=84.24
  Epoch 66: Semantic=83.17, Memory=81.28, Fusion=84.06
  Epoch 69: Semantic=83.08, Memory=81.28, Fusion=83.95
  Epoch 72: Semantic=83.04, Memory=81.28, Fusion=83.89
  Epoch 75: Semantic=82.95, Memory=81.28, Fusion=83.80
  Epoch 78: Semantic=82.83, Memory=81.28, Fusion=83.67
  Epoch 81: Semantic=82.84, Memory=81.28, Fusion=83.62
  Epoch 84: Semantic=82.87, Memory=81.28, Fusion=83.67
  Epoch 87: Semantic=82.90, Memory=81.28, Fusion=83.70
  Epoch 90: Semantic=82.94, Memory=81.28, Fusion=83.68
  Epoch 93: Semantic=82.92, Memory=81.28, Fusion=83.69
  Epoch 96: Semantic=82.87, Memory=81.28, Fusion=83.64
  Epoch 99: Semantic=82.79, Memory=81.28, Fusion=83.57
  Epoch 100: Semantic=82.85, Memory=81.28, Fusion=83.64
Object:macaroni1 =========================== Fusion-AUROC:88.11, Semantic:85.2, Memory:81.28


============================================================
[Prompt Configuration] Class: macaroni
  - Mode: MAP+LAP (Baseline)
  - MAP prompts: 13
  - LAP prompts: 8 (generic anomaly templates)
============================================================


[PromptAD] Initializing with use_lap=True
  Epoch 3: Semantic=69.35, Memory=77.49, Fusion=77.87
  Epoch 6: Semantic=70.41, Memory=77.49, Fusion=78.02 *** Best ***
  Epoch 9: Semantic=71.60, Memory=77.49, Fusion=78.14 *** Best ***
  Epoch 12: Semantic=69.25, Memory=77.49, Fusion=78.21 *** Best ***
  Epoch 15: Semantic=68.50, Memory=77.49, Fusion=78.37 *** Best ***
  Epoch 18: Semantic=66.41, Memory=77.49, Fusion=78.26
  Epoch 21: Semantic=67.07, Memory=77.49, Fusion=78.18
  Epoch 24: Semantic=66.36, Memory=77.49, Fusion=77.23
  Epoch 27: Semantic=66.40, Memory=77.49, Fusion=75.12
  Epoch 30: Semantic=66.13, Memory=77.49, Fusion=72.50
  Epoch 33: Semantic=65.10, Memory=77.49, Fusion=69.71
  Epoch 36: Semantic=64.27, Memory=77.49, Fusion=67.45
  Epoch 39: Semantic=63.07, Memory=77.49, Fusion=65.41
  Epoch 42: Semantic=63.13, Memory=77.49, Fusion=64.89
  Epoch 45: Semantic=62.34, Memory=77.49, Fusion=63.73
  Epoch 48: Semantic=61.97, Memory=77.49, Fusion=63.18
  Epoch 51: Semantic=61.63, Memory=77.49, Fusion=62.63
  Epoch 54: Semantic=61.37, Memory=77.49, Fusion=62.24
  Epoch 57: Semantic=61.32, Memory=77.49, Fusion=62.11
  Epoch 60: Semantic=60.95, Memory=77.49, Fusion=61.72
  Epoch 63: Semantic=60.74, Memory=77.49, Fusion=61.40
  Epoch 66: Semantic=60.47, Memory=77.49, Fusion=61.10
  Epoch 69: Semantic=60.49, Memory=77.49, Fusion=61.03
  Epoch 72: Semantic=60.40, Memory=77.49, Fusion=60.98
  Epoch 75: Semantic=60.31, Memory=77.49, Fusion=60.88
  Epoch 78: Semantic=60.28, Memory=77.49, Fusion=60.81
  Epoch 81: Semantic=60.24, Memory=77.49, Fusion=60.76
  Epoch 84: Semantic=60.23, Memory=77.49, Fusion=60.71
  Epoch 87: Semantic=60.22, Memory=77.49, Fusion=60.70
  Epoch 90: Semantic=60.17, Memory=77.49, Fusion=60.66
  Epoch 93: Semantic=60.18, Memory=77.49, Fusion=60.68
  Epoch 96: Semantic=60.16, Memory=77.49, Fusion=60.62
  Epoch 99: Semantic=60.14, Memory=77.49, Fusion=60.61
  Epoch 100: Semantic=60.13, Memory=77.49, Fusion=60.60
Object:macaroni2 =========================== Fusion-AUROC:78.37, Semantic:68.5, Memory:77.49


============================================================
[Prompt Configuration] Class: printed circuit board
  - Mode: MAP+LAP (Baseline)
  - MAP prompts: 12
  - LAP prompts: 8 (generic anomaly templates)
============================================================


[PromptAD] Initializing with use_lap=True
  Epoch 3: Semantic=63.78, Memory=93.13, Fusion=93.14
  Epoch 6: Semantic=83.01, Memory=93.13, Fusion=93.24 *** Best ***
  Epoch 9: Semantic=87.26, Memory=93.13, Fusion=93.30 *** Best ***
  Epoch 12: Semantic=87.34, Memory=93.13, Fusion=93.35 *** Best ***
  Epoch 15: Semantic=88.02, Memory=93.13, Fusion=93.42 *** Best ***
  Epoch 18: Semantic=88.74, Memory=93.13, Fusion=93.63 *** Best ***
  Epoch 21: Semantic=90.19, Memory=93.13, Fusion=94.07 *** Best ***
  Epoch 24: Semantic=90.71, Memory=93.13, Fusion=94.43 *** Best ***
  Epoch 27: Semantic=90.68, Memory=93.13, Fusion=94.59 *** Best ***
  Epoch 30: Semantic=90.83, Memory=93.13, Fusion=94.63 *** Best ***
  Epoch 33: Semantic=91.13, Memory=93.13, Fusion=94.58
  Epoch 36: Semantic=91.12, Memory=93.13, Fusion=94.38
  Epoch 39: Semantic=91.55, Memory=93.13, Fusion=94.17
  Epoch 42: Semantic=91.50, Memory=93.13, Fusion=93.69
  Epoch 45: Semantic=91.26, Memory=93.13, Fusion=93.12
  Epoch 48: Semantic=91.21, Memory=93.13, Fusion=92.69
  Epoch 51: Semantic=91.10, Memory=93.13, Fusion=92.31
  Epoch 54: Semantic=91.00, Memory=93.13, Fusion=92.03
  Epoch 57: Semantic=91.05, Memory=93.13, Fusion=91.93
  Epoch 60: Semantic=90.95, Memory=93.13, Fusion=91.74
  Epoch 63: Semantic=90.92, Memory=93.13, Fusion=91.63
  Epoch 66: Semantic=90.96, Memory=93.13, Fusion=91.65
  Epoch 69: Semantic=90.93, Memory=93.13, Fusion=91.55
  Epoch 72: Semantic=90.97, Memory=93.13, Fusion=91.58
  Epoch 75: Semantic=90.99, Memory=93.13, Fusion=91.53
  Epoch 78: Semantic=90.99, Memory=93.13, Fusion=91.55
  Epoch 81: Semantic=90.97, Memory=93.13, Fusion=91.51
  Epoch 84: Semantic=90.97, Memory=93.13, Fusion=91.50
  Epoch 87: Semantic=90.96, Memory=93.13, Fusion=91.50
  Epoch 90: Semantic=91.00, Memory=93.13, Fusion=91.52
  Epoch 93: Semantic=91.01, Memory=93.13, Fusion=91.52
  Epoch 96: Semantic=91.00, Memory=93.13, Fusion=91.51
  Epoch 99: Semantic=90.99, Memory=93.13, Fusion=91.51
  Epoch 100: Semantic=91.01, Memory=93.13, Fusion=91.51
Object:pcb1 =========================== Fusion-AUROC:94.63, Semantic:90.83, Memory:93.13


============================================================
[Prompt Configuration] Class: printed circuit board
  - Mode: MAP+LAP (Baseline)
  - MAP prompts: 12
  - LAP prompts: 8 (generic anomaly templates)
============================================================


[PromptAD] Initializing with use_lap=True
  Epoch 3: Semantic=52.33, Memory=74.89, Fusion=74.88
  Epoch 6: Semantic=54.92, Memory=74.89, Fusion=74.99 *** Best ***
  Epoch 9: Semantic=57.70, Memory=74.89, Fusion=75.08 *** Best ***
  Epoch 12: Semantic=58.27, Memory=74.89, Fusion=75.18 *** Best ***
  Epoch 15: Semantic=58.17, Memory=74.89, Fusion=75.21 *** Best ***
  Epoch 18: Semantic=57.50, Memory=74.89, Fusion=75.25 *** Best ***
  Epoch 21: Semantic=56.28, Memory=74.89, Fusion=75.17
  Epoch 24: Semantic=58.59, Memory=74.89, Fusion=75.32 *** Best ***
  Epoch 27: Semantic=59.03, Memory=74.89, Fusion=75.47 *** Best ***
  Epoch 30: Semantic=60.47, Memory=74.89, Fusion=75.80 *** Best ***
  Epoch 33: Semantic=62.17, Memory=74.89, Fusion=76.18 *** Best ***
  Epoch 36: Semantic=63.27, Memory=74.89, Fusion=76.55 *** Best ***
  Epoch 39: Semantic=64.16, Memory=74.89, Fusion=76.89 *** Best ***
  Epoch 42: Semantic=64.24, Memory=74.89, Fusion=76.76
  Epoch 45: Semantic=65.36, Memory=74.89, Fusion=76.71
  Epoch 48: Semantic=65.75, Memory=74.89, Fusion=76.26
  Epoch 51: Semantic=66.12, Memory=74.89, Fusion=75.51
  Epoch 54: Semantic=66.58, Memory=74.89, Fusion=74.84
  Epoch 57: Semantic=67.12, Memory=74.89, Fusion=74.15
  Epoch 60: Semantic=67.86, Memory=74.89, Fusion=73.85
  Epoch 63: Semantic=68.27, Memory=74.89, Fusion=73.39
  Epoch 66: Semantic=68.68, Memory=74.89, Fusion=73.03
  Epoch 69: Semantic=69.25, Memory=74.89, Fusion=73.10
  Epoch 72: Semantic=69.55, Memory=74.89, Fusion=73.01
  Epoch 75: Semantic=69.77, Memory=74.89, Fusion=73.00
  Epoch 78: Semantic=69.88, Memory=74.89, Fusion=72.91
  Epoch 81: Semantic=70.22, Memory=74.89, Fusion=73.00
  Epoch 84: Semantic=70.33, Memory=74.89, Fusion=73.04
  Epoch 87: Semantic=70.42, Memory=74.89, Fusion=73.00
  Epoch 90: Semantic=70.60, Memory=74.89, Fusion=73.13
  Epoch 93: Semantic=70.54, Memory=74.89, Fusion=73.02
  Epoch 96: Semantic=70.68, Memory=74.89, Fusion=73.16
  Epoch 99: Semantic=70.57, Memory=74.89, Fusion=73.03
  Epoch 100: Semantic=70.53, Memory=74.89, Fusion=73.01
Object:pcb2 =========================== Fusion-AUROC:76.89, Semantic:64.16, Memory:74.89


============================================================
[Prompt Configuration] Class: printed circuit board
  - Mode: MAP+LAP (Baseline)
  - MAP prompts: 12
  - LAP prompts: 8 (generic anomaly templates)
============================================================


[PromptAD] Initializing with use_lap=True
  Epoch 3: Semantic=70.13, Memory=71.92, Fusion=72.05
  Epoch 6: Semantic=70.77, Memory=71.92, Fusion=72.09 *** Best ***
  Epoch 9: Semantic=68.96, Memory=71.92, Fusion=72.09
  Epoch 12: Semantic=67.72, Memory=71.92, Fusion=72.10 *** Best ***
  Epoch 15: Semantic=68.03, Memory=71.92, Fusion=72.17 *** Best ***
  Epoch 18: Semantic=70.75, Memory=71.92, Fusion=72.31 *** Best ***
  Epoch 21: Semantic=72.23, Memory=71.92, Fusion=72.46 *** Best ***
  Epoch 24: Semantic=72.75, Memory=71.92, Fusion=72.69 *** Best ***
  Epoch 27: Semantic=74.39, Memory=71.92, Fusion=72.99 *** Best ***
  Epoch 30: Semantic=72.92, Memory=71.92, Fusion=73.20 *** Best ***
  Epoch 33: Semantic=71.21, Memory=71.92, Fusion=73.48 *** Best ***
  Epoch 36: Semantic=71.18, Memory=71.92, Fusion=74.06 *** Best ***
  Epoch 39: Semantic=70.62, Memory=71.92, Fusion=74.64 *** Best ***
  Epoch 42: Semantic=70.29, Memory=71.92, Fusion=75.17 *** Best ***
  Epoch 45: Semantic=70.08, Memory=71.92, Fusion=75.25 *** Best ***
  Epoch 48: Semantic=70.13, Memory=71.92, Fusion=75.10
  Epoch 51: Semantic=70.62, Memory=71.92, Fusion=75.25 *** Best ***
  Epoch 54: Semantic=70.28, Memory=71.92, Fusion=74.36
  Epoch 57: Semantic=70.56, Memory=71.92, Fusion=74.21
  Epoch 60: Semantic=69.51, Memory=71.92, Fusion=72.55
  Epoch 63: Semantic=70.25, Memory=71.92, Fusion=72.98
  Epoch 66: Semantic=69.50, Memory=71.92, Fusion=71.80
  Epoch 69: Semantic=69.60, Memory=71.92, Fusion=71.66
  Epoch 72: Semantic=69.58, Memory=71.92, Fusion=71.39
  Epoch 75: Semantic=69.48, Memory=71.92, Fusion=71.13
  Epoch 78: Semantic=69.74, Memory=71.92, Fusion=71.34
  Epoch 81: Semantic=69.53, Memory=71.92, Fusion=71.03
  Epoch 84: Semantic=69.62, Memory=71.92, Fusion=71.10
  Epoch 87: Semantic=69.43, Memory=71.92, Fusion=70.82
  Epoch 90: Semantic=69.50, Memory=71.92, Fusion=70.88
  Epoch 93: Semantic=69.53, Memory=71.92, Fusion=70.89
  Epoch 96: Semantic=69.48, Memory=71.92, Fusion=70.88
  Epoch 99: Semantic=69.50, Memory=71.92, Fusion=70.85
  Epoch 100: Semantic=69.56, Memory=71.92, Fusion=70.92
Object:pcb3 =========================== Fusion-AUROC:75.25, Semantic:70.62, Memory:71.92


============================================================
[Prompt Configuration] Class: printed circuit board
  - Mode: MAP+LAP (Baseline)
  - MAP prompts: 15
  - LAP prompts: 8 (generic anomaly templates)
============================================================


[PromptAD] Initializing with use_lap=True
  Epoch 3: Semantic=85.25, Memory=77.07, Fusion=77.64
  Epoch 6: Semantic=85.64, Memory=77.07, Fusion=78.11 *** Best ***
  Epoch 9: Semantic=83.42, Memory=77.07, Fusion=78.30 *** Best ***
  Epoch 12: Semantic=84.10, Memory=77.07, Fusion=78.74 *** Best ***
  Epoch 15: Semantic=82.07, Memory=77.07, Fusion=78.71
  Epoch 18: Semantic=79.91, Memory=77.07, Fusion=78.93 *** Best ***
  Epoch 21: Semantic=80.47, Memory=77.07, Fusion=79.66 *** Best ***
  Epoch 24: Semantic=81.48, Memory=77.07, Fusion=80.69 *** Best ***
  Epoch 27: Semantic=80.21, Memory=77.07, Fusion=81.05 *** Best ***
  Epoch 30: Semantic=79.57, Memory=77.07, Fusion=81.92 *** Best ***
  Epoch 33: Semantic=79.99, Memory=77.07, Fusion=83.01 *** Best ***
  Epoch 36: Semantic=81.02, Memory=77.07, Fusion=83.96 *** Best ***
  Epoch 39: Semantic=80.60, Memory=77.07, Fusion=83.70
  Epoch 42: Semantic=80.43, Memory=77.07, Fusion=83.49
  Epoch 45: Semantic=80.68, Memory=77.07, Fusion=83.47
  Epoch 48: Semantic=79.48, Memory=77.07, Fusion=82.61
  Epoch 51: Semantic=81.29, Memory=77.07, Fusion=83.29
  Epoch 54: Semantic=81.61, Memory=77.07, Fusion=83.54
  Epoch 57: Semantic=80.60, Memory=77.07, Fusion=82.24
  Epoch 60: Semantic=80.94, Memory=77.07, Fusion=82.35
  Epoch 63: Semantic=81.44, Memory=77.07, Fusion=82.58
  Epoch 66: Semantic=82.73, Memory=77.07, Fusion=83.69
  Epoch 69: Semantic=82.36, Memory=77.07, Fusion=83.24
  Epoch 72: Semantic=82.19, Memory=77.07, Fusion=83.04
  Epoch 75: Semantic=82.41, Memory=77.07, Fusion=83.23
  Epoch 78: Semantic=82.54, Memory=77.07, Fusion=83.26
  Epoch 81: Semantic=82.53, Memory=77.07, Fusion=83.25
  Epoch 84: Semantic=82.49, Memory=77.07, Fusion=83.23
  Epoch 87: Semantic=82.65, Memory=77.07, Fusion=83.33
  Epoch 90: Semantic=82.73, Memory=77.07, Fusion=83.42
  Epoch 93: Semantic=82.73, Memory=77.07, Fusion=83.42
  Epoch 96: Semantic=82.73, Memory=77.07, Fusion=83.43
  Epoch 99: Semantic=82.71, Memory=77.07, Fusion=83.43
  Epoch 100: Semantic=82.73, Memory=77.07, Fusion=83.41
Object:pcb4 =========================== Fusion-AUROC:83.96, Semantic:81.02, Memory:77.07


============================================================
[Prompt Configuration] Class: pipe fryum
  - Mode: MAP+LAP (Baseline)
  - MAP prompts: 14
  - LAP prompts: 8 (generic anomaly templates)
============================================================


[PromptAD] Initializing with use_lap=True
  Epoch 3: Semantic=75.38, Memory=98.71, Fusion=98.69
  Epoch 6: Semantic=76.88, Memory=98.71, Fusion=98.68
  Epoch 9: Semantic=78.93, Memory=98.71, Fusion=98.68
  Epoch 12: Semantic=77.66, Memory=98.71, Fusion=98.59
  Epoch 15: Semantic=83.32, Memory=98.71, Fusion=98.70 *** Best ***
  Epoch 18: Semantic=81.38, Memory=98.71, Fusion=98.37
  Epoch 21: Semantic=82.99, Memory=98.71, Fusion=97.92
  Epoch 24: Semantic=81.82, Memory=98.71, Fusion=96.86
  Epoch 27: Semantic=82.85, Memory=98.71, Fusion=95.31
  Epoch 30: Semantic=81.60, Memory=98.71, Fusion=93.04
  Epoch 33: Semantic=81.09, Memory=98.71, Fusion=91.08
  Epoch 36: Semantic=82.02, Memory=98.71, Fusion=90.20
  Epoch 39: Semantic=82.96, Memory=98.71, Fusion=89.70
  Epoch 42: Semantic=83.67, Memory=98.71, Fusion=89.29
  Epoch 45: Semantic=84.70, Memory=98.71, Fusion=89.29
  Epoch 48: Semantic=84.46, Memory=98.71, Fusion=88.45
  Epoch 51: Semantic=84.56, Memory=98.71, Fusion=88.01
  Epoch 54: Semantic=84.71, Memory=98.71, Fusion=87.82
  Epoch 57: Semantic=85.01, Memory=98.71, Fusion=87.76
  Epoch 60: Semantic=85.42, Memory=98.71, Fusion=87.85
  Epoch 63: Semantic=85.39, Memory=98.71, Fusion=87.64
  Epoch 66: Semantic=85.25, Memory=98.71, Fusion=87.38
  Epoch 69: Semantic=85.42, Memory=98.71, Fusion=87.41
  Epoch 72: Semantic=85.49, Memory=98.71, Fusion=87.38
  Epoch 75: Semantic=85.57, Memory=98.71, Fusion=87.40
  Epoch 78: Semantic=85.55, Memory=98.71, Fusion=87.33
  Epoch 81: Semantic=85.62, Memory=98.71, Fusion=87.33
  Epoch 84: Semantic=85.67, Memory=98.71, Fusion=87.35
  Epoch 87: Semantic=85.66, Memory=98.71, Fusion=87.32
  Epoch 90: Semantic=85.68, Memory=98.71, Fusion=87.29
  Epoch 93: Semantic=85.74, Memory=98.71, Fusion=87.33
  Epoch 96: Semantic=85.73, Memory=98.71, Fusion=87.34
  Epoch 99: Semantic=85.74, Memory=98.71, Fusion=87.34
  Epoch 100: Semantic=85.73, Memory=98.71, Fusion=87.33
Object:pipe_fryum =========================== Fusion-AUROC:98.7, Semantic:83.32, Memory:98.71


============================================================
[Prompt Configuration] Class: grid
  - Mode: MAP+LAP (Baseline)
  - MAP prompts: 14
  - LAP prompts: 8 (generic anomaly templates)
============================================================


[PromptAD] Initializing with use_lap=True
  Epoch 3: Semantic=98.79, Memory=95.49, Fusion=96.24
  Epoch 6: Semantic=99.42, Memory=95.49, Fusion=96.24
  Epoch 9: Semantic=99.46, Memory=95.49, Fusion=96.49 *** Best ***
  Epoch 12: Semantic=99.25, Memory=95.49, Fusion=96.99 *** Best ***
  Epoch 15: Semantic=99.21, Memory=95.49, Fusion=97.66 *** Best ***
  Epoch 18: Semantic=99.00, Memory=95.49, Fusion=97.91 *** Best ***
  Epoch 21: Semantic=98.66, Memory=95.49, Fusion=98.25 *** Best ***
  Epoch 24: Semantic=97.83, Memory=95.49, Fusion=97.99
  Epoch 27: Semantic=97.16, Memory=95.49, Fusion=97.49
  Epoch 30: Semantic=95.74, Memory=95.49, Fusion=96.57
  Epoch 33: Semantic=95.41, Memory=95.49, Fusion=96.07
  Epoch 36: Semantic=94.40, Memory=95.49, Fusion=94.65
  Epoch 39: Semantic=94.40, Memory=95.49, Fusion=94.65
  Epoch 42: Semantic=94.11, Memory=95.49, Fusion=94.40
  Epoch 45: Semantic=93.40, Memory=95.49, Fusion=93.65
  Epoch 48: Semantic=93.32, Memory=95.49, Fusion=93.65
  Epoch 51: Semantic=92.27, Memory=95.49, Fusion=92.73
  Epoch 54: Semantic=91.90, Memory=95.49, Fusion=92.23
  Epoch 57: Semantic=91.40, Memory=95.49, Fusion=91.56
  Epoch 60: Semantic=90.89, Memory=95.49, Fusion=90.98
  Epoch 63: Semantic=90.77, Memory=95.49, Fusion=90.73
  Epoch 66: Semantic=90.64, Memory=95.49, Fusion=90.73
  Epoch 69: Semantic=90.14, Memory=95.49, Fusion=90.73
  Epoch 72: Semantic=90.52, Memory=95.49, Fusion=90.81
  Epoch 75: Semantic=90.64, Memory=95.49, Fusion=90.73
  Epoch 78: Semantic=90.48, Memory=95.49, Fusion=90.73
  Epoch 81: Semantic=90.48, Memory=95.49, Fusion=90.73
  Epoch 84: Semantic=90.43, Memory=95.49, Fusion=90.56
  Epoch 87: Semantic=90.39, Memory=95.49, Fusion=90.56
  Epoch 90: Semantic=90.27, Memory=95.49, Fusion=90.56
  Epoch 93: Semantic=90.27, Memory=95.49, Fusion=90.56
  Epoch 96: Semantic=90.31, Memory=95.49, Fusion=90.56
  Epoch 99: Semantic=90.14, Memory=95.49, Fusion=90.56
  Epoch 100: Semantic=90.18, Memory=95.49, Fusion=90.56
Object:grid =========================== Fusion-AUROC:98.25, Semantic:98.66, Memory:95.49


============================================================
[Prompt Configuration] Class: carpet
  - Mode: MAP+LAP (Baseline)
  - MAP prompts: 14
  - LAP prompts: 8 (generic anomaly templates)
============================================================


[PromptAD] Initializing with use_lap=True
  Epoch 3: Semantic=99.92, Memory=99.88, Fusion=99.88
  Epoch 6: Semantic=99.90, Memory=99.88, Fusion=99.88
  Epoch 9: Semantic=100.00, Memory=99.88, Fusion=99.96 *** Best ***
  Epoch 12: Semantic=99.96, Memory=99.88, Fusion=100.00 *** Best ***
  Epoch 15: Semantic=99.96, Memory=99.88, Fusion=100.00
  Epoch 18: Semantic=99.98, Memory=99.88, Fusion=100.00
  Epoch 21: Semantic=99.92, Memory=99.88, Fusion=100.00
  Epoch 24: Semantic=99.94, Memory=99.88, Fusion=100.00
  Epoch 27: Semantic=99.96, Memory=99.88, Fusion=100.00
  Epoch 30: Semantic=99.92, Memory=99.88, Fusion=99.96
  Epoch 33: Semantic=99.96, Memory=99.88, Fusion=99.96
  Epoch 36: Semantic=99.96, Memory=99.88, Fusion=99.96
  Epoch 39: Semantic=99.92, Memory=99.88, Fusion=99.96
  Epoch 42: Semantic=99.92, Memory=99.88, Fusion=99.92
  Epoch 45: Semantic=99.92, Memory=99.88, Fusion=99.92
  Epoch 48: Semantic=99.92, Memory=99.88, Fusion=99.92
  Epoch 51: Semantic=99.92, Memory=99.88, Fusion=99.92
  Epoch 54: Semantic=99.92, Memory=99.88, Fusion=99.92
  Epoch 57: Semantic=99.92, Memory=99.88, Fusion=99.92
  Epoch 60: Semantic=99.92, Memory=99.88, Fusion=99.92
  Epoch 63: Semantic=99.92, Memory=99.88, Fusion=99.92
  Epoch 66: Semantic=99.92, Memory=99.88, Fusion=99.92
  Epoch 69: Semantic=99.92, Memory=99.88, Fusion=99.92
  Epoch 72: Semantic=99.92, Memory=99.88, Fusion=99.92
  Epoch 75: Semantic=99.92, Memory=99.88, Fusion=99.92
  Epoch 78: Semantic=99.92, Memory=99.88, Fusion=99.92
  Epoch 81: Semantic=99.92, Memory=99.88, Fusion=99.92
  Epoch 84: Semantic=99.92, Memory=99.88, Fusion=99.92
  Epoch 87: Semantic=99.92, Memory=99.88, Fusion=99.92
  Epoch 90: Semantic=99.92, Memory=99.88, Fusion=99.92
  Epoch 93: Semantic=99.92, Memory=99.88, Fusion=99.92
  Epoch 96: Semantic=99.92, Memory=99.88, Fusion=99.92
  Epoch 99: Semantic=99.92, Memory=99.88, Fusion=99.92
  Epoch 100: Semantic=99.92, Memory=99.88, Fusion=99.92
Object:carpet =========================== Fusion-AUROC:100.0, Semantic:99.96, Memory:99.88


============================================================
[Prompt Configuration] Class: leather
  - Mode: MAP+LAP (Baseline)
  - MAP prompts: 13
  - LAP prompts: 8 (generic anomaly templates)
============================================================


[PromptAD] Initializing with use_lap=True
  Epoch 3: Semantic=100.00, Memory=99.80, Fusion=99.86
  Epoch 6: Semantic=100.00, Memory=99.80, Fusion=99.93 *** Best ***
  Epoch 9: Semantic=100.00, Memory=99.80, Fusion=99.93
  Epoch 12: Semantic=100.00, Memory=99.80, Fusion=99.93
  Epoch 15: Semantic=100.00, Memory=99.80, Fusion=100.00 *** Best ***
  Epoch 18: Semantic=100.00, Memory=99.80, Fusion=100.00
  Epoch 21: Semantic=100.00, Memory=99.80, Fusion=100.00
  Epoch 24: Semantic=100.00, Memory=99.80, Fusion=100.00
  Epoch 27: Semantic=100.00, Memory=99.80, Fusion=100.00
  Epoch 30: Semantic=100.00, Memory=99.80, Fusion=100.00
  Epoch 33: Semantic=100.00, Memory=99.80, Fusion=100.00
  Epoch 36: Semantic=100.00, Memory=99.80, Fusion=100.00
  Epoch 39: Semantic=100.00, Memory=99.80, Fusion=100.00
  Epoch 42: Semantic=100.00, Memory=99.80, Fusion=100.00
  Epoch 45: Semantic=100.00, Memory=99.80, Fusion=100.00
  Epoch 48: Semantic=100.00, Memory=99.80, Fusion=100.00
  Epoch 51: Semantic=100.00, Memory=99.80, Fusion=100.00
  Epoch 54: Semantic=100.00, Memory=99.80, Fusion=100.00
  Epoch 57: Semantic=100.00, Memory=99.80, Fusion=100.00
  Epoch 60: Semantic=100.00, Memory=99.80, Fusion=100.00
  Epoch 63: Semantic=100.00, Memory=99.80, Fusion=100.00
  Epoch 66: Semantic=100.00, Memory=99.80, Fusion=100.00
  Epoch 69: Semantic=100.00, Memory=99.80, Fusion=100.00
  Epoch 72: Semantic=100.00, Memory=99.80, Fusion=100.00
  Epoch 75: Semantic=100.00, Memory=99.80, Fusion=100.00
  Epoch 78: Semantic=100.00, Memory=99.80, Fusion=100.00
  Epoch 81: Semantic=100.00, Memory=99.80, Fusion=100.00
  Epoch 84: Semantic=100.00, Memory=99.80, Fusion=100.00
  Epoch 87: Semantic=100.00, Memory=99.80, Fusion=100.00
  Epoch 90: Semantic=100.00, Memory=99.80, Fusion=100.00
  Epoch 93: Semantic=100.00, Memory=99.80, Fusion=100.00
  Epoch 96: Semantic=100.00, Memory=99.80, Fusion=100.00
  Epoch 99: Semantic=100.00, Memory=99.80, Fusion=100.00
  Epoch 100: Semantic=100.00, Memory=99.80, Fusion=100.00
Object:leather =========================== Fusion-AUROC:100.0, Semantic:100.0, Memory:99.8


============================================================
[Prompt Configuration] Class: tile
  - Mode: MAP+LAP (Baseline)
  - MAP prompts: 13
  - LAP prompts: 8 (generic anomaly templates)
============================================================


[PromptAD] Initializing with use_lap=True
  Epoch 3: Semantic=100.00, Memory=98.56, Fusion=98.99
  Epoch 6: Semantic=99.96, Memory=98.56, Fusion=99.28 *** Best ***
  Epoch 9: Semantic=99.95, Memory=98.56, Fusion=99.60 *** Best ***
  Epoch 12: Semantic=99.96, Memory=98.56, Fusion=99.71 *** Best ***
  Epoch 15: Semantic=99.91, Memory=98.56, Fusion=99.78 *** Best ***
  Epoch 18: Semantic=99.93, Memory=98.56, Fusion=99.82 *** Best ***
  Epoch 21: Semantic=99.89, Memory=98.56, Fusion=99.86 *** Best ***
  Epoch 24: Semantic=99.93, Memory=98.56, Fusion=99.93 *** Best ***
  Epoch 27: Semantic=99.93, Memory=98.56, Fusion=99.93
  Epoch 30: Semantic=99.93, Memory=98.56, Fusion=99.93
  Epoch 33: Semantic=99.96, Memory=98.56, Fusion=99.93
  Epoch 36: Semantic=100.00, Memory=98.56, Fusion=100.00 *** Best ***
  Epoch 39: Semantic=99.96, Memory=98.56, Fusion=99.96
  Epoch 42: Semantic=99.96, Memory=98.56, Fusion=99.96
  Epoch 45: Semantic=99.93, Memory=98.56, Fusion=99.96
  Epoch 48: Semantic=99.93, Memory=98.56, Fusion=99.96
  Epoch 51: Semantic=99.93, Memory=98.56, Fusion=99.96
  Epoch 54: Semantic=99.93, Memory=98.56, Fusion=99.93
  Epoch 57: Semantic=99.93, Memory=98.56, Fusion=99.93
  Epoch 60: Semantic=99.93, Memory=98.56, Fusion=99.93
  Epoch 63: Semantic=99.93, Memory=98.56, Fusion=99.93
  Epoch 66: Semantic=99.93, Memory=98.56, Fusion=99.93
  Epoch 69: Semantic=99.93, Memory=98.56, Fusion=99.93
  Epoch 72: Semantic=99.93, Memory=98.56, Fusion=99.93
  Epoch 75: Semantic=99.93, Memory=98.56, Fusion=99.93
  Epoch 78: Semantic=99.93, Memory=98.56, Fusion=99.93
  Epoch 81: Semantic=99.93, Memory=98.56, Fusion=99.93
  Epoch 84: Semantic=99.93, Memory=98.56, Fusion=99.93
  Epoch 87: Semantic=99.93, Memory=98.56, Fusion=99.93
  Epoch 90: Semantic=99.93, Memory=98.56, Fusion=99.93
  Epoch 93: Semantic=99.93, Memory=98.56, Fusion=99.93
  Epoch 96: Semantic=99.93, Memory=98.56, Fusion=99.93
  Epoch 99: Semantic=99.93, Memory=98.56, Fusion=99.93
  Epoch 100: Semantic=99.93, Memory=98.56, Fusion=99.93
Object:tile =========================== Fusion-AUROC:100.0, Semantic:100.0, Memory:98.56


============================================================
[Prompt Configuration] Class: wood
  - Mode: MAP+LAP (Baseline)
  - MAP prompts: 12
  - LAP prompts: 8 (generic anomaly templates)
============================================================


[PromptAD] Initializing with use_lap=True
  Epoch 3: Semantic=95.75, Memory=98.07, Fusion=97.98
  Epoch 6: Semantic=98.82, Memory=98.07, Fusion=98.16 *** Best ***
  Epoch 9: Semantic=98.68, Memory=98.07, Fusion=98.51 *** Best ***
  Epoch 12: Semantic=98.73, Memory=98.07, Fusion=98.77 *** Best ***
  Epoch 15: Semantic=99.39, Memory=98.07, Fusion=99.04 *** Best ***
  Epoch 18: Semantic=99.39, Memory=98.07, Fusion=99.04
  Epoch 21: Semantic=99.39, Memory=98.07, Fusion=99.39 *** Best ***
  Epoch 24: Semantic=99.56, Memory=98.07, Fusion=99.39
  Epoch 27: Semantic=99.39, Memory=98.07, Fusion=99.21
  Epoch 30: Semantic=98.77, Memory=98.07, Fusion=98.95
  Epoch 33: Semantic=98.42, Memory=98.07, Fusion=98.60
  Epoch 36: Semantic=97.81, Memory=98.07, Fusion=98.07
  Epoch 39: Semantic=97.72, Memory=98.07, Fusion=97.89
  Epoch 42: Semantic=97.63, Memory=98.07, Fusion=97.81
  Epoch 45: Semantic=97.63, Memory=98.07, Fusion=97.81
  Epoch 48: Semantic=97.54, Memory=98.07, Fusion=97.63
  Epoch 51: Semantic=97.46, Memory=98.07, Fusion=97.46
  Epoch 54: Semantic=97.11, Memory=98.07, Fusion=97.11
  Epoch 57: Semantic=96.62, Memory=98.07, Fusion=96.93
  Epoch 60: Semantic=96.58, Memory=98.07, Fusion=96.67
  Epoch 63: Semantic=96.45, Memory=98.07, Fusion=96.49
  Epoch 66: Semantic=96.32, Memory=98.07, Fusion=96.40
  Epoch 69: Semantic=96.23, Memory=98.07, Fusion=96.32
  Epoch 72: Semantic=96.23, Memory=98.07, Fusion=96.23
  Epoch 75: Semantic=96.23, Memory=98.07, Fusion=96.23
  Epoch 78: Semantic=96.23, Memory=98.07, Fusion=96.23
  Epoch 81: Semantic=96.23, Memory=98.07, Fusion=96.23
  Epoch 84: Semantic=96.23, Memory=98.07, Fusion=96.23
  Epoch 87: Semantic=96.23, Memory=98.07, Fusion=96.23
  Epoch 90: Semantic=96.23, Memory=98.07, Fusion=96.23
  Epoch 93: Semantic=96.23, Memory=98.07, Fusion=96.23
  Epoch 96: Semantic=96.23, Memory=98.07, Fusion=96.23
  Epoch 99: Semantic=96.23, Memory=98.07, Fusion=96.23
  Epoch 100: Semantic=96.23, Memory=98.07, Fusion=96.23
Object:wood =========================== Fusion-AUROC:99.39, Semantic:99.39, Memory:98.07


============================================================
[Prompt Configuration] Class: bottle
  - Mode: MAP+LAP (Baseline)
  - MAP prompts: 11
  - LAP prompts: 8 (generic anomaly templates)
============================================================


[PromptAD] Initializing with use_lap=True
  Epoch 3: Semantic=96.19, Memory=99.76, Fusion=99.76
  Epoch 6: Semantic=95.79, Memory=99.76, Fusion=99.84 *** Best ***
  Epoch 9: Semantic=94.33, Memory=99.76, Fusion=99.76
  Epoch 12: Semantic=92.74, Memory=99.76, Fusion=99.76
  Epoch 15: Semantic=94.68, Memory=99.76, Fusion=99.76
  Epoch 18: Semantic=95.20, Memory=99.76, Fusion=99.84
  Epoch 21: Semantic=95.60, Memory=99.76, Fusion=99.92 *** Best ***
  Epoch 24: Semantic=96.87, Memory=99.76, Fusion=100.00 *** Best ***
  Epoch 27: Semantic=96.59, Memory=99.76, Fusion=100.00
  Epoch 30: Semantic=96.59, Memory=99.76, Fusion=99.92
  Epoch 33: Semantic=97.06, Memory=99.76, Fusion=99.52
  Epoch 36: Semantic=97.94, Memory=99.76, Fusion=99.52
  Epoch 39: Semantic=97.98, Memory=99.76, Fusion=99.05
  Epoch 42: Semantic=98.17, Memory=99.76, Fusion=98.97
  Epoch 45: Semantic=98.06, Memory=99.76, Fusion=98.89
  Epoch 48: Semantic=98.10, Memory=99.76, Fusion=98.65
  Epoch 51: Semantic=98.21, Memory=99.76, Fusion=98.65
  Epoch 54: Semantic=98.37, Memory=99.76, Fusion=98.73
  Epoch 57: Semantic=98.33, Memory=99.76, Fusion=98.73
  Epoch 60: Semantic=98.02, Memory=99.76, Fusion=98.65
  Epoch 63: Semantic=98.29, Memory=99.76, Fusion=98.73
  Epoch 66: Semantic=98.25, Memory=99.76, Fusion=98.73
  Epoch 69: Semantic=98.10, Memory=99.76, Fusion=98.41
  Epoch 72: Semantic=98.06, Memory=99.76, Fusion=98.49
  Epoch 75: Semantic=98.10, Memory=99.76, Fusion=98.49
  Epoch 78: Semantic=98.17, Memory=99.76, Fusion=98.57
  Epoch 81: Semantic=98.02, Memory=99.76, Fusion=98.49
  Epoch 84: Semantic=98.10, Memory=99.76, Fusion=98.41
  Epoch 87: Semantic=98.02, Memory=99.76, Fusion=98.49
  Epoch 90: Semantic=98.10, Memory=99.76, Fusion=98.57
  Epoch 93: Semantic=98.10, Memory=99.76, Fusion=98.49
  Epoch 96: Semantic=98.13, Memory=99.76, Fusion=98.57
  Epoch 99: Semantic=98.13, Memory=99.76, Fusion=98.57
  Epoch 100: Semantic=98.10, Memory=99.76, Fusion=98.49
Object:bottle =========================== Fusion-AUROC:100.0, Semantic:96.87, Memory:99.76


============================================================
[Prompt Configuration] Class: capsule
  - Mode: MAP+LAP (Baseline)
  - MAP prompts: 13
  - LAP prompts: 8 (generic anomaly templates)
============================================================


[PromptAD] Initializing with use_lap=True
  Epoch 3: Semantic=74.67, Memory=61.79, Fusion=62.62
  Epoch 6: Semantic=73.95, Memory=61.79, Fusion=62.82 *** Best ***
  Epoch 9: Semantic=71.74, Memory=61.79, Fusion=62.90 *** Best ***
  Epoch 12: Semantic=70.66, Memory=61.79, Fusion=63.66 *** Best ***
  Epoch 15: Semantic=70.40, Memory=61.79, Fusion=64.78 *** Best ***
  Epoch 18: Semantic=71.96, Memory=61.79, Fusion=65.46 *** Best ***
  Epoch 21: Semantic=70.70, Memory=61.79, Fusion=66.09 *** Best ***
  Epoch 24: Semantic=70.56, Memory=61.79, Fusion=67.09 *** Best ***
  Epoch 27: Semantic=70.22, Memory=61.79, Fusion=68.21 *** Best ***
  Epoch 30: Semantic=69.72, Memory=61.79, Fusion=68.89 *** Best ***
  Epoch 33: Semantic=68.99, Memory=61.79, Fusion=68.93 *** Best ***
  Epoch 36: Semantic=68.25, Memory=61.79, Fusion=68.57
  Epoch 39: Semantic=68.35, Memory=61.79, Fusion=68.81
  Epoch 42: Semantic=67.53, Memory=61.79, Fusion=68.41
  Epoch 45: Semantic=67.51, Memory=61.79, Fusion=68.05
  Epoch 48: Semantic=66.65, Memory=61.79, Fusion=67.25
  Epoch 51: Semantic=67.23, Memory=61.79, Fusion=67.65
  Epoch 54: Semantic=66.65, Memory=61.79, Fusion=67.25
  Epoch 57: Semantic=65.78, Memory=61.79, Fusion=66.29
  Epoch 60: Semantic=66.11, Memory=61.79, Fusion=66.49
  Epoch 63: Semantic=65.56, Memory=61.79, Fusion=66.06
  Epoch 66: Semantic=65.82, Memory=61.79, Fusion=66.09
  Epoch 69: Semantic=65.30, Memory=61.79, Fusion=65.82
  Epoch 72: Semantic=65.54, Memory=61.79, Fusion=65.86
  Epoch 75: Semantic=65.56, Memory=61.79, Fusion=65.86
  Epoch 78: Semantic=65.42, Memory=61.79, Fusion=65.82
  Epoch 81: Semantic=65.48, Memory=61.79, Fusion=65.78
  Epoch 84: Semantic=65.42, Memory=61.79, Fusion=65.66
  Epoch 87: Semantic=65.38, Memory=61.79, Fusion=65.66
  Epoch 90: Semantic=65.36, Memory=61.79, Fusion=65.70
  Epoch 93: Semantic=65.32, Memory=61.79, Fusion=65.70
  Epoch 96: Semantic=65.28, Memory=61.79, Fusion=65.62
  Epoch 99: Semantic=65.32, Memory=61.79, Fusion=65.70
  Epoch 100: Semantic=65.42, Memory=61.79, Fusion=65.70
Object:capsule =========================== Fusion-AUROC:68.93, Semantic:68.99, Memory:61.79


============================================================
[Prompt Configuration] Class: cable
  - Mode: MAP+LAP (Baseline)
  - MAP prompts: 13
  - LAP prompts: 8 (generic anomaly templates)
============================================================


[PromptAD] Initializing with use_lap=True
  Epoch 3: Semantic=81.35, Memory=89.17, Fusion=89.88
  Epoch 6: Semantic=82.13, Memory=89.17, Fusion=90.12 *** Best ***
  Epoch 9: Semantic=82.21, Memory=89.17, Fusion=90.44 *** Best ***
  Epoch 12: Semantic=80.63, Memory=89.17, Fusion=91.27 *** Best ***
  Epoch 15: Semantic=83.18, Memory=89.17, Fusion=92.65 *** Best ***
  Epoch 18: Semantic=79.77, Memory=89.17, Fusion=91.74
  Epoch 21: Semantic=80.80, Memory=89.17, Fusion=89.84
  Epoch 24: Semantic=81.36, Memory=89.17, Fusion=88.12
  Epoch 27: Semantic=82.26, Memory=89.17, Fusion=87.29
  Epoch 30: Semantic=81.50, Memory=89.17, Fusion=84.43
  Epoch 33: Semantic=80.60, Memory=89.17, Fusion=82.70
  Epoch 36: Semantic=79.20, Memory=89.17, Fusion=80.70
  Epoch 39: Semantic=80.03, Memory=89.17, Fusion=81.43
  Epoch 42: Semantic=80.13, Memory=89.17, Fusion=81.32
  Epoch 45: Semantic=79.46, Memory=89.17, Fusion=80.25
  Epoch 48: Semantic=79.04, Memory=89.17, Fusion=79.70
  Epoch 51: Semantic=79.29, Memory=89.17, Fusion=79.93
  Epoch 54: Semantic=79.99, Memory=89.17, Fusion=80.43
  Epoch 57: Semantic=80.32, Memory=89.17, Fusion=80.79
  Epoch 60: Semantic=80.26, Memory=89.17, Fusion=80.60
  Epoch 63: Semantic=80.17, Memory=89.17, Fusion=80.64
  Epoch 66: Semantic=79.91, Memory=89.17, Fusion=80.42
  Epoch 69: Semantic=79.83, Memory=89.17, Fusion=80.28
  Epoch 72: Semantic=79.84, Memory=89.17, Fusion=80.21
  Epoch 75: Semantic=79.86, Memory=89.17, Fusion=80.23
  Epoch 78: Semantic=79.91, Memory=89.17, Fusion=80.21
  Epoch 81: Semantic=79.91, Memory=89.17, Fusion=80.19
  Epoch 84: Semantic=79.85, Memory=89.17, Fusion=80.19
  Epoch 87: Semantic=79.91, Memory=89.17, Fusion=80.23
  Epoch 90: Semantic=79.92, Memory=89.17, Fusion=80.23
  Epoch 93: Semantic=79.94, Memory=89.17, Fusion=80.25
  Epoch 96: Semantic=79.94, Memory=89.17, Fusion=80.25
  Epoch 99: Semantic=79.90, Memory=89.17, Fusion=80.27
  Epoch 100: Semantic=79.93, Memory=89.17, Fusion=80.21
Object:cable =========================== Fusion-AUROC:92.65, Semantic:83.18, Memory:89.17


============================================================
[Prompt Configuration] Class: metal nut
  - Mode: MAP+LAP (Baseline)
  - MAP prompts: 12
  - LAP prompts: 8 (generic anomaly templates)
============================================================


[PromptAD] Initializing with use_lap=True
  Epoch 3: Semantic=92.08, Memory=98.78, Fusion=98.88
  Epoch 6: Semantic=89.52, Memory=98.78, Fusion=98.88
  Epoch 9: Semantic=90.79, Memory=98.78, Fusion=98.88
  Epoch 12: Semantic=90.13, Memory=98.78, Fusion=98.97 *** Best ***
  Epoch 15: Semantic=90.71, Memory=98.78, Fusion=99.02 *** Best ***
  Epoch 18: Semantic=88.73, Memory=98.78, Fusion=98.97
  Epoch 21: Semantic=87.56, Memory=98.78, Fusion=98.39
  Epoch 24: Semantic=86.29, Memory=98.78, Fusion=97.70
  Epoch 27: Semantic=86.27, Memory=98.78, Fusion=95.55
  Epoch 30: Semantic=85.41, Memory=98.78, Fusion=93.30
  Epoch 33: Semantic=84.80, Memory=98.78, Fusion=92.18
  Epoch 36: Semantic=89.15, Memory=98.78, Fusion=92.82
  Epoch 39: Semantic=86.68, Memory=98.78, Fusion=90.22
  Epoch 42: Semantic=88.29, Memory=98.78, Fusion=90.37
  Epoch 45: Semantic=85.92, Memory=98.78, Fusion=87.88
  Epoch 48: Semantic=87.39, Memory=98.78, Fusion=88.81
  Epoch 51: Semantic=87.88, Memory=98.78, Fusion=89.00
  Epoch 54: Semantic=88.03, Memory=98.78, Fusion=89.15
  Epoch 57: Semantic=88.27, Memory=98.78, Fusion=89.35
  Epoch 60: Semantic=88.32, Memory=98.78, Fusion=89.05
  Epoch 63: Semantic=88.83, Memory=98.78, Fusion=89.35
  Epoch 66: Semantic=88.88, Memory=98.78, Fusion=89.54
  Epoch 69: Semantic=88.66, Memory=98.78, Fusion=89.35
  Epoch 72: Semantic=89.03, Memory=98.78, Fusion=89.59
  Epoch 75: Semantic=89.25, Memory=98.78, Fusion=89.74
  Epoch 78: Semantic=89.25, Memory=98.78, Fusion=89.83
  Epoch 81: Semantic=88.98, Memory=98.78, Fusion=89.69
  Epoch 84: Semantic=89.20, Memory=98.78, Fusion=89.74
  Epoch 87: Semantic=89.13, Memory=98.78, Fusion=89.78
  Epoch 90: Semantic=89.10, Memory=98.78, Fusion=89.78
  Epoch 93: Semantic=89.08, Memory=98.78, Fusion=89.69
  Epoch 96: Semantic=89.10, Memory=98.78, Fusion=89.83
  Epoch 99: Semantic=89.08, Memory=98.78, Fusion=89.88
  Epoch 100: Semantic=89.08, Memory=98.78, Fusion=89.83
Object:metal_nut =========================== Fusion-AUROC:99.02, Semantic:90.71, Memory:98.78


============================================================
[Prompt Configuration] Class: hazelnut
  - Mode: MAP+LAP (Baseline)
  - MAP prompts: 12
  - LAP prompts: 8 (generic anomaly templates)
============================================================


[PromptAD] Initializing with use_lap=True
  Epoch 3: Semantic=92.77, Memory=99.82, Fusion=99.79
  Epoch 6: Semantic=92.23, Memory=99.82, Fusion=99.75
  Epoch 9: Semantic=93.61, Memory=99.82, Fusion=99.75
  Epoch 12: Semantic=92.20, Memory=99.82, Fusion=99.75
  Epoch 15: Semantic=90.13, Memory=99.82, Fusion=99.64
  Epoch 18: Semantic=86.66, Memory=99.82, Fusion=99.61
  Epoch 21: Semantic=83.66, Memory=99.82, Fusion=99.39
  Epoch 24: Semantic=84.18, Memory=99.82, Fusion=99.07
  Epoch 27: Semantic=82.93, Memory=99.82, Fusion=98.07
  Epoch 30: Semantic=82.93, Memory=99.82, Fusion=94.61
  Epoch 33: Semantic=82.68, Memory=99.82, Fusion=89.86
  Epoch 36: Semantic=78.71, Memory=99.82, Fusion=85.75
  Epoch 39: Semantic=81.00, Memory=99.82, Fusion=91.93
  Epoch 42: Semantic=80.73, Memory=99.82, Fusion=88.79
  Epoch 45: Semantic=77.68, Memory=99.82, Fusion=85.29
  Epoch 48: Semantic=78.30, Memory=99.82, Fusion=83.79
  Epoch 51: Semantic=78.95, Memory=99.82, Fusion=82.68
  Epoch 54: Semantic=79.04, Memory=99.82, Fusion=81.93
  Epoch 57: Semantic=78.98, Memory=99.82, Fusion=80.86
  Epoch 60: Semantic=79.00, Memory=99.82, Fusion=80.93
  Epoch 63: Semantic=79.38, Memory=99.82, Fusion=80.79
  Epoch 66: Semantic=79.52, Memory=99.82, Fusion=80.86
  Epoch 69: Semantic=79.98, Memory=99.82, Fusion=80.82
  Epoch 72: Semantic=80.09, Memory=99.82, Fusion=81.07
  Epoch 75: Semantic=80.38, Memory=99.82, Fusion=81.07
  Epoch 78: Semantic=80.38, Memory=99.82, Fusion=81.14
  Epoch 81: Semantic=80.50, Memory=99.82, Fusion=81.43
  Epoch 84: Semantic=80.52, Memory=99.82, Fusion=81.43
  Epoch 87: Semantic=80.54, Memory=99.82, Fusion=81.39
  Epoch 90: Semantic=80.62, Memory=99.82, Fusion=81.43
  Epoch 93: Semantic=80.64, Memory=99.82, Fusion=81.46
  Epoch 96: Semantic=80.68, Memory=99.82, Fusion=81.57
  Epoch 99: Semantic=80.64, Memory=99.82, Fusion=81.46
  Epoch 100: Semantic=80.66, Memory=99.82, Fusion=81.50
Object:hazelnut =========================== Fusion-AUROC:99.79, Semantic:92.77, Memory:99.82


============================================================
[Prompt Configuration] Class: screw
  - Mode: MAP+LAP (Baseline)
  - MAP prompts: 11
  - LAP prompts: 8 (generic anomaly templates)
============================================================


[PromptAD] Initializing with use_lap=True
  Epoch 3: Semantic=56.17, Memory=54.09, Fusion=53.70
  Epoch 6: Semantic=58.60, Memory=54.09, Fusion=54.33 *** Best ***
  Epoch 9: Semantic=58.18, Memory=54.09, Fusion=54.27
  Epoch 12: Semantic=41.98, Memory=54.09, Fusion=49.60
  Epoch 15: Semantic=45.45, Memory=54.09, Fusion=50.07
  Epoch 18: Semantic=45.47, Memory=54.09, Fusion=48.25
  Epoch 21: Semantic=45.86, Memory=54.09, Fusion=48.04
  Epoch 24: Semantic=45.85, Memory=54.09, Fusion=46.87
  Epoch 27: Semantic=42.83, Memory=54.09, Fusion=43.66
  Epoch 30: Semantic=40.87, Memory=54.09, Fusion=41.57
  Epoch 33: Semantic=41.33, Memory=54.09, Fusion=41.59
  Epoch 36: Semantic=41.58, Memory=54.09, Fusion=41.87
  Epoch 39: Semantic=40.67, Memory=54.09, Fusion=40.87
  Epoch 42: Semantic=40.37, Memory=54.09, Fusion=40.46
  Epoch 45: Semantic=40.04, Memory=54.09, Fusion=40.19
  Epoch 48: Semantic=40.30, Memory=54.09, Fusion=40.34
  Epoch 51: Semantic=40.79, Memory=54.09, Fusion=40.95
  Epoch 54: Semantic=40.83, Memory=54.09, Fusion=40.93
  Epoch 57: Semantic=40.56, Memory=54.09, Fusion=40.60
  Epoch 60: Semantic=40.28, Memory=54.09, Fusion=40.34
  Epoch 63: Semantic=40.35, Memory=54.09, Fusion=40.42
  Epoch 66: Semantic=40.53, Memory=54.09, Fusion=40.58
  Epoch 69: Semantic=40.46, Memory=54.09, Fusion=40.56
  Epoch 72: Semantic=40.51, Memory=54.09, Fusion=40.66
  Epoch 75: Semantic=40.61, Memory=54.09, Fusion=40.66
  Epoch 78: Semantic=40.64, Memory=54.09, Fusion=40.71
  Epoch 81: Semantic=40.67, Memory=54.09, Fusion=40.75
  Epoch 84: Semantic=40.71, Memory=54.09, Fusion=40.71
  Epoch 87: Semantic=40.76, Memory=54.09, Fusion=40.93
  Epoch 90: Semantic=40.69, Memory=54.09, Fusion=40.75
  Epoch 93: Semantic=40.69, Memory=54.09, Fusion=40.77
  Epoch 96: Semantic=40.68, Memory=54.09, Fusion=40.75
  Epoch 99: Semantic=40.73, Memory=54.09, Fusion=40.85
  Epoch 100: Semantic=40.69, Memory=54.09, Fusion=40.81
Object:screw =========================== Fusion-AUROC:54.33, Semantic:58.6, Memory:54.09


============================================================
[Prompt Configuration] Class: pill
  - Mode: MAP+LAP (Baseline)
  - MAP prompts: 14
  - LAP prompts: 8 (generic anomaly templates)
============================================================


[PromptAD] Initializing with use_lap=True
  Epoch 3: Semantic=80.86, Memory=93.37, Fusion=93.43
  Epoch 6: Semantic=82.73, Memory=93.37, Fusion=93.51 *** Best ***
  Epoch 9: Semantic=83.97, Memory=93.37, Fusion=93.54 *** Best ***
  Epoch 12: Semantic=85.60, Memory=93.37, Fusion=93.56 *** Best ***
  Epoch 15: Semantic=86.50, Memory=93.37, Fusion=93.73 *** Best ***
  Epoch 18: Semantic=86.09, Memory=93.37, Fusion=93.92 *** Best ***
  Epoch 21: Semantic=85.67, Memory=93.37, Fusion=94.03 *** Best ***
  Epoch 24: Semantic=85.50, Memory=93.37, Fusion=94.11 *** Best ***
  Epoch 27: Semantic=85.99, Memory=93.37, Fusion=94.11 *** Best ***
  Epoch 30: Semantic=86.07, Memory=93.37, Fusion=93.86
  Epoch 33: Semantic=85.73, Memory=93.37, Fusion=93.13
  Epoch 36: Semantic=85.97, Memory=93.37, Fusion=92.61
  Epoch 39: Semantic=85.77, Memory=93.37, Fusion=92.01
  Epoch 42: Semantic=85.64, Memory=93.37, Fusion=90.81
  Epoch 45: Semantic=85.64, Memory=93.37, Fusion=89.91
  Epoch 48: Semantic=85.58, Memory=93.37, Fusion=89.12
  Epoch 51: Semantic=85.80, Memory=93.37, Fusion=88.46
  Epoch 54: Semantic=85.58, Memory=93.37, Fusion=88.19
  Epoch 57: Semantic=85.43, Memory=93.37, Fusion=87.83
  Epoch 60: Semantic=85.39, Memory=93.37, Fusion=87.70
  Epoch 63: Semantic=85.24, Memory=93.37, Fusion=87.23
  Epoch 66: Semantic=85.26, Memory=93.37, Fusion=87.04
  Epoch 69: Semantic=85.32, Memory=93.37, Fusion=86.96
  Epoch 72: Semantic=85.47, Memory=93.37, Fusion=86.99
  Epoch 75: Semantic=85.04, Memory=93.37, Fusion=86.52
  Epoch 78: Semantic=85.00, Memory=93.37, Fusion=86.52
  Epoch 81: Semantic=85.09, Memory=93.37, Fusion=86.52
  Epoch 84: Semantic=85.08, Memory=93.37, Fusion=86.50
  Epoch 87: Semantic=85.09, Memory=93.37, Fusion=86.61
  Epoch 90: Semantic=85.11, Memory=93.37, Fusion=86.50
  Epoch 93: Semantic=85.07, Memory=93.37, Fusion=86.55
  Epoch 96: Semantic=85.11, Memory=93.37, Fusion=86.61
  Epoch 99: Semantic=85.12, Memory=93.37, Fusion=86.39
  Epoch 100: Semantic=85.09, Memory=93.37, Fusion=86.50
Object:pill =========================== Fusion-AUROC:94.11, Semantic:85.99, Memory:93.37


============================================================
[Prompt Configuration] Class: toothbrush
  - Mode: MAP+LAP (Baseline)
  - MAP prompts: 10
  - LAP prompts: 8 (generic anomaly templates)
============================================================


[PromptAD] Initializing with use_lap=True
  Epoch 3: Semantic=66.81, Memory=94.44, Fusion=93.89
  Epoch 6: Semantic=64.72, Memory=94.44, Fusion=93.89
  Epoch 9: Semantic=62.78, Memory=94.44, Fusion=93.61
  Epoch 12: Semantic=61.94, Memory=94.44, Fusion=93.06
  Epoch 15: Semantic=64.58, Memory=94.44, Fusion=93.06
  Epoch 18: Semantic=69.72, Memory=94.44, Fusion=93.33
  Epoch 21: Semantic=69.58, Memory=94.44, Fusion=92.50
  Epoch 24: Semantic=69.86, Memory=94.44, Fusion=91.11
  Epoch 27: Semantic=67.22, Memory=94.44, Fusion=90.83
  Epoch 30: Semantic=72.78, Memory=94.44, Fusion=88.06
  Epoch 33: Semantic=74.17, Memory=94.44, Fusion=85.56
  Epoch 36: Semantic=71.53, Memory=94.44, Fusion=79.44
  Epoch 39: Semantic=71.39, Memory=94.44, Fusion=77.50
  Epoch 42: Semantic=72.08, Memory=94.44, Fusion=76.67
  Epoch 45: Semantic=72.78, Memory=94.44, Fusion=75.83
  Epoch 48: Semantic=73.19, Memory=94.44, Fusion=75.83
  Epoch 51: Semantic=72.50, Memory=94.44, Fusion=75.56
  Epoch 54: Semantic=72.92, Memory=94.44, Fusion=75.28
  Epoch 57: Semantic=73.06, Memory=94.44, Fusion=75.00
  Epoch 60: Semantic=73.19, Memory=94.44, Fusion=75.00
  Epoch 63: Semantic=72.50, Memory=94.44, Fusion=74.44
  Epoch 66: Semantic=72.50, Memory=94.44, Fusion=75.00
  Epoch 69: Semantic=72.22, Memory=94.44, Fusion=75.00
  Epoch 72: Semantic=72.50, Memory=94.44, Fusion=74.72
  Epoch 75: Semantic=72.50, Memory=94.44, Fusion=74.44
  Epoch 78: Semantic=72.22, Memory=94.44, Fusion=73.89
  Epoch 81: Semantic=72.22, Memory=94.44, Fusion=73.89
  Epoch 84: Semantic=72.22, Memory=94.44, Fusion=73.89
  Epoch 87: Semantic=72.22, Memory=94.44, Fusion=73.89
  Epoch 90: Semantic=71.94, Memory=94.44, Fusion=73.89
  Epoch 93: Semantic=72.22, Memory=94.44, Fusion=73.89
  Epoch 96: Semantic=72.22, Memory=94.44, Fusion=73.89
  Epoch 99: Semantic=72.22, Memory=94.44, Fusion=73.89
  Epoch 100: Semantic=71.94, Memory=94.44, Fusion=73.89
Object:toothbrush =========================== Fusion-AUROC:93.89, Semantic:66.81, Memory:94.44


============================================================
[Prompt Configuration] Class: transistor
  - Mode: MAP+LAP (Baseline)
  - MAP prompts: 12
  - LAP prompts: 8 (generic anomaly templates)
============================================================


[PromptAD] Initializing with use_lap=True
  Epoch 3: Semantic=89.58, Memory=67.12, Fusion=70.08
  Epoch 6: Semantic=88.98, Memory=67.12, Fusion=71.17 *** Best ***
  Epoch 9: Semantic=86.35, Memory=67.12, Fusion=71.54 *** Best ***
  Epoch 12: Semantic=85.98, Memory=67.12, Fusion=73.88 *** Best ***
  Epoch 15: Semantic=84.73, Memory=67.12, Fusion=75.83 *** Best ***
  Epoch 18: Semantic=82.62, Memory=67.12, Fusion=76.67 *** Best ***
  Epoch 21: Semantic=80.29, Memory=67.12, Fusion=78.33 *** Best ***
  Epoch 24: Semantic=80.62, Memory=67.12, Fusion=81.12 *** Best ***
  Epoch 27: Semantic=81.21, Memory=67.12, Fusion=81.46 *** Best ***
  Epoch 30: Semantic=79.96, Memory=67.12, Fusion=80.50
  Epoch 33: Semantic=81.48, Memory=67.12, Fusion=81.83 *** Best ***
  Epoch 36: Semantic=77.73, Memory=67.12, Fusion=79.75
  Epoch 39: Semantic=78.98, Memory=67.12, Fusion=80.21
  Epoch 42: Semantic=77.21, Memory=67.12, Fusion=78.50
  Epoch 45: Semantic=78.21, Memory=67.12, Fusion=79.21
  Epoch 48: Semantic=78.75, Memory=67.12, Fusion=79.50
  Epoch 51: Semantic=78.46, Memory=67.12, Fusion=79.00
  Epoch 54: Semantic=78.33, Memory=67.12, Fusion=79.00
  Epoch 57: Semantic=78.04, Memory=67.12, Fusion=78.21
  Epoch 60: Semantic=77.75, Memory=67.12, Fusion=77.88
  Epoch 63: Semantic=77.67, Memory=67.12, Fusion=77.92
  Epoch 66: Semantic=77.46, Memory=67.12, Fusion=77.54
  Epoch 69: Semantic=77.33, Memory=67.12, Fusion=77.38
  Epoch 72: Semantic=77.27, Memory=67.12, Fusion=77.42
  Epoch 75: Semantic=77.52, Memory=67.12, Fusion=77.79
  Epoch 78: Semantic=77.42, Memory=67.12, Fusion=77.79
  Epoch 81: Semantic=77.35, Memory=67.12, Fusion=77.71
  Epoch 84: Semantic=77.31, Memory=67.12, Fusion=77.58
  Epoch 87: Semantic=77.27, Memory=67.12, Fusion=77.50
  Epoch 90: Semantic=77.25, Memory=67.12, Fusion=77.42
  Epoch 93: Semantic=77.33, Memory=67.12, Fusion=77.54
  Epoch 96: Semantic=77.29, Memory=67.12, Fusion=77.50
  Epoch 99: Semantic=77.19, Memory=67.12, Fusion=77.46
  Epoch 100: Semantic=77.33, Memory=67.12, Fusion=77.50
Object:transistor =========================== Fusion-AUROC:81.83, Semantic:81.48, Memory:67.12


============================================================
[Prompt Configuration] Class: zipper
  - Mode: MAP+LAP (Baseline)
  - MAP prompts: 14
  - LAP prompts: 8 (generic anomaly templates)
============================================================


[PromptAD] Initializing with use_lap=True
  Epoch 3: Semantic=74.34, Memory=92.20, Fusion=92.17
  Epoch 6: Semantic=80.16, Memory=92.20, Fusion=92.33 *** Best ***
  Epoch 9: Semantic=84.11, Memory=92.20, Fusion=92.59 *** Best ***
  Epoch 12: Semantic=90.98, Memory=92.20, Fusion=92.86 *** Best ***
  Epoch 15: Semantic=92.49, Memory=92.20, Fusion=93.49 *** Best ***
  Epoch 18: Semantic=92.59, Memory=92.20, Fusion=94.09 *** Best ***
  Epoch 21: Semantic=95.06, Memory=92.20, Fusion=95.38 *** Best ***
  Epoch 24: Semantic=93.57, Memory=92.20, Fusion=95.64 *** Best ***
  Epoch 27: Semantic=94.20, Memory=92.20, Fusion=95.80 *** Best ***
  Epoch 30: Semantic=94.68, Memory=92.20, Fusion=95.88 *** Best ***
  Epoch 33: Semantic=93.50, Memory=92.20, Fusion=94.38
  Epoch 36: Semantic=93.45, Memory=92.20, Fusion=94.28
  Epoch 39: Semantic=93.40, Memory=92.20, Fusion=93.91
  Epoch 42: Semantic=93.34, Memory=92.20, Fusion=93.83
  Epoch 45: Semantic=93.40, Memory=92.20, Fusion=93.78
  Epoch 48: Semantic=93.20, Memory=92.20, Fusion=93.46
  Epoch 51: Semantic=93.07, Memory=92.20, Fusion=93.46
  Epoch 54: Semantic=91.77, Memory=92.20, Fusion=92.25
  Epoch 57: Semantic=92.27, Memory=92.20, Fusion=92.73
  Epoch 60: Semantic=92.62, Memory=92.20, Fusion=92.86
  Epoch 63: Semantic=92.75, Memory=92.20, Fusion=92.96
  Epoch 66: Semantic=92.70, Memory=92.20, Fusion=92.99
  Epoch 69: Semantic=92.42, Memory=92.20, Fusion=92.65
  Epoch 72: Semantic=92.36, Memory=92.20, Fusion=92.62
  Epoch 75: Semantic=92.42, Memory=92.20, Fusion=92.70
  Epoch 78: Semantic=92.41, Memory=92.20, Fusion=92.59
  Epoch 81: Semantic=92.42, Memory=92.20, Fusion=92.65
  Epoch 84: Semantic=92.37, Memory=92.20, Fusion=92.62
  Epoch 87: Semantic=92.42, Memory=92.20, Fusion=92.65
  Epoch 90: Semantic=92.36, Memory=92.20, Fusion=92.62
  Epoch 93: Semantic=92.29, Memory=92.20, Fusion=92.57
  Epoch 96: Semantic=92.37, Memory=92.20, Fusion=92.54
  Epoch 99: Semantic=92.33, Memory=92.20, Fusion=92.59
  Epoch 100: Semantic=92.21, Memory=92.20, Fusion=92.54
Object:zipper =========================== Fusion-AUROC:95.88, Semantic:94.68, Memory:92.2


============================================================
[Prompt Configuration] Class: capsules
  - Mode: MAP+LAP (Baseline)
  - MAP prompts: 13
  - LAP prompts: 8 (generic anomaly templates)
============================================================


[PromptAD] Initializing with use_lap=True
  Epoch 3: Semantic=61.47, Memory=74.16, Fusion=74.17
  Epoch 6: Semantic=61.88, Memory=74.16, Fusion=74.24 *** Best ***
  Epoch 9: Semantic=53.47, Memory=74.16, Fusion=74.07
  Epoch 12: Semantic=59.67, Memory=74.16, Fusion=74.16
  Epoch 15: Semantic=58.33, Memory=74.16, Fusion=73.96
  Epoch 18: Semantic=59.45, Memory=74.16, Fusion=74.06
  Epoch 21: Semantic=61.06, Memory=74.16, Fusion=74.35 *** Best ***
  Epoch 24: Semantic=60.80, Memory=74.16, Fusion=73.50
  Epoch 27: Semantic=59.09, Memory=74.16, Fusion=69.85
  Epoch 30: Semantic=54.68, Memory=74.16, Fusion=63.31
  Epoch 33: Semantic=54.91, Memory=74.16, Fusion=60.14
  Epoch 36: Semantic=54.12, Memory=74.16, Fusion=58.06
  Epoch 39: Semantic=52.89, Memory=74.16, Fusion=55.39
  Epoch 42: Semantic=53.20, Memory=74.16, Fusion=55.04
  Epoch 45: Semantic=58.48, Memory=74.16, Fusion=60.02
  Epoch 48: Semantic=51.67, Memory=74.16, Fusion=57.58
  Epoch 51: Semantic=52.97, Memory=74.16, Fusion=58.21
  Epoch 54: Semantic=55.09, Memory=74.16, Fusion=59.55
  Epoch 57: Semantic=53.66, Memory=74.16, Fusion=57.54
  Epoch 60: Semantic=54.58, Memory=74.16, Fusion=58.06
  Epoch 63: Semantic=54.08, Memory=74.16, Fusion=57.29
  Epoch 66: Semantic=53.74, Memory=74.16, Fusion=56.65
  Epoch 69: Semantic=54.50, Memory=74.16, Fusion=57.08
  Epoch 72: Semantic=55.53, Memory=74.16, Fusion=57.89
  Epoch 75: Semantic=55.25, Memory=74.16, Fusion=57.43
  Epoch 78: Semantic=54.87, Memory=74.16, Fusion=56.84
  Epoch 81: Semantic=54.64, Memory=74.16, Fusion=56.57
  Epoch 84: Semantic=54.75, Memory=74.16, Fusion=56.67
  Epoch 87: Semantic=54.90, Memory=74.16, Fusion=56.79
  Epoch 90: Semantic=54.83, Memory=74.16, Fusion=56.67
  Epoch 93: Semantic=54.88, Memory=74.16, Fusion=56.72
  Epoch 96: Semantic=54.70, Memory=74.16, Fusion=56.57
  Epoch 99: Semantic=54.90, Memory=74.16, Fusion=56.71
  Epoch 100: Semantic=54.84, Memory=74.16, Fusion=56.65
Object:capsules =========================== Fusion-AUROC:74.35, Semantic:61.06, Memory:74.16


============================================================
[Prompt Configuration] Class: candle
  - Mode: MAP+LAP (Baseline)
  - MAP prompts: 15
  - LAP prompts: 8 (generic anomaly templates)
============================================================


[PromptAD] Initializing with use_lap=True
  Epoch 3: Semantic=93.57, Memory=88.68, Fusion=88.95
  Epoch 6: Semantic=91.47, Memory=88.68, Fusion=88.99 *** Best ***
  Epoch 9: Semantic=94.35, Memory=88.68, Fusion=89.20 *** Best ***
  Epoch 12: Semantic=94.96, Memory=88.68, Fusion=89.45 *** Best ***
  Epoch 15: Semantic=95.37, Memory=88.68, Fusion=89.67 *** Best ***
  Epoch 18: Semantic=95.43, Memory=88.68, Fusion=89.93 *** Best ***
  Epoch 21: Semantic=95.61, Memory=88.68, Fusion=90.55 *** Best ***
  Epoch 24: Semantic=95.62, Memory=88.68, Fusion=91.60 *** Best ***
  Epoch 27: Semantic=95.54, Memory=88.68, Fusion=92.84 *** Best ***
  Epoch 30: Semantic=95.64, Memory=88.68, Fusion=94.12 *** Best ***
  Epoch 33: Semantic=95.70, Memory=88.68, Fusion=94.15 *** Best ***
  Epoch 36: Semantic=95.74, Memory=88.68, Fusion=92.79
  Epoch 39: Semantic=95.89, Memory=88.68, Fusion=92.65
  Epoch 42: Semantic=96.53, Memory=88.68, Fusion=93.78
  Epoch 45: Semantic=96.59, Memory=88.68, Fusion=94.70 *** Best ***
  Epoch 48: Semantic=96.70, Memory=88.68, Fusion=95.66 *** Best ***
  Epoch 51: Semantic=96.67, Memory=88.68, Fusion=96.44 *** Best ***
  Epoch 54: Semantic=96.61, Memory=88.68, Fusion=96.89 *** Best ***
  Epoch 57: Semantic=96.37, Memory=88.68, Fusion=96.91 *** Best ***
  Epoch 60: Semantic=96.25, Memory=88.68, Fusion=96.98 *** Best ***
  Epoch 63: Semantic=96.33, Memory=88.68, Fusion=97.00 *** Best ***
  Epoch 66: Semantic=96.15, Memory=88.68, Fusion=96.89
  Epoch 69: Semantic=96.12, Memory=88.68, Fusion=96.85
  Epoch 72: Semantic=95.97, Memory=88.68, Fusion=96.73
  Epoch 75: Semantic=95.95, Memory=88.68, Fusion=96.68
  Epoch 78: Semantic=95.83, Memory=88.68, Fusion=96.57
  Epoch 81: Semantic=95.83, Memory=88.68, Fusion=96.53
  Epoch 84: Semantic=95.78, Memory=88.68, Fusion=96.49
  Epoch 87: Semantic=95.73, Memory=88.68, Fusion=96.43
  Epoch 90: Semantic=95.72, Memory=88.68, Fusion=96.42
  Epoch 93: Semantic=95.69, Memory=88.68, Fusion=96.41
  Epoch 96: Semantic=95.70, Memory=88.68, Fusion=96.41
  Epoch 99: Semantic=95.69, Memory=88.68, Fusion=96.40
  Epoch 100: Semantic=95.66, Memory=88.68, Fusion=96.36
Object:candle =========================== Fusion-AUROC:97.0, Semantic:96.33, Memory:88.68


============================================================
[Prompt Configuration] Class: cashew
  - Mode: MAP+LAP (Baseline)
  - MAP prompts: 13
  - LAP prompts: 8 (generic anomaly templates)
============================================================


[PromptAD] Initializing with use_lap=True
  Epoch 3: Semantic=93.09, Memory=84.73, Fusion=85.44
  Epoch 6: Semantic=92.63, Memory=84.73, Fusion=85.60 *** Best ***
  Epoch 9: Semantic=91.33, Memory=84.73, Fusion=85.83 *** Best ***
  Epoch 12: Semantic=90.68, Memory=84.73, Fusion=86.28 *** Best ***
  Epoch 15: Semantic=92.83, Memory=84.73, Fusion=87.83 *** Best ***
  Epoch 18: Semantic=92.14, Memory=84.73, Fusion=88.88 *** Best ***
  Epoch 21: Semantic=92.89, Memory=84.73, Fusion=91.30 *** Best ***
  Epoch 24: Semantic=93.61, Memory=84.73, Fusion=92.90 *** Best ***
  Epoch 27: Semantic=93.34, Memory=84.73, Fusion=93.60 *** Best ***
  Epoch 30: Semantic=93.02, Memory=84.73, Fusion=93.51
  Epoch 33: Semantic=93.44, Memory=84.73, Fusion=93.85 *** Best ***
  Epoch 36: Semantic=93.44, Memory=84.73, Fusion=93.88 *** Best ***
  Epoch 39: Semantic=93.34, Memory=84.73, Fusion=93.61
  Epoch 42: Semantic=93.70, Memory=84.73, Fusion=93.94 *** Best ***
  Epoch 45: Semantic=93.36, Memory=84.73, Fusion=93.54
  Epoch 48: Semantic=93.43, Memory=84.73, Fusion=93.57
  Epoch 51: Semantic=93.42, Memory=84.73, Fusion=93.53
  Epoch 54: Semantic=93.42, Memory=84.73, Fusion=93.51
  Epoch 57: Semantic=93.48, Memory=84.73, Fusion=93.58
  Epoch 60: Semantic=93.27, Memory=84.73, Fusion=93.38
  Epoch 63: Semantic=93.43, Memory=84.73, Fusion=93.51
  Epoch 66: Semantic=93.45, Memory=84.73, Fusion=93.53
  Epoch 69: Semantic=93.36, Memory=84.73, Fusion=93.44
  Epoch 72: Semantic=93.29, Memory=84.73, Fusion=93.35
  Epoch 75: Semantic=93.34, Memory=84.73, Fusion=93.40
  Epoch 78: Semantic=93.32, Memory=84.73, Fusion=93.36
  Epoch 81: Semantic=93.26, Memory=84.73, Fusion=93.33
  Epoch 84: Semantic=93.28, Memory=84.73, Fusion=93.33
  Epoch 87: Semantic=93.28, Memory=84.73, Fusion=93.31
  Epoch 90: Semantic=93.28, Memory=84.73, Fusion=93.33
  Epoch 93: Semantic=93.24, Memory=84.73, Fusion=93.28
  Epoch 96: Semantic=93.25, Memory=84.73, Fusion=93.29
  Epoch 99: Semantic=93.22, Memory=84.73, Fusion=93.26
  Epoch 100: Semantic=93.25, Memory=84.73, Fusion=93.28
Object:cashew =========================== Fusion-AUROC:93.94, Semantic:93.7, Memory:84.73


============================================================
[Prompt Configuration] Class: chewing gum
  - Mode: MAP+LAP (Baseline)
  - MAP prompts: 13
  - LAP prompts: 8 (generic anomaly templates)
============================================================


[PromptAD] Initializing with use_lap=True
  Epoch 3: Semantic=95.63, Memory=92.43, Fusion=92.80
  Epoch 6: Semantic=95.31, Memory=92.43, Fusion=92.89 *** Best ***
  Epoch 9: Semantic=95.08, Memory=92.43, Fusion=93.23 *** Best ***
  Epoch 12: Semantic=94.02, Memory=92.43, Fusion=93.60 *** Best ***
  Epoch 15: Semantic=93.27, Memory=92.43, Fusion=94.09 *** Best ***
  Epoch 18: Semantic=92.61, Memory=92.43, Fusion=94.55 *** Best ***
  Epoch 21: Semantic=92.17, Memory=92.43, Fusion=94.50
  Epoch 24: Semantic=92.38, Memory=92.43, Fusion=94.27
  Epoch 27: Semantic=92.77, Memory=92.43, Fusion=94.71 *** Best ***
  Epoch 30: Semantic=91.70, Memory=92.43, Fusion=93.87
  Epoch 33: Semantic=91.90, Memory=92.43, Fusion=93.48
  Epoch 36: Semantic=92.38, Memory=92.43, Fusion=93.59
  Epoch 39: Semantic=92.42, Memory=92.43, Fusion=93.49
  Epoch 42: Semantic=92.22, Memory=92.43, Fusion=92.95
  Epoch 45: Semantic=92.29, Memory=92.43, Fusion=92.83
  Epoch 48: Semantic=91.51, Memory=92.43, Fusion=92.01
  Epoch 51: Semantic=91.65, Memory=92.43, Fusion=92.12
  Epoch 54: Semantic=91.63, Memory=92.43, Fusion=92.02
  Epoch 57: Semantic=91.57, Memory=92.43, Fusion=91.95
  Epoch 60: Semantic=91.56, Memory=92.43, Fusion=91.86
  Epoch 63: Semantic=91.58, Memory=92.43, Fusion=91.84
  Epoch 66: Semantic=91.62, Memory=92.43, Fusion=91.87
  Epoch 69: Semantic=91.65, Memory=92.43, Fusion=91.87
  Epoch 72: Semantic=91.59, Memory=92.43, Fusion=91.80
  Epoch 75: Semantic=91.51, Memory=92.43, Fusion=91.75
  Epoch 78: Semantic=91.46, Memory=92.43, Fusion=91.69
  Epoch 81: Semantic=91.43, Memory=92.43, Fusion=91.65
  Epoch 84: Semantic=91.41, Memory=92.43, Fusion=91.63
  Epoch 87: Semantic=91.43, Memory=92.43, Fusion=91.64
  Epoch 90: Semantic=91.39, Memory=92.43, Fusion=91.60
  Epoch 93: Semantic=91.41, Memory=92.43, Fusion=91.62
  Epoch 96: Semantic=91.38, Memory=92.43, Fusion=91.60
  Epoch 99: Semantic=91.39, Memory=92.43, Fusion=91.62
  Epoch 100: Semantic=91.37, Memory=92.43, Fusion=91.58
Object:chewinggum =========================== Fusion-AUROC:94.71, Semantic:92.77, Memory:92.43


============================================================
[Prompt Configuration] Class: fryum
  - Mode: MAP+LAP (Baseline)
  - MAP prompts: 14
  - LAP prompts: 8 (generic anomaly templates)
============================================================


[PromptAD] Initializing with use_lap=True
  Epoch 3: Semantic=74.89, Memory=84.05, Fusion=84.37
  Epoch 6: Semantic=76.54, Memory=84.05, Fusion=84.54 *** Best ***
  Epoch 9: Semantic=76.68, Memory=84.05, Fusion=84.79 *** Best ***
  Epoch 12: Semantic=79.97, Memory=84.05, Fusion=85.57 *** Best ***
  Epoch 15: Semantic=80.66, Memory=84.05, Fusion=85.90 *** Best ***
  Epoch 18: Semantic=81.23, Memory=84.05, Fusion=86.36 *** Best ***
  Epoch 21: Semantic=82.76, Memory=84.05, Fusion=86.30
  Epoch 24: Semantic=82.51, Memory=84.05, Fusion=85.62
  Epoch 27: Semantic=83.14, Memory=84.05, Fusion=85.50
  Epoch 30: Semantic=83.74, Memory=84.05, Fusion=85.64
  Epoch 33: Semantic=84.14, Memory=84.05, Fusion=85.56
  Epoch 36: Semantic=84.44, Memory=84.05, Fusion=85.55
  Epoch 39: Semantic=84.97, Memory=84.05, Fusion=85.78
  Epoch 42: Semantic=85.48, Memory=84.05, Fusion=86.13
  Epoch 45: Semantic=85.70, Memory=84.05, Fusion=86.24
  Epoch 48: Semantic=85.99, Memory=84.05, Fusion=86.42 *** Best ***
  Epoch 51: Semantic=86.47, Memory=84.05, Fusion=86.82 *** Best ***
  Epoch 54: Semantic=87.00, Memory=84.05, Fusion=87.32 *** Best ***
  Epoch 57: Semantic=87.04, Memory=84.05, Fusion=87.30
  Epoch 60: Semantic=87.15, Memory=84.05, Fusion=87.45 *** Best ***
  Epoch 63: Semantic=87.30, Memory=84.05, Fusion=87.55 *** Best ***
  Epoch 66: Semantic=87.30, Memory=84.05, Fusion=87.58 *** Best ***
  Epoch 69: Semantic=87.53, Memory=84.05, Fusion=87.76 *** Best ***
  Epoch 72: Semantic=87.59, Memory=84.05, Fusion=87.84 *** Best ***
  Epoch 75: Semantic=87.69, Memory=84.05, Fusion=87.90 *** Best ***
  Epoch 78: Semantic=87.72, Memory=84.05, Fusion=87.95 *** Best ***
  Epoch 81: Semantic=87.71, Memory=84.05, Fusion=87.93
  Epoch 84: Semantic=87.75, Memory=84.05, Fusion=87.98 *** Best ***
  Epoch 87: Semantic=87.79, Memory=84.05, Fusion=88.00 *** Best ***
  Epoch 90: Semantic=87.80, Memory=84.05, Fusion=88.01 *** Best ***
  Epoch 93: Semantic=87.80, Memory=84.05, Fusion=88.01 *** Best ***
  Epoch 96: Semantic=87.85, Memory=84.05, Fusion=88.04 *** Best ***
  Epoch 99: Semantic=87.81, Memory=84.05, Fusion=88.03
  Epoch 100: Semantic=87.83, Memory=84.05, Fusion=88.01
Object:fryum =========================== Fusion-AUROC:88.04, Semantic:87.85, Memory:84.05


============================================================
[Prompt Configuration] Class: macaroni
  - Mode: MAP+LAP (Baseline)
  - MAP prompts: 13
  - LAP prompts: 8 (generic anomaly templates)
============================================================


[PromptAD] Initializing with use_lap=True
  Epoch 3: Semantic=74.61, Memory=76.70, Fusion=77.00
  Epoch 6: Semantic=65.45, Memory=76.70, Fusion=76.83
  Epoch 9: Semantic=65.33, Memory=76.70, Fusion=76.85
  Epoch 12: Semantic=64.62, Memory=76.70, Fusion=76.73
  Epoch 15: Semantic=67.03, Memory=76.70, Fusion=76.91
  Epoch 18: Semantic=65.07, Memory=76.70, Fusion=76.51
  Epoch 21: Semantic=65.19, Memory=76.70, Fusion=76.23
  Epoch 24: Semantic=67.54, Memory=76.70, Fusion=76.52
  Epoch 27: Semantic=65.06, Memory=76.70, Fusion=74.78
  Epoch 30: Semantic=67.19, Memory=76.70, Fusion=74.92
  Epoch 33: Semantic=63.11, Memory=76.70, Fusion=70.78
  Epoch 36: Semantic=63.10, Memory=76.70, Fusion=69.44
  Epoch 39: Semantic=60.10, Memory=76.70, Fusion=65.55
  Epoch 42: Semantic=60.44, Memory=76.70, Fusion=64.55
  Epoch 45: Semantic=60.66, Memory=76.70, Fusion=64.58
  Epoch 48: Semantic=58.20, Memory=76.70, Fusion=61.15
  Epoch 51: Semantic=57.85, Memory=76.70, Fusion=60.46
  Epoch 54: Semantic=56.74, Memory=76.70, Fusion=58.90
  Epoch 57: Semantic=56.68, Memory=76.70, Fusion=58.56
  Epoch 60: Semantic=55.19, Memory=76.70, Fusion=56.91
  Epoch 63: Semantic=56.22, Memory=76.70, Fusion=57.70
  Epoch 66: Semantic=56.41, Memory=76.70, Fusion=57.77
  Epoch 69: Semantic=55.67, Memory=76.70, Fusion=56.96
  Epoch 72: Semantic=55.50, Memory=76.70, Fusion=56.67
  Epoch 75: Semantic=55.44, Memory=76.70, Fusion=56.65
  Epoch 78: Semantic=55.42, Memory=76.70, Fusion=56.58
  Epoch 81: Semantic=55.24, Memory=76.70, Fusion=56.33
  Epoch 84: Semantic=55.48, Memory=76.70, Fusion=56.56
  Epoch 87: Semantic=55.28, Memory=76.70, Fusion=56.37
  Epoch 90: Semantic=55.24, Memory=76.70, Fusion=56.31
  Epoch 93: Semantic=55.29, Memory=76.70, Fusion=56.35
  Epoch 96: Semantic=55.23, Memory=76.70, Fusion=56.31
  Epoch 99: Semantic=55.31, Memory=76.70, Fusion=56.39
  Epoch 100: Semantic=55.32, Memory=76.70, Fusion=56.39
Object:macaroni1 =========================== Fusion-AUROC:77.0, Semantic:74.61, Memory:76.7


============================================================
[Prompt Configuration] Class: macaroni
  - Mode: MAP+LAP (Baseline)
  - MAP prompts: 13
  - LAP prompts: 8 (generic anomaly templates)
============================================================


[PromptAD] Initializing with use_lap=True
  Epoch 3: Semantic=68.42, Memory=66.98, Fusion=67.67
  Epoch 6: Semantic=68.66, Memory=66.98, Fusion=67.90 *** Best ***
  Epoch 9: Semantic=68.13, Memory=66.98, Fusion=68.13 *** Best ***
  Epoch 12: Semantic=66.02, Memory=66.98, Fusion=68.28 *** Best ***
  Epoch 15: Semantic=65.05, Memory=66.98, Fusion=68.36 *** Best ***
  Epoch 18: Semantic=65.35, Memory=66.98, Fusion=68.88 *** Best ***
  Epoch 21: Semantic=64.01, Memory=66.98, Fusion=68.89 *** Best ***
  Epoch 24: Semantic=63.53, Memory=66.98, Fusion=68.52
  Epoch 27: Semantic=62.78, Memory=66.98, Fusion=67.10
  Epoch 30: Semantic=61.18, Memory=66.98, Fusion=64.50
  Epoch 33: Semantic=60.78, Memory=66.98, Fusion=63.08
  Epoch 36: Semantic=59.43, Memory=66.98, Fusion=61.11
  Epoch 39: Semantic=58.48, Memory=66.98, Fusion=59.80
  Epoch 42: Semantic=57.97, Memory=66.98, Fusion=58.96
  Epoch 45: Semantic=57.16, Memory=66.98, Fusion=57.97
  Epoch 48: Semantic=56.94, Memory=66.98, Fusion=57.62
  Epoch 51: Semantic=56.42, Memory=66.98, Fusion=56.98
  Epoch 54: Semantic=56.11, Memory=66.98, Fusion=56.62
  Epoch 57: Semantic=56.14, Memory=66.98, Fusion=56.57
  Epoch 60: Semantic=55.99, Memory=66.98, Fusion=56.38
  Epoch 63: Semantic=55.72, Memory=66.98, Fusion=56.08
  Epoch 66: Semantic=55.63, Memory=66.98, Fusion=55.94
  Epoch 69: Semantic=55.67, Memory=66.98, Fusion=55.95
  Epoch 72: Semantic=55.62, Memory=66.98, Fusion=55.91
  Epoch 75: Semantic=55.70, Memory=66.98, Fusion=55.97
  Epoch 78: Semantic=55.67, Memory=66.98, Fusion=55.95
  Epoch 81: Semantic=55.65, Memory=66.98, Fusion=55.93
  Epoch 84: Semantic=55.63, Memory=66.98, Fusion=55.89
  Epoch 87: Semantic=55.67, Memory=66.98, Fusion=55.96
  Epoch 90: Semantic=55.60, Memory=66.98, Fusion=55.83
  Epoch 93: Semantic=55.59, Memory=66.98, Fusion=55.84
  Epoch 96: Semantic=55.58, Memory=66.98, Fusion=55.82
  Epoch 99: Semantic=55.58, Memory=66.98, Fusion=55.83
  Epoch 100: Semantic=55.58, Memory=66.98, Fusion=55.84
Object:macaroni2 =========================== Fusion-AUROC:68.89, Semantic:64.01, Memory:66.98


============================================================
[Prompt Configuration] Class: printed circuit board
  - Mode: MAP+LAP (Baseline)
  - MAP prompts: 12
  - LAP prompts: 8 (generic anomaly templates)
============================================================


[PromptAD] Initializing with use_lap=True
  Epoch 3: Semantic=62.55, Memory=92.25, Fusion=92.28
  Epoch 6: Semantic=82.36, Memory=92.25, Fusion=92.44 *** Best ***
  Epoch 9: Semantic=86.94, Memory=92.25, Fusion=92.59 *** Best ***
  Epoch 12: Semantic=86.60, Memory=92.25, Fusion=92.64 *** Best ***
  Epoch 15: Semantic=86.35, Memory=92.25, Fusion=92.70 *** Best ***
  Epoch 18: Semantic=88.03, Memory=92.25, Fusion=92.89 *** Best ***
  Epoch 21: Semantic=89.72, Memory=92.25, Fusion=93.38 *** Best ***
  Epoch 24: Semantic=90.52, Memory=92.25, Fusion=93.87 *** Best ***
  Epoch 27: Semantic=90.38, Memory=92.25, Fusion=94.19 *** Best ***
  Epoch 30: Semantic=90.65, Memory=92.25, Fusion=94.54 *** Best ***
  Epoch 33: Semantic=90.87, Memory=92.25, Fusion=94.72 *** Best ***
  Epoch 36: Semantic=91.11, Memory=92.25, Fusion=94.64
  Epoch 39: Semantic=91.17, Memory=92.25, Fusion=94.26
  Epoch 42: Semantic=90.79, Memory=92.25, Fusion=93.55
  Epoch 45: Semantic=90.77, Memory=92.25, Fusion=93.03
  Epoch 48: Semantic=90.24, Memory=92.25, Fusion=93.27
  Epoch 51: Semantic=90.96, Memory=92.25, Fusion=92.93
  Epoch 54: Semantic=90.53, Memory=92.25, Fusion=92.07
  Epoch 57: Semantic=90.68, Memory=92.25, Fusion=91.91
  Epoch 60: Semantic=90.78, Memory=92.25, Fusion=91.86
  Epoch 63: Semantic=91.03, Memory=92.25, Fusion=91.96
  Epoch 66: Semantic=90.93, Memory=92.25, Fusion=91.77
  Epoch 69: Semantic=91.05, Memory=92.25, Fusion=91.77
  Epoch 72: Semantic=91.18, Memory=92.25, Fusion=91.84
  Epoch 75: Semantic=91.02, Memory=92.25, Fusion=91.64
  Epoch 78: Semantic=91.05, Memory=92.25, Fusion=91.63
  Epoch 81: Semantic=91.12, Memory=92.25, Fusion=91.70
  Epoch 84: Semantic=91.11, Memory=92.25, Fusion=91.67
  Epoch 87: Semantic=91.12, Memory=92.25, Fusion=91.68
  Epoch 90: Semantic=91.11, Memory=92.25, Fusion=91.66
  Epoch 93: Semantic=91.08, Memory=92.25, Fusion=91.62
  Epoch 96: Semantic=91.10, Memory=92.25, Fusion=91.63
  Epoch 99: Semantic=91.11, Memory=92.25, Fusion=91.64
  Epoch 100: Semantic=91.10, Memory=92.25, Fusion=91.63
Object:pcb1 =========================== Fusion-AUROC:94.72, Semantic:90.87, Memory:92.25


============================================================
[Prompt Configuration] Class: printed circuit board
  - Mode: MAP+LAP (Baseline)
  - MAP prompts: 12
  - LAP prompts: 8 (generic anomaly templates)
============================================================


[PromptAD] Initializing with use_lap=True
  Epoch 3: Semantic=52.77, Memory=78.02, Fusion=78.04
  Epoch 6: Semantic=54.53, Memory=78.02, Fusion=78.15 *** Best ***
  Epoch 9: Semantic=57.07, Memory=78.02, Fusion=78.23 *** Best ***
  Epoch 12: Semantic=58.19, Memory=78.02, Fusion=78.30 *** Best ***
  Epoch 15: Semantic=59.11, Memory=78.02, Fusion=78.38 *** Best ***
  Epoch 18: Semantic=57.17, Memory=78.02, Fusion=78.38
  Epoch 21: Semantic=55.58, Memory=78.02, Fusion=78.25
  Epoch 24: Semantic=55.61, Memory=78.02, Fusion=78.27
  Epoch 27: Semantic=57.93, Memory=78.02, Fusion=78.51 *** Best ***
  Epoch 30: Semantic=59.38, Memory=78.02, Fusion=78.82 *** Best ***
  Epoch 33: Semantic=62.58, Memory=78.02, Fusion=79.35 *** Best ***
  Epoch 36: Semantic=63.98, Memory=78.02, Fusion=79.79 *** Best ***
  Epoch 39: Semantic=64.21, Memory=78.02, Fusion=79.56
  Epoch 42: Semantic=65.52, Memory=78.02, Fusion=79.70
  Epoch 45: Semantic=66.75, Memory=78.02, Fusion=79.40
  Epoch 48: Semantic=67.52, Memory=78.02, Fusion=78.79
  Epoch 51: Semantic=67.93, Memory=78.02, Fusion=77.65
  Epoch 54: Semantic=68.54, Memory=78.02, Fusion=76.68
  Epoch 57: Semantic=69.54, Memory=78.02, Fusion=76.21
  Epoch 60: Semantic=70.23, Memory=78.02, Fusion=75.74
  Epoch 63: Semantic=70.69, Memory=78.02, Fusion=75.30
  Epoch 66: Semantic=71.21, Memory=78.02, Fusion=75.15
  Epoch 69: Semantic=71.52, Memory=78.02, Fusion=75.04
  Epoch 72: Semantic=71.87, Memory=78.02, Fusion=74.99
  Epoch 75: Semantic=71.96, Memory=78.02, Fusion=74.82
  Epoch 78: Semantic=72.15, Memory=78.02, Fusion=74.78
  Epoch 81: Semantic=72.22, Memory=78.02, Fusion=74.67
  Epoch 84: Semantic=72.29, Memory=78.02, Fusion=74.62
  Epoch 87: Semantic=72.38, Memory=78.02, Fusion=74.60
  Epoch 90: Semantic=72.43, Memory=78.02, Fusion=74.61
  Epoch 93: Semantic=72.39, Memory=78.02, Fusion=74.56
  Epoch 96: Semantic=72.41, Memory=78.02, Fusion=74.58
  Epoch 99: Semantic=72.41, Memory=78.02, Fusion=74.54
  Epoch 100: Semantic=72.41, Memory=78.02, Fusion=74.57
Object:pcb2 =========================== Fusion-AUROC:79.79, Semantic:63.98, Memory:78.02


============================================================
[Prompt Configuration] Class: printed circuit board
  - Mode: MAP+LAP (Baseline)
  - MAP prompts: 12
  - LAP prompts: 8 (generic anomaly templates)
============================================================


[PromptAD] Initializing with use_lap=True
  Epoch 3: Semantic=70.64, Memory=70.98, Fusion=71.28
  Epoch 6: Semantic=71.81, Memory=70.98, Fusion=71.34 *** Best ***
  Epoch 9: Semantic=69.34, Memory=70.98, Fusion=71.34
  Epoch 12: Semantic=69.02, Memory=70.98, Fusion=71.37 *** Best ***
  Epoch 15: Semantic=68.83, Memory=70.98, Fusion=71.44 *** Best ***
  Epoch 18: Semantic=71.12, Memory=70.98, Fusion=71.61 *** Best ***
  Epoch 21: Semantic=71.29, Memory=70.98, Fusion=71.76 *** Best ***
  Epoch 24: Semantic=72.30, Memory=70.98, Fusion=72.02 *** Best ***
  Epoch 27: Semantic=73.65, Memory=70.98, Fusion=72.43 *** Best ***
  Epoch 30: Semantic=72.84, Memory=70.98, Fusion=72.81 *** Best ***
  Epoch 33: Semantic=71.37, Memory=70.98, Fusion=73.12 *** Best ***
  Epoch 36: Semantic=71.90, Memory=70.98, Fusion=73.79 *** Best ***
  Epoch 39: Semantic=71.73, Memory=70.98, Fusion=74.00 *** Best ***
  Epoch 42: Semantic=71.77, Memory=70.98, Fusion=74.21 *** Best ***
  Epoch 45: Semantic=71.42, Memory=70.98, Fusion=73.78
  Epoch 48: Semantic=71.58, Memory=70.98, Fusion=73.71
  Epoch 51: Semantic=71.34, Memory=70.98, Fusion=73.27
  Epoch 54: Semantic=71.08, Memory=70.98, Fusion=72.64
  Epoch 57: Semantic=71.07, Memory=70.98, Fusion=72.35
  Epoch 60: Semantic=71.00, Memory=70.98, Fusion=72.12
  Epoch 63: Semantic=70.59, Memory=70.98, Fusion=71.62
  Epoch 66: Semantic=70.53, Memory=70.98, Fusion=71.42
  Epoch 69: Semantic=70.31, Memory=70.98, Fusion=71.17
  Epoch 72: Semantic=70.32, Memory=70.98, Fusion=71.09
  Epoch 75: Semantic=70.23, Memory=70.98, Fusion=71.01
  Epoch 78: Semantic=70.16, Memory=70.98, Fusion=70.83
  Epoch 81: Semantic=70.10, Memory=70.98, Fusion=70.76
  Epoch 84: Semantic=70.05, Memory=70.98, Fusion=70.70
  Epoch 87: Semantic=70.02, Memory=70.98, Fusion=70.59
  Epoch 90: Semantic=70.06, Memory=70.98, Fusion=70.67
  Epoch 93: Semantic=70.12, Memory=70.98, Fusion=70.69
  Epoch 96: Semantic=70.01, Memory=70.98, Fusion=70.59
  Epoch 99: Semantic=69.99, Memory=70.98, Fusion=70.61
  Epoch 100: Semantic=70.06, Memory=70.98, Fusion=70.67
Object:pcb3 =========================== Fusion-AUROC:74.21, Semantic:71.77, Memory:70.98


============================================================
[Prompt Configuration] Class: printed circuit board
  - Mode: MAP+LAP (Baseline)
  - MAP prompts: 15
  - LAP prompts: 8 (generic anomaly templates)
============================================================


[PromptAD] Initializing with use_lap=True
  Epoch 3: Semantic=85.82, Memory=81.65, Fusion=82.79
  Epoch 6: Semantic=86.18, Memory=81.65, Fusion=83.37 *** Best ***
  Epoch 9: Semantic=84.83, Memory=81.65, Fusion=83.76 *** Best ***
  Epoch 12: Semantic=85.67, Memory=81.65, Fusion=84.39 *** Best ***
  Epoch 15: Semantic=85.68, Memory=81.65, Fusion=84.82 *** Best ***
  Epoch 18: Semantic=84.85, Memory=81.65, Fusion=85.62 *** Best ***
  Epoch 21: Semantic=84.78, Memory=81.65, Fusion=86.73 *** Best ***
  Epoch 24: Semantic=84.89, Memory=81.65, Fusion=87.68 *** Best ***
  Epoch 27: Semantic=85.29, Memory=81.65, Fusion=88.51 *** Best ***
  Epoch 30: Semantic=84.73, Memory=81.65, Fusion=88.73 *** Best ***
  Epoch 33: Semantic=84.47, Memory=81.65, Fusion=88.50
  Epoch 36: Semantic=85.23, Memory=81.65, Fusion=88.63
  Epoch 39: Semantic=84.75, Memory=81.65, Fusion=88.32
  Epoch 42: Semantic=86.48, Memory=81.65, Fusion=88.95 *** Best ***
  Epoch 45: Semantic=85.64, Memory=81.65, Fusion=88.01
  Epoch 48: Semantic=85.40, Memory=81.65, Fusion=87.48
  Epoch 51: Semantic=86.65, Memory=81.65, Fusion=88.23
  Epoch 54: Semantic=87.00, Memory=81.65, Fusion=88.34
  Epoch 57: Semantic=87.54, Memory=81.65, Fusion=88.59
  Epoch 60: Semantic=87.98, Memory=81.65, Fusion=88.83
  Epoch 63: Semantic=88.08, Memory=81.65, Fusion=88.85
  Epoch 66: Semantic=88.03, Memory=81.65, Fusion=88.71
  Epoch 69: Semantic=88.15, Memory=81.65, Fusion=88.75
  Epoch 72: Semantic=88.29, Memory=81.65, Fusion=88.86
  Epoch 75: Semantic=88.53, Memory=81.65, Fusion=89.08 *** Best ***
  Epoch 78: Semantic=88.58, Memory=81.65, Fusion=89.12 *** Best ***
  Epoch 81: Semantic=88.53, Memory=81.65, Fusion=89.06
  Epoch 84: Semantic=88.53, Memory=81.65, Fusion=89.04
  Epoch 87: Semantic=88.58, Memory=81.65, Fusion=89.05
  Epoch 90: Semantic=88.59, Memory=81.65, Fusion=89.08
  Epoch 93: Semantic=88.60, Memory=81.65, Fusion=89.10
  Epoch 96: Semantic=88.60, Memory=81.65, Fusion=89.10
  Epoch 99: Semantic=88.61, Memory=81.65, Fusion=89.10
  Epoch 100: Semantic=88.62, Memory=81.65, Fusion=89.10
Object:pcb4 =========================== Fusion-AUROC:89.12, Semantic:88.58, Memory:81.65


============================================================
[Prompt Configuration] Class: pipe fryum
  - Mode: MAP+LAP (Baseline)
  - MAP prompts: 14
  - LAP prompts: 8 (generic anomaly templates)
============================================================


[PromptAD] Initializing with use_lap=True
  Epoch 3: Semantic=76.62, Memory=99.22, Fusion=99.21
  Epoch 6: Semantic=78.80, Memory=99.22, Fusion=99.20
  Epoch 9: Semantic=81.80, Memory=99.22, Fusion=99.19
  Epoch 12: Semantic=82.47, Memory=99.22, Fusion=99.16
  Epoch 15: Semantic=83.92, Memory=99.22, Fusion=99.05
  Epoch 18: Semantic=85.70, Memory=99.22, Fusion=98.90
  Epoch 21: Semantic=87.17, Memory=99.22, Fusion=98.56
  Epoch 24: Semantic=87.78, Memory=99.22, Fusion=97.94
  Epoch 27: Semantic=86.66, Memory=99.22, Fusion=97.54
  Epoch 30: Semantic=87.84, Memory=99.22, Fusion=96.41
  Epoch 33: Semantic=87.56, Memory=99.22, Fusion=95.15
  Epoch 36: Semantic=88.94, Memory=99.22, Fusion=94.74
  Epoch 39: Semantic=87.50, Memory=99.22, Fusion=92.73
  Epoch 42: Semantic=87.78, Memory=99.22, Fusion=92.24
  Epoch 45: Semantic=88.44, Memory=99.22, Fusion=92.16
  Epoch 48: Semantic=88.97, Memory=99.22, Fusion=91.90
  Epoch 51: Semantic=89.32, Memory=99.22, Fusion=91.89
  Epoch 54: Semantic=89.58, Memory=99.22, Fusion=91.83
  Epoch 57: Semantic=89.53, Memory=99.22, Fusion=91.54
  Epoch 60: Semantic=89.53, Memory=99.22, Fusion=91.35
  Epoch 63: Semantic=89.57, Memory=99.22, Fusion=91.24
  Epoch 66: Semantic=89.61, Memory=99.22, Fusion=91.15
  Epoch 69: Semantic=89.72, Memory=99.22, Fusion=91.10
  Epoch 72: Semantic=89.86, Memory=99.22, Fusion=91.20
  Epoch 75: Semantic=90.00, Memory=99.22, Fusion=91.26
  Epoch 78: Semantic=90.02, Memory=99.22, Fusion=91.21
  Epoch 81: Semantic=90.02, Memory=99.22, Fusion=91.19
  Epoch 84: Semantic=90.04, Memory=99.22, Fusion=91.19
  Epoch 87: Semantic=90.02, Memory=99.22, Fusion=91.17
  Epoch 90: Semantic=90.06, Memory=99.22, Fusion=91.17
  Epoch 93: Semantic=90.04, Memory=99.22, Fusion=91.16
  Epoch 96: Semantic=90.02, Memory=99.22, Fusion=91.12
  Epoch 99: Semantic=90.06, Memory=99.22, Fusion=91.15
  Epoch 100: Semantic=90.02, Memory=99.22, Fusion=91.13
Object:pipe_fryum =========================== Fusion-AUROC:99.21, Semantic:76.62, Memory:99.22


============================================================
[Prompt Configuration] Class: grid
  - Mode: MAP+LAP (Baseline)
  - MAP prompts: 14
  - LAP prompts: 8 (generic anomaly templates)
============================================================


[PromptAD] Initializing with use_lap=True
  Epoch 3: Semantic=98.50, Memory=95.32, Fusion=95.91
  Epoch 6: Semantic=99.75, Memory=95.32, Fusion=95.91
  Epoch 9: Semantic=99.83, Memory=95.32, Fusion=96.24 *** Best ***
  Epoch 12: Semantic=99.58, Memory=95.32, Fusion=96.74 *** Best ***
  Epoch 15: Semantic=99.33, Memory=95.32, Fusion=97.24 *** Best ***
  Epoch 18: Semantic=99.04, Memory=95.32, Fusion=97.58 *** Best ***
  Epoch 21: Semantic=98.75, Memory=95.32, Fusion=97.83 *** Best ***
  Epoch 24: Semantic=98.58, Memory=95.32, Fusion=98.50 *** Best ***
  Epoch 27: Semantic=98.62, Memory=95.32, Fusion=98.50
  Epoch 30: Semantic=98.75, Memory=95.32, Fusion=98.50
  Epoch 33: Semantic=98.58, Memory=95.32, Fusion=98.33
  Epoch 36: Semantic=98.58, Memory=95.32, Fusion=98.58 *** Best ***
  Epoch 39: Semantic=98.75, Memory=95.32, Fusion=98.58
  Epoch 42: Semantic=98.75, Memory=95.32, Fusion=98.75 *** Best ***
  Epoch 45: Semantic=98.12, Memory=95.32, Fusion=98.25
  Epoch 48: Semantic=98.20, Memory=95.32, Fusion=98.16
  Epoch 51: Semantic=97.95, Memory=95.32, Fusion=98.08
  Epoch 54: Semantic=98.25, Memory=95.32, Fusion=98.33
  Epoch 57: Semantic=97.99, Memory=95.32, Fusion=98.08
  Epoch 60: Semantic=97.91, Memory=95.32, Fusion=97.99
  Epoch 63: Semantic=98.08, Memory=95.32, Fusion=98.08
  Epoch 66: Semantic=97.91, Memory=95.32, Fusion=97.91
  Epoch 69: Semantic=97.91, Memory=95.32, Fusion=97.83
  Epoch 72: Semantic=97.91, Memory=95.32, Fusion=97.99
  Epoch 75: Semantic=97.95, Memory=95.32, Fusion=97.99
  Epoch 78: Semantic=97.83, Memory=95.32, Fusion=97.91
  Epoch 81: Semantic=97.74, Memory=95.32, Fusion=97.83
  Epoch 84: Semantic=97.83, Memory=95.32, Fusion=97.99
  Epoch 87: Semantic=97.91, Memory=95.32, Fusion=97.91
  Epoch 90: Semantic=97.91, Memory=95.32, Fusion=97.99
  Epoch 93: Semantic=97.83, Memory=95.32, Fusion=97.91
  Epoch 96: Semantic=97.79, Memory=95.32, Fusion=97.91
  Epoch 99: Semantic=97.74, Memory=95.32, Fusion=97.91
  Epoch 100: Semantic=97.83, Memory=95.32, Fusion=97.99
Object:grid =========================== Fusion-AUROC:98.75, Semantic:98.75, Memory:95.32


============================================================
[Prompt Configuration] Class: carpet
  - Mode: MAP+LAP (Baseline)
  - MAP prompts: 14
  - LAP prompts: 8 (generic anomaly templates)
============================================================


[PromptAD] Initializing with use_lap=True
  Epoch 3: Semantic=99.92, Memory=99.88, Fusion=99.92
  Epoch 6: Semantic=99.84, Memory=99.88, Fusion=99.92
  Epoch 9: Semantic=100.00, Memory=99.88, Fusion=100.00 *** Best ***
  Epoch 12: Semantic=99.96, Memory=99.88, Fusion=100.00
  Epoch 15: Semantic=99.96, Memory=99.88, Fusion=100.00
  Epoch 18: Semantic=100.00, Memory=99.88, Fusion=100.00
  Epoch 21: Semantic=99.96, Memory=99.88, Fusion=100.00
  Epoch 24: Semantic=99.96, Memory=99.88, Fusion=100.00
  Epoch 27: Semantic=99.96, Memory=99.88, Fusion=100.00
  Epoch 30: Semantic=99.88, Memory=99.88, Fusion=100.00
  Epoch 33: Semantic=99.88, Memory=99.88, Fusion=99.92
  Epoch 36: Semantic=99.92, Memory=99.88, Fusion=100.00
  Epoch 39: Semantic=99.88, Memory=99.88, Fusion=99.88
  Epoch 42: Semantic=99.88, Memory=99.88, Fusion=99.92
  Epoch 45: Semantic=99.88, Memory=99.88, Fusion=99.88
  Epoch 48: Semantic=99.88, Memory=99.88, Fusion=99.88
  Epoch 51: Semantic=99.88, Memory=99.88, Fusion=99.88
  Epoch 54: Semantic=99.88, Memory=99.88, Fusion=99.88
  Epoch 57: Semantic=99.88, Memory=99.88, Fusion=99.88
  Epoch 60: Semantic=99.88, Memory=99.88, Fusion=99.88
  Epoch 63: Semantic=99.88, Memory=99.88, Fusion=99.88
  Epoch 66: Semantic=99.88, Memory=99.88, Fusion=99.88
  Epoch 69: Semantic=99.88, Memory=99.88, Fusion=99.88
  Epoch 72: Semantic=99.88, Memory=99.88, Fusion=99.88
  Epoch 75: Semantic=99.88, Memory=99.88, Fusion=99.88
  Epoch 78: Semantic=99.88, Memory=99.88, Fusion=99.88
  Epoch 81: Semantic=99.88, Memory=99.88, Fusion=99.88
  Epoch 84: Semantic=99.88, Memory=99.88, Fusion=99.88
  Epoch 87: Semantic=99.88, Memory=99.88, Fusion=99.88
  Epoch 90: Semantic=99.88, Memory=99.88, Fusion=99.88
  Epoch 93: Semantic=99.88, Memory=99.88, Fusion=99.88
  Epoch 96: Semantic=99.88, Memory=99.88, Fusion=99.88
  Epoch 99: Semantic=99.88, Memory=99.88, Fusion=99.88
  Epoch 100: Semantic=99.88, Memory=99.88, Fusion=99.88
Object:carpet =========================== Fusion-AUROC:100.0, Semantic:100.0, Memory:99.88


============================================================
[Prompt Configuration] Class: leather
  - Mode: MAP+LAP (Baseline)
  - MAP prompts: 13
  - LAP prompts: 8 (generic anomaly templates)
============================================================


[PromptAD] Initializing with use_lap=True
  Epoch 3: Semantic=100.00, Memory=99.08, Fusion=99.29
  Epoch 6: Semantic=100.00, Memory=99.08, Fusion=99.49 *** Best ***
  Epoch 9: Semantic=100.00, Memory=99.08, Fusion=99.63 *** Best ***
  Epoch 12: Semantic=100.00, Memory=99.08, Fusion=99.80 *** Best ***
  Epoch 15: Semantic=100.00, Memory=99.08, Fusion=99.93 *** Best ***
  Epoch 18: Semantic=100.00, Memory=99.08, Fusion=99.97 *** Best ***
  Epoch 21: Semantic=100.00, Memory=99.08, Fusion=99.97
  Epoch 24: Semantic=100.00, Memory=99.08, Fusion=99.97
  Epoch 27: Semantic=100.00, Memory=99.08, Fusion=99.97
  Epoch 30: Semantic=100.00, Memory=99.08, Fusion=100.00 *** Best ***
  Epoch 33: Semantic=100.00, Memory=99.08, Fusion=100.00
  Epoch 36: Semantic=100.00, Memory=99.08, Fusion=100.00
  Epoch 39: Semantic=100.00, Memory=99.08, Fusion=100.00
  Epoch 42: Semantic=100.00, Memory=99.08, Fusion=100.00
  Epoch 45: Semantic=100.00, Memory=99.08, Fusion=100.00
  Epoch 48: Semantic=100.00, Memory=99.08, Fusion=100.00
  Epoch 51: Semantic=100.00, Memory=99.08, Fusion=100.00
  Epoch 54: Semantic=100.00, Memory=99.08, Fusion=100.00
  Epoch 57: Semantic=100.00, Memory=99.08, Fusion=100.00
  Epoch 60: Semantic=100.00, Memory=99.08, Fusion=100.00
  Epoch 63: Semantic=100.00, Memory=99.08, Fusion=100.00
  Epoch 66: Semantic=100.00, Memory=99.08, Fusion=100.00
  Epoch 69: Semantic=100.00, Memory=99.08, Fusion=100.00
  Epoch 72: Semantic=100.00, Memory=99.08, Fusion=100.00
  Epoch 75: Semantic=100.00, Memory=99.08, Fusion=100.00
  Epoch 78: Semantic=100.00, Memory=99.08, Fusion=100.00
  Epoch 81: Semantic=100.00, Memory=99.08, Fusion=100.00
  Epoch 84: Semantic=100.00, Memory=99.08, Fusion=100.00
  Epoch 87: Semantic=100.00, Memory=99.08, Fusion=100.00
  Epoch 90: Semantic=100.00, Memory=99.08, Fusion=100.00
  Epoch 93: Semantic=100.00, Memory=99.08, Fusion=100.00
  Epoch 96: Semantic=100.00, Memory=99.08, Fusion=100.00
  Epoch 99: Semantic=100.00, Memory=99.08, Fusion=100.00
  Epoch 100: Semantic=100.00, Memory=99.08, Fusion=100.00
Object:leather =========================== Fusion-AUROC:100.0, Semantic:100.0, Memory:99.08


============================================================
[Prompt Configuration] Class: tile
  - Mode: MAP+LAP (Baseline)
  - MAP prompts: 13
  - LAP prompts: 8 (generic anomaly templates)
============================================================


[PromptAD] Initializing with use_lap=True
  Epoch 3: Semantic=100.00, Memory=100.00, Fusion=100.00
  Epoch 6: Semantic=99.96, Memory=100.00, Fusion=100.00
  Epoch 9: Semantic=100.00, Memory=100.00, Fusion=100.00
  Epoch 12: Semantic=100.00, Memory=100.00, Fusion=100.00
  Epoch 15: Semantic=100.00, Memory=100.00, Fusion=100.00
  Epoch 18: Semantic=99.89, Memory=100.00, Fusion=100.00
  Epoch 21: Semantic=99.96, Memory=100.00, Fusion=100.00
  Epoch 24: Semantic=99.91, Memory=100.00, Fusion=100.00
  Epoch 27: Semantic=100.00, Memory=100.00, Fusion=100.00
  Epoch 30: Semantic=100.00, Memory=100.00, Fusion=100.00
  Epoch 33: Semantic=100.00, Memory=100.00, Fusion=100.00
  Epoch 36: Semantic=100.00, Memory=100.00, Fusion=100.00
  Epoch 39: Semantic=100.00, Memory=100.00, Fusion=100.00
  Epoch 42: Semantic=100.00, Memory=100.00, Fusion=100.00
  Epoch 45: Semantic=100.00, Memory=100.00, Fusion=100.00
  Epoch 48: Semantic=100.00, Memory=100.00, Fusion=100.00
  Epoch 51: Semantic=100.00, Memory=100.00, Fusion=100.00
  Epoch 54: Semantic=100.00, Memory=100.00, Fusion=100.00
  Epoch 57: Semantic=100.00, Memory=100.00, Fusion=100.00
  Epoch 60: Semantic=100.00, Memory=100.00, Fusion=100.00
  Epoch 63: Semantic=100.00, Memory=100.00, Fusion=100.00
  Epoch 66: Semantic=100.00, Memory=100.00, Fusion=100.00
  Epoch 69: Semantic=100.00, Memory=100.00, Fusion=100.00
  Epoch 72: Semantic=100.00, Memory=100.00, Fusion=100.00
  Epoch 75: Semantic=100.00, Memory=100.00, Fusion=100.00
  Epoch 78: Semantic=100.00, Memory=100.00, Fusion=100.00
  Epoch 81: Semantic=100.00, Memory=100.00, Fusion=100.00
  Epoch 84: Semantic=100.00, Memory=100.00, Fusion=100.00
  Epoch 87: Semantic=100.00, Memory=100.00, Fusion=100.00
  Epoch 90: Semantic=100.00, Memory=100.00, Fusion=100.00
  Epoch 93: Semantic=100.00, Memory=100.00, Fusion=100.00
  Epoch 96: Semantic=100.00, Memory=100.00, Fusion=100.00
  Epoch 99: Semantic=100.00, Memory=100.00, Fusion=100.00
  Epoch 100: Semantic=100.00, Memory=100.00, Fusion=100.00
Object:tile =========================== Fusion-AUROC:100.0, Semantic:100.0, Memory:100.0


============================================================
[Prompt Configuration] Class: wood
  - Mode: MAP+LAP (Baseline)
  - MAP prompts: 12
  - LAP prompts: 8 (generic anomaly templates)
============================================================


[PromptAD] Initializing with use_lap=True
  Epoch 3: Semantic=96.40, Memory=98.42, Fusion=98.60
  Epoch 6: Semantic=99.04, Memory=98.42, Fusion=98.60
  Epoch 9: Semantic=97.37, Memory=98.42, Fusion=98.60
  Epoch 12: Semantic=96.97, Memory=98.42, Fusion=98.68 *** Best ***
  Epoch 15: Semantic=97.85, Memory=98.42, Fusion=98.77 *** Best ***
  Epoch 18: Semantic=97.98, Memory=98.42, Fusion=98.95 *** Best ***
  Epoch 21: Semantic=98.82, Memory=98.42, Fusion=99.21 *** Best ***
  Epoch 24: Semantic=98.99, Memory=98.42, Fusion=98.95
  Epoch 27: Semantic=99.21, Memory=98.42, Fusion=99.12
  Epoch 30: Semantic=98.95, Memory=98.42, Fusion=99.30 *** Best ***
  Epoch 33: Semantic=98.20, Memory=98.42, Fusion=99.04
  Epoch 36: Semantic=98.07, Memory=98.42, Fusion=99.04
  Epoch 39: Semantic=98.46, Memory=98.42, Fusion=98.86
  Epoch 42: Semantic=98.11, Memory=98.42, Fusion=98.95
  Epoch 45: Semantic=98.16, Memory=98.42, Fusion=98.77
  Epoch 48: Semantic=97.94, Memory=98.42, Fusion=98.51
  Epoch 51: Semantic=97.89, Memory=98.42, Fusion=98.33
  Epoch 54: Semantic=97.89, Memory=98.42, Fusion=98.42
  Epoch 57: Semantic=97.89, Memory=98.42, Fusion=98.33
  Epoch 60: Semantic=97.89, Memory=98.42, Fusion=98.16
  Epoch 63: Semantic=97.89, Memory=98.42, Fusion=98.07
  Epoch 66: Semantic=97.81, Memory=98.42, Fusion=97.98
  Epoch 69: Semantic=97.63, Memory=98.42, Fusion=97.89
  Epoch 72: Semantic=97.54, Memory=98.42, Fusion=97.81
  Epoch 75: Semantic=97.54, Memory=98.42, Fusion=97.54
  Epoch 78: Semantic=97.54, Memory=98.42, Fusion=97.54
  Epoch 81: Semantic=97.46, Memory=98.42, Fusion=97.54
  Epoch 84: Semantic=97.46, Memory=98.42, Fusion=97.54
  Epoch 87: Semantic=97.46, Memory=98.42, Fusion=97.54
  Epoch 90: Semantic=97.37, Memory=98.42, Fusion=97.54
  Epoch 93: Semantic=97.41, Memory=98.42, Fusion=97.54
  Epoch 96: Semantic=97.32, Memory=98.42, Fusion=97.54
  Epoch 99: Semantic=97.32, Memory=98.42, Fusion=97.54
  Epoch 100: Semantic=97.28, Memory=98.42, Fusion=97.54
Object:wood =========================== Fusion-AUROC:99.3, Semantic:98.95, Memory:98.42


============================================================
[Prompt Configuration] Class: bottle
  - Mode: MAP+LAP (Baseline)
  - MAP prompts: 11
  - LAP prompts: 8 (generic anomaly templates)
============================================================


[PromptAD] Initializing with use_lap=True
  Epoch 3: Semantic=96.59, Memory=99.68, Fusion=99.60
  Epoch 6: Semantic=96.43, Memory=99.68, Fusion=99.60
  Epoch 9: Semantic=93.93, Memory=99.68, Fusion=99.60
  Epoch 12: Semantic=93.93, Memory=99.68, Fusion=99.60
  Epoch 15: Semantic=95.20, Memory=99.68, Fusion=99.60
  Epoch 18: Semantic=96.63, Memory=99.68, Fusion=99.68 *** Best ***
  Epoch 21: Semantic=96.98, Memory=99.68, Fusion=99.84 *** Best ***
  Epoch 24: Semantic=98.57, Memory=99.68, Fusion=99.84
  Epoch 27: Semantic=97.74, Memory=99.68, Fusion=99.92 *** Best ***
  Epoch 30: Semantic=98.25, Memory=99.68, Fusion=99.84
  Epoch 33: Semantic=97.98, Memory=99.68, Fusion=99.76
  Epoch 36: Semantic=98.13, Memory=99.68, Fusion=99.76
  Epoch 39: Semantic=97.86, Memory=99.68, Fusion=99.76
  Epoch 42: Semantic=98.02, Memory=99.68, Fusion=99.84
  Epoch 45: Semantic=98.17, Memory=99.68, Fusion=99.84
  Epoch 48: Semantic=98.37, Memory=99.68, Fusion=99.76
  Epoch 51: Semantic=98.37, Memory=99.68, Fusion=99.44
  Epoch 54: Semantic=98.02, Memory=99.68, Fusion=99.29
  Epoch 57: Semantic=97.94, Memory=99.68, Fusion=99.13
  Epoch 60: Semantic=98.33, Memory=99.68, Fusion=99.13
  Epoch 63: Semantic=98.73, Memory=99.68, Fusion=99.52
  Epoch 66: Semantic=98.93, Memory=99.68, Fusion=99.44
  Epoch 69: Semantic=98.81, Memory=99.68, Fusion=99.44
  Epoch 72: Semantic=98.73, Memory=99.68, Fusion=99.37
  Epoch 75: Semantic=98.73, Memory=99.68, Fusion=99.29
  Epoch 78: Semantic=98.65, Memory=99.68, Fusion=99.13
  Epoch 81: Semantic=98.65, Memory=99.68, Fusion=99.29
  Epoch 84: Semantic=98.73, Memory=99.68, Fusion=99.13
  Epoch 87: Semantic=98.73, Memory=99.68, Fusion=99.29
  Epoch 90: Semantic=98.73, Memory=99.68, Fusion=99.21
  Epoch 93: Semantic=98.73, Memory=99.68, Fusion=99.13
  Epoch 96: Semantic=98.73, Memory=99.68, Fusion=99.13
  Epoch 99: Semantic=98.73, Memory=99.68, Fusion=99.13
  Epoch 100: Semantic=98.73, Memory=99.68, Fusion=99.29
Object:bottle =========================== Fusion-AUROC:99.92, Semantic:97.74, Memory:99.68


============================================================
[Prompt Configuration] Class: capsule
  - Mode: MAP+LAP (Baseline)
  - MAP prompts: 13
  - LAP prompts: 8 (generic anomaly templates)
============================================================


[PromptAD] Initializing with use_lap=True
  Epoch 3: Semantic=85.82, Memory=84.16, Fusion=84.48
  Epoch 6: Semantic=85.76, Memory=84.16, Fusion=84.76 *** Best ***
  Epoch 9: Semantic=89.05, Memory=84.16, Fusion=84.72
  Epoch 12: Semantic=90.49, Memory=84.16, Fusion=84.96 *** Best ***
  Epoch 15: Semantic=89.75, Memory=84.16, Fusion=85.16 *** Best ***
  Epoch 18: Semantic=88.69, Memory=84.16, Fusion=85.28 *** Best ***
  Epoch 21: Semantic=90.07, Memory=84.16, Fusion=86.20 *** Best ***
  Epoch 24: Semantic=89.19, Memory=84.16, Fusion=86.80 *** Best ***
  Epoch 27: Semantic=90.49, Memory=84.16, Fusion=88.07 *** Best ***
  Epoch 30: Semantic=90.75, Memory=84.16, Fusion=89.15 *** Best ***
  Epoch 33: Semantic=89.17, Memory=84.16, Fusion=91.07 *** Best ***
  Epoch 36: Semantic=88.21, Memory=84.16, Fusion=91.94 *** Best ***
  Epoch 39: Semantic=90.15, Memory=84.16, Fusion=91.70
  Epoch 42: Semantic=88.51, Memory=84.16, Fusion=93.30 *** Best ***
  Epoch 45: Semantic=87.50, Memory=84.16, Fusion=92.98
  Epoch 48: Semantic=88.13, Memory=84.16, Fusion=93.02
  Epoch 51: Semantic=87.32, Memory=84.16, Fusion=92.06
  Epoch 54: Semantic=86.84, Memory=84.16, Fusion=91.38
  Epoch 57: Semantic=85.82, Memory=84.16, Fusion=89.95
  Epoch 60: Semantic=85.52, Memory=84.16, Fusion=89.19
  Epoch 63: Semantic=85.96, Memory=84.16, Fusion=89.43
  Epoch 66: Semantic=85.72, Memory=84.16, Fusion=89.19
  Epoch 69: Semantic=85.14, Memory=84.16, Fusion=88.19
  Epoch 72: Semantic=85.74, Memory=84.16, Fusion=88.35
  Epoch 75: Semantic=85.78, Memory=84.16, Fusion=88.03
  Epoch 78: Semantic=85.82, Memory=84.16, Fusion=87.95
  Epoch 81: Semantic=85.52, Memory=84.16, Fusion=87.63
  Epoch 84: Semantic=85.66, Memory=84.16, Fusion=87.59
  Epoch 87: Semantic=85.28, Memory=84.16, Fusion=87.40
  Epoch 90: Semantic=85.42, Memory=84.16, Fusion=87.40
  Epoch 93: Semantic=85.20, Memory=84.16, Fusion=87.32
  Epoch 96: Semantic=85.32, Memory=84.16, Fusion=87.36
  Epoch 99: Semantic=85.20, Memory=84.16, Fusion=87.28
  Epoch 100: Semantic=85.34, Memory=84.16, Fusion=87.28
Object:capsule =========================== Fusion-AUROC:93.3, Semantic:88.51, Memory:84.16


============================================================
[Prompt Configuration] Class: cable
  - Mode: MAP+LAP (Baseline)
  - MAP prompts: 13
  - LAP prompts: 8 (generic anomaly templates)
============================================================


[PromptAD] Initializing with use_lap=True
  Epoch 3: Semantic=81.96, Memory=95.43, Fusion=95.50
  Epoch 6: Semantic=83.76, Memory=95.43, Fusion=95.65 *** Best ***
  Epoch 9: Semantic=86.34, Memory=95.43, Fusion=95.88 *** Best ***
  Epoch 12: Semantic=84.23, Memory=95.43, Fusion=96.61 *** Best ***
  Epoch 15: Semantic=85.09, Memory=95.43, Fusion=97.10 *** Best ***
  Epoch 18: Semantic=87.15, Memory=95.43, Fusion=97.30 *** Best ***
  Epoch 21: Semantic=87.76, Memory=95.43, Fusion=97.38 *** Best ***
  Epoch 24: Semantic=88.40, Memory=95.43, Fusion=96.98
  Epoch 27: Semantic=89.95, Memory=95.43, Fusion=96.36
  Epoch 30: Semantic=90.93, Memory=95.43, Fusion=95.93
  Epoch 33: Semantic=91.29, Memory=95.43, Fusion=94.47
  Epoch 36: Semantic=91.42, Memory=95.43, Fusion=93.55
  Epoch 39: Semantic=91.16, Memory=95.43, Fusion=92.80
  Epoch 42: Semantic=91.35, Memory=95.43, Fusion=92.65
  Epoch 45: Semantic=91.58, Memory=95.43, Fusion=92.73
  Epoch 48: Semantic=91.15, Memory=95.43, Fusion=92.07
  Epoch 51: Semantic=90.98, Memory=95.43, Fusion=91.79
  Epoch 54: Semantic=90.99, Memory=95.43, Fusion=91.79
  Epoch 57: Semantic=91.00, Memory=95.43, Fusion=91.81
  Epoch 60: Semantic=91.04, Memory=95.43, Fusion=91.55
  Epoch 63: Semantic=91.24, Memory=95.43, Fusion=91.60
  Epoch 66: Semantic=91.23, Memory=95.43, Fusion=91.59
  Epoch 69: Semantic=91.24, Memory=95.43, Fusion=91.59
  Epoch 72: Semantic=91.20, Memory=95.43, Fusion=91.64
  Epoch 75: Semantic=91.18, Memory=95.43, Fusion=91.53
  Epoch 78: Semantic=91.09, Memory=95.43, Fusion=91.57
  Epoch 81: Semantic=91.15, Memory=95.43, Fusion=91.59
  Epoch 84: Semantic=91.14, Memory=95.43, Fusion=91.53
  Epoch 87: Semantic=91.08, Memory=95.43, Fusion=91.55
  Epoch 90: Semantic=91.10, Memory=95.43, Fusion=91.53
  Epoch 93: Semantic=91.07, Memory=95.43, Fusion=91.53
  Epoch 96: Semantic=91.16, Memory=95.43, Fusion=91.62
  Epoch 99: Semantic=91.16, Memory=95.43, Fusion=91.57
  Epoch 100: Semantic=91.08, Memory=95.43, Fusion=91.53
Object:cable =========================== Fusion-AUROC:97.38, Semantic:87.76, Memory:95.43


============================================================
[Prompt Configuration] Class: metal nut
  - Mode: MAP+LAP (Baseline)
  - MAP prompts: 12
  - LAP prompts: 8 (generic anomaly templates)
============================================================


[PromptAD] Initializing with use_lap=True
  Epoch 3: Semantic=90.93, Memory=100.00, Fusion=100.00
  Epoch 6: Semantic=86.88, Memory=100.00, Fusion=100.00
  Epoch 9: Semantic=85.85, Memory=100.00, Fusion=100.00
  Epoch 12: Semantic=84.41, Memory=100.00, Fusion=100.00
  Epoch 15: Semantic=90.40, Memory=100.00, Fusion=100.00
  Epoch 18: Semantic=91.96, Memory=100.00, Fusion=100.00
  Epoch 21: Semantic=87.71, Memory=100.00, Fusion=100.00
  Epoch 24: Semantic=87.07, Memory=100.00, Fusion=100.00
  Epoch 27: Semantic=86.78, Memory=100.00, Fusion=100.00
  Epoch 30: Semantic=90.20, Memory=100.00, Fusion=99.32
  Epoch 33: Semantic=89.35, Memory=100.00, Fusion=98.34
  Epoch 36: Semantic=92.18, Memory=100.00, Fusion=97.65
  Epoch 39: Semantic=91.35, Memory=100.00, Fusion=96.33
  Epoch 42: Semantic=90.37, Memory=100.00, Fusion=94.48
  Epoch 45: Semantic=90.96, Memory=100.00, Fusion=94.28
  Epoch 48: Semantic=90.00, Memory=100.00, Fusion=92.77
  Epoch 51: Semantic=90.37, Memory=100.00, Fusion=93.06
  Epoch 54: Semantic=90.44, Memory=100.00, Fusion=92.86
  Epoch 57: Semantic=91.18, Memory=100.00, Fusion=92.67
  Epoch 60: Semantic=91.13, Memory=100.00, Fusion=92.67
  Epoch 63: Semantic=91.57, Memory=100.00, Fusion=92.38
  Epoch 66: Semantic=91.62, Memory=100.00, Fusion=92.47
  Epoch 69: Semantic=91.84, Memory=100.00, Fusion=92.52
  Epoch 72: Semantic=92.01, Memory=100.00, Fusion=92.33
  Epoch 75: Semantic=91.84, Memory=100.00, Fusion=92.38
  Epoch 78: Semantic=92.06, Memory=100.00, Fusion=92.57
  Epoch 81: Semantic=92.03, Memory=100.00, Fusion=92.42
  Epoch 84: Semantic=92.06, Memory=100.00, Fusion=92.38
  Epoch 87: Semantic=92.03, Memory=100.00, Fusion=92.47
  Epoch 90: Semantic=91.98, Memory=100.00, Fusion=92.42
  Epoch 93: Semantic=92.13, Memory=100.00, Fusion=92.47
  Epoch 96: Semantic=92.08, Memory=100.00, Fusion=92.38
  Epoch 99: Semantic=92.11, Memory=100.00, Fusion=92.42
  Epoch 100: Semantic=92.08, Memory=100.00, Fusion=92.52
Object:metal_nut =========================== Fusion-AUROC:100.0, Semantic:90.93, Memory:100.0


============================================================
[Prompt Configuration] Class: hazelnut
  - Mode: MAP+LAP (Baseline)
  - MAP prompts: 12
  - LAP prompts: 8 (generic anomaly templates)
============================================================


[PromptAD] Initializing with use_lap=True
  Epoch 3: Semantic=92.39, Memory=100.00, Fusion=100.00
  Epoch 6: Semantic=90.96, Memory=100.00, Fusion=99.96
  Epoch 9: Semantic=92.38, Memory=100.00, Fusion=100.00
  Epoch 12: Semantic=91.70, Memory=100.00, Fusion=100.00
  Epoch 15: Semantic=89.45, Memory=100.00, Fusion=100.00
  Epoch 18: Semantic=85.57, Memory=100.00, Fusion=99.96
  Epoch 21: Semantic=83.66, Memory=100.00, Fusion=99.96
  Epoch 24: Semantic=82.71, Memory=100.00, Fusion=99.75
  Epoch 27: Semantic=79.29, Memory=100.00, Fusion=98.75
  Epoch 30: Semantic=80.71, Memory=100.00, Fusion=96.43
  Epoch 33: Semantic=81.16, Memory=100.00, Fusion=93.18
  Epoch 36: Semantic=82.52, Memory=100.00, Fusion=90.04
  Epoch 39: Semantic=82.09, Memory=100.00, Fusion=88.68
  Epoch 42: Semantic=81.48, Memory=100.00, Fusion=86.93
  Epoch 45: Semantic=80.59, Memory=100.00, Fusion=84.68
  Epoch 48: Semantic=79.07, Memory=100.00, Fusion=82.00
  Epoch 51: Semantic=80.16, Memory=100.00, Fusion=81.93
  Epoch 54: Semantic=80.43, Memory=100.00, Fusion=81.79
  Epoch 57: Semantic=81.11, Memory=100.00, Fusion=82.07
  Epoch 60: Semantic=81.18, Memory=100.00, Fusion=82.39
  Epoch 63: Semantic=81.32, Memory=100.00, Fusion=82.07
  Epoch 66: Semantic=81.27, Memory=100.00, Fusion=82.11
  Epoch 69: Semantic=81.18, Memory=100.00, Fusion=81.89
  Epoch 72: Semantic=81.16, Memory=100.00, Fusion=81.89
  Epoch 75: Semantic=80.89, Memory=100.00, Fusion=81.64
  Epoch 78: Semantic=81.29, Memory=100.00, Fusion=81.79
  Epoch 81: Semantic=81.23, Memory=100.00, Fusion=81.79
  Epoch 84: Semantic=81.27, Memory=100.00, Fusion=81.86
  Epoch 87: Semantic=81.32, Memory=100.00, Fusion=81.82
  Epoch 90: Semantic=81.45, Memory=100.00, Fusion=81.75
  Epoch 93: Semantic=81.41, Memory=100.00, Fusion=81.71
  Epoch 96: Semantic=81.38, Memory=100.00, Fusion=81.75
  Epoch 99: Semantic=81.32, Memory=100.00, Fusion=81.75
  Epoch 100: Semantic=81.39, Memory=100.00, Fusion=81.75
Object:hazelnut =========================== Fusion-AUROC:100.0, Semantic:92.39, Memory:100.0


============================================================
[Prompt Configuration] Class: pill
  - Mode: MAP+LAP (Baseline)
  - MAP prompts: 14
  - LAP prompts: 8 (generic anomaly templates)
============================================================


[PromptAD] Initializing with use_lap=True
  Epoch 3: Semantic=80.25, Memory=94.79, Fusion=95.04
  Epoch 6: Semantic=84.36, Memory=94.79, Fusion=95.14 *** Best ***
  Epoch 9: Semantic=84.07, Memory=94.79, Fusion=95.09
  Epoch 12: Semantic=88.63, Memory=94.79, Fusion=95.20 *** Best ***
  Epoch 15: Semantic=87.97, Memory=94.79, Fusion=95.25 *** Best ***
  Epoch 18: Semantic=86.09, Memory=94.79, Fusion=95.06
  Epoch 21: Semantic=86.31, Memory=94.79, Fusion=95.20
  Epoch 24: Semantic=85.38, Memory=94.79, Fusion=95.31 *** Best ***
  Epoch 27: Semantic=84.87, Memory=94.79, Fusion=95.20
  Epoch 30: Semantic=85.69, Memory=94.79, Fusion=95.23
  Epoch 33: Semantic=85.60, Memory=94.79, Fusion=94.41
  Epoch 36: Semantic=85.15, Memory=94.79, Fusion=93.32
  Epoch 39: Semantic=85.47, Memory=94.79, Fusion=92.55
  Epoch 42: Semantic=84.98, Memory=94.79, Fusion=91.27
  Epoch 45: Semantic=84.64, Memory=94.79, Fusion=90.40
  Epoch 48: Semantic=84.66, Memory=94.79, Fusion=89.39
  Epoch 51: Semantic=84.03, Memory=94.79, Fusion=88.33
  Epoch 54: Semantic=83.65, Memory=94.79, Fusion=87.64
  Epoch 57: Semantic=83.43, Memory=94.79, Fusion=86.77
  Epoch 60: Semantic=83.52, Memory=94.79, Fusion=86.72
  Epoch 63: Semantic=83.44, Memory=94.79, Fusion=86.36
  Epoch 66: Semantic=83.58, Memory=94.79, Fusion=86.31
  Epoch 69: Semantic=83.76, Memory=94.79, Fusion=86.25
  Epoch 72: Semantic=83.89, Memory=94.79, Fusion=85.98
  Epoch 75: Semantic=83.93, Memory=94.79, Fusion=85.98
  Epoch 78: Semantic=83.81, Memory=94.79, Fusion=85.82
  Epoch 81: Semantic=83.99, Memory=94.79, Fusion=85.98
  Epoch 84: Semantic=83.82, Memory=94.79, Fusion=85.87
  Epoch 87: Semantic=83.99, Memory=94.79, Fusion=85.84
  Epoch 90: Semantic=83.81, Memory=94.79, Fusion=85.79
  Epoch 93: Semantic=83.78, Memory=94.79, Fusion=85.79
  Epoch 96: Semantic=83.84, Memory=94.79, Fusion=85.60
  Epoch 99: Semantic=83.84, Memory=94.79, Fusion=85.57
  Epoch 100: Semantic=83.76, Memory=94.79, Fusion=85.76
Object:pill =========================== Fusion-AUROC:95.31, Semantic:85.38, Memory:94.79


============================================================
[Prompt Configuration] Class: screw
  - Mode: MAP+LAP (Baseline)
  - MAP prompts: 11
  - LAP prompts: 8 (generic anomaly templates)
============================================================


[PromptAD] Initializing with use_lap=True
  Epoch 3: Semantic=66.05, Memory=66.20, Fusion=66.86
  Epoch 6: Semantic=62.50, Memory=66.20, Fusion=67.14 *** Best ***
  Epoch 9: Semantic=54.63, Memory=66.20, Fusion=66.65
  Epoch 12: Semantic=53.44, Memory=66.20, Fusion=65.26
  Epoch 15: Semantic=57.95, Memory=66.20, Fusion=64.75
  Epoch 18: Semantic=53.18, Memory=66.20, Fusion=60.65
  Epoch 21: Semantic=55.97, Memory=66.20, Fusion=60.03
  Epoch 24: Semantic=54.99, Memory=66.20, Fusion=57.35
  Epoch 27: Semantic=57.22, Memory=66.20, Fusion=58.99
  Epoch 30: Semantic=57.15, Memory=66.20, Fusion=58.17
  Epoch 33: Semantic=57.54, Memory=66.20, Fusion=58.29
  Epoch 36: Semantic=56.41, Memory=66.20, Fusion=57.18
  Epoch 39: Semantic=56.15, Memory=66.20, Fusion=56.67
  Epoch 42: Semantic=56.28, Memory=66.20, Fusion=56.75
  Epoch 45: Semantic=55.85, Memory=66.20, Fusion=56.28
  Epoch 48: Semantic=55.66, Memory=66.20, Fusion=56.28
  Epoch 51: Semantic=55.87, Memory=66.20, Fusion=56.16
  Epoch 54: Semantic=55.87, Memory=66.20, Fusion=56.20
  Epoch 57: Semantic=55.92, Memory=66.20, Fusion=56.34
  Epoch 60: Semantic=56.06, Memory=66.20, Fusion=56.36
  Epoch 63: Semantic=56.05, Memory=66.20, Fusion=56.36
  Epoch 66: Semantic=55.81, Memory=66.20, Fusion=56.16
  Epoch 69: Semantic=55.97, Memory=66.20, Fusion=56.20
  Epoch 72: Semantic=55.84, Memory=66.20, Fusion=56.10
  Epoch 75: Semantic=55.94, Memory=66.20, Fusion=56.18
  Epoch 78: Semantic=56.02, Memory=66.20, Fusion=56.22
  Epoch 81: Semantic=55.94, Memory=66.20, Fusion=56.26
  Epoch 84: Semantic=56.06, Memory=66.20, Fusion=56.30
  Epoch 87: Semantic=55.97, Memory=66.20, Fusion=56.24
  Epoch 90: Semantic=56.00, Memory=66.20, Fusion=56.28
  Epoch 93: Semantic=56.08, Memory=66.20, Fusion=56.24
  Epoch 96: Semantic=55.97, Memory=66.20, Fusion=56.26
  Epoch 99: Semantic=56.06, Memory=66.20, Fusion=56.34
  Epoch 100: Semantic=55.97, Memory=66.20, Fusion=56.32
Object:screw =========================== Fusion-AUROC:67.14, Semantic:62.5, Memory:66.2


============================================================
[Prompt Configuration] Class: toothbrush
  - Mode: MAP+LAP (Baseline)
  - MAP prompts: 10
  - LAP prompts: 8 (generic anomaly templates)
============================================================


[PromptAD] Initializing with use_lap=True
  Epoch 3: Semantic=67.22, Memory=97.22, Fusion=97.22
  Epoch 6: Semantic=66.53, Memory=97.22, Fusion=97.22
  Epoch 9: Semantic=63.47, Memory=97.22, Fusion=97.22
  Epoch 12: Semantic=68.75, Memory=97.22, Fusion=97.22
  Epoch 15: Semantic=76.11, Memory=97.22, Fusion=97.22
  Epoch 18: Semantic=83.06, Memory=97.22, Fusion=97.22
  Epoch 21: Semantic=84.03, Memory=97.22, Fusion=97.22
  Epoch 24: Semantic=83.33, Memory=97.22, Fusion=97.22
  Epoch 27: Semantic=83.19, Memory=97.22, Fusion=96.94
  Epoch 30: Semantic=83.06, Memory=97.22, Fusion=96.39
  Epoch 33: Semantic=84.44, Memory=97.22, Fusion=96.11
  Epoch 36: Semantic=84.72, Memory=97.22, Fusion=94.17
  Epoch 39: Semantic=83.61, Memory=97.22, Fusion=92.50
  Epoch 42: Semantic=83.75, Memory=97.22, Fusion=91.39
  Epoch 45: Semantic=83.47, Memory=97.22, Fusion=90.00
  Epoch 48: Semantic=84.58, Memory=97.22, Fusion=89.44
  Epoch 51: Semantic=83.33, Memory=97.22, Fusion=87.50
  Epoch 54: Semantic=84.44, Memory=97.22, Fusion=86.67
  Epoch 57: Semantic=84.17, Memory=97.22, Fusion=87.22
  Epoch 60: Semantic=84.17, Memory=97.22, Fusion=86.39
  Epoch 63: Semantic=84.58, Memory=97.22, Fusion=86.39
  Epoch 66: Semantic=84.31, Memory=97.22, Fusion=86.39
  Epoch 69: Semantic=84.31, Memory=97.22, Fusion=86.11
  Epoch 72: Semantic=84.72, Memory=97.22, Fusion=86.39
  Epoch 75: Semantic=84.72, Memory=97.22, Fusion=86.39
  Epoch 78: Semantic=84.72, Memory=97.22, Fusion=86.39
  Epoch 81: Semantic=84.72, Memory=97.22, Fusion=85.56
  Epoch 84: Semantic=84.72, Memory=97.22, Fusion=85.83
  Epoch 87: Semantic=84.72, Memory=97.22, Fusion=85.83
  Epoch 90: Semantic=84.72, Memory=97.22, Fusion=85.56
  Epoch 93: Semantic=84.72, Memory=97.22, Fusion=85.56
  Epoch 96: Semantic=84.72, Memory=97.22, Fusion=85.56
  Epoch 99: Semantic=84.72, Memory=97.22, Fusion=85.56
  Epoch 100: Semantic=84.72, Memory=97.22, Fusion=85.56
Object:toothbrush =========================== Fusion-AUROC:97.22, Semantic:67.22, Memory:97.22


============================================================
[Prompt Configuration] Class: transistor
  - Mode: MAP+LAP (Baseline)
  - MAP prompts: 12
  - LAP prompts: 8 (generic anomaly templates)
============================================================


[PromptAD] Initializing with use_lap=True
  Epoch 3: Semantic=90.10, Memory=87.54, Fusion=88.17
  Epoch 6: Semantic=90.75, Memory=87.54, Fusion=88.29 *** Best ***
  Epoch 9: Semantic=89.75, Memory=87.54, Fusion=88.33 *** Best ***
  Epoch 12: Semantic=90.58, Memory=87.54, Fusion=88.42 *** Best ***
  Epoch 15: Semantic=90.71, Memory=87.54, Fusion=89.04 *** Best ***
  Epoch 18: Semantic=92.10, Memory=87.54, Fusion=89.50 *** Best ***
  Epoch 21: Semantic=90.85, Memory=87.54, Fusion=90.54 *** Best ***
  Epoch 24: Semantic=89.54, Memory=87.54, Fusion=90.67 *** Best ***
  Epoch 27: Semantic=89.50, Memory=87.54, Fusion=91.29 *** Best ***
  Epoch 30: Semantic=88.75, Memory=87.54, Fusion=91.58 *** Best ***
  Epoch 33: Semantic=88.33, Memory=87.54, Fusion=92.08 *** Best ***
  Epoch 36: Semantic=88.10, Memory=87.54, Fusion=92.58 *** Best ***
  Epoch 39: Semantic=87.71, Memory=87.54, Fusion=92.04
  Epoch 42: Semantic=87.10, Memory=87.54, Fusion=91.75
  Epoch 45: Semantic=87.77, Memory=87.54, Fusion=91.75
  Epoch 48: Semantic=87.04, Memory=87.54, Fusion=91.17
  Epoch 51: Semantic=87.52, Memory=87.54, Fusion=90.62
  Epoch 54: Semantic=87.62, Memory=87.54, Fusion=90.33
  Epoch 57: Semantic=87.69, Memory=87.54, Fusion=89.92
  Epoch 60: Semantic=87.58, Memory=87.54, Fusion=89.50
  Epoch 63: Semantic=87.29, Memory=87.54, Fusion=89.38
  Epoch 66: Semantic=87.54, Memory=87.54, Fusion=89.33
  Epoch 69: Semantic=87.31, Memory=87.54, Fusion=89.12
  Epoch 72: Semantic=87.33, Memory=87.54, Fusion=89.04
  Epoch 75: Semantic=87.38, Memory=87.54, Fusion=89.00
  Epoch 78: Semantic=87.52, Memory=87.54, Fusion=89.00
  Epoch 81: Semantic=87.40, Memory=87.54, Fusion=88.88
  Epoch 84: Semantic=87.35, Memory=87.54, Fusion=88.83
  Epoch 87: Semantic=87.29, Memory=87.54, Fusion=88.83
  Epoch 90: Semantic=87.29, Memory=87.54, Fusion=88.83
  Epoch 93: Semantic=87.17, Memory=87.54, Fusion=88.71
  Epoch 96: Semantic=87.19, Memory=87.54, Fusion=88.79
  Epoch 99: Semantic=87.23, Memory=87.54, Fusion=88.71
  Epoch 100: Semantic=87.17, Memory=87.54, Fusion=88.83
Object:transistor =========================== Fusion-AUROC:92.58, Semantic:88.1, Memory:87.54


============================================================
[Prompt Configuration] Class: zipper
  - Mode: MAP+LAP (Baseline)
  - MAP prompts: 14
  - LAP prompts: 8 (generic anomaly templates)
============================================================


[PromptAD] Initializing with use_lap=True
  Epoch 3: Semantic=78.77, Memory=91.89, Fusion=91.86
  Epoch 6: Semantic=88.50, Memory=91.89, Fusion=92.10 *** Best ***
  Epoch 9: Semantic=93.01, Memory=91.89, Fusion=92.36 *** Best ***
  Epoch 12: Semantic=89.35, Memory=91.89, Fusion=92.52 *** Best ***
  Epoch 15: Semantic=93.08, Memory=91.89, Fusion=93.43 *** Best ***
  Epoch 18: Semantic=95.26, Memory=91.89, Fusion=94.35 *** Best ***
  Epoch 21: Semantic=96.65, Memory=91.89, Fusion=95.72 *** Best ***
  Epoch 24: Semantic=96.85, Memory=91.89, Fusion=97.09 *** Best ***
  Epoch 27: Semantic=96.18, Memory=91.89, Fusion=96.53
  Epoch 30: Semantic=96.90, Memory=91.89, Fusion=97.56 *** Best ***
  Epoch 33: Semantic=96.72, Memory=91.89, Fusion=97.53
  Epoch 36: Semantic=97.03, Memory=91.89, Fusion=97.61 *** Best ***
  Epoch 39: Semantic=96.66, Memory=91.89, Fusion=97.24
  Epoch 42: Semantic=96.66, Memory=91.89, Fusion=97.14
  Epoch 45: Semantic=96.73, Memory=91.89, Fusion=97.11
  Epoch 48: Semantic=96.60, Memory=91.89, Fusion=96.82
  Epoch 51: Semantic=96.70, Memory=91.89, Fusion=96.82
  Epoch 54: Semantic=96.69, Memory=91.89, Fusion=96.80
  Epoch 57: Semantic=96.68, Memory=91.89, Fusion=96.69
  Epoch 60: Semantic=96.74, Memory=91.89, Fusion=96.77
  Epoch 63: Semantic=96.70, Memory=91.89, Fusion=96.77
  Epoch 66: Semantic=96.65, Memory=91.89, Fusion=96.72
  Epoch 69: Semantic=96.60, Memory=91.89, Fusion=96.64
  Epoch 72: Semantic=96.59, Memory=91.89, Fusion=96.66
  Epoch 75: Semantic=96.60, Memory=91.89, Fusion=96.69
  Epoch 78: Semantic=96.59, Memory=91.89, Fusion=96.64
  Epoch 81: Semantic=96.57, Memory=91.89, Fusion=96.64
  Epoch 84: Semantic=96.64, Memory=91.89, Fusion=96.64
  Epoch 87: Semantic=96.60, Memory=91.89, Fusion=96.64
  Epoch 90: Semantic=96.63, Memory=91.89, Fusion=96.69
  Epoch 93: Semantic=96.63, Memory=91.89, Fusion=96.66
  Epoch 96: Semantic=96.63, Memory=91.89, Fusion=96.66
  Epoch 99: Semantic=96.61, Memory=91.89, Fusion=96.69
  Epoch 100: Semantic=96.55, Memory=91.89, Fusion=96.61
Object:zipper =========================== Fusion-AUROC:97.61, Semantic:97.03, Memory:91.89


============================================================
[Prompt Configuration] Class: capsules
  - Mode: MAP+LAP (Baseline)
  - MAP prompts: 13
  - LAP prompts: 8 (generic anomaly templates)
============================================================


[PromptAD] Initializing with use_lap=True
  Epoch 3: Semantic=61.54, Memory=70.26, Fusion=70.27
  Epoch 6: Semantic=62.12, Memory=70.26, Fusion=70.39 *** Best ***
  Epoch 9: Semantic=57.22, Memory=70.26, Fusion=70.19
  Epoch 12: Semantic=65.70, Memory=70.26, Fusion=70.62 *** Best ***
  Epoch 15: Semantic=62.01, Memory=70.26, Fusion=70.29
  Epoch 18: Semantic=58.65, Memory=70.26, Fusion=70.40
  Epoch 21: Semantic=57.74, Memory=70.26, Fusion=70.64 *** Best ***
  Epoch 24: Semantic=56.86, Memory=70.26, Fusion=70.09
  Epoch 27: Semantic=58.24, Memory=70.26, Fusion=69.89
  Epoch 30: Semantic=56.75, Memory=70.26, Fusion=66.15
  Epoch 33: Semantic=58.08, Memory=70.26, Fusion=65.11
  Epoch 36: Semantic=61.89, Memory=70.26, Fusion=67.32
  Epoch 39: Semantic=57.09, Memory=70.26, Fusion=60.87
  Epoch 42: Semantic=59.96, Memory=70.26, Fusion=62.78
  Epoch 45: Semantic=59.67, Memory=70.26, Fusion=61.87
  Epoch 48: Semantic=62.33, Memory=70.26, Fusion=64.15
  Epoch 51: Semantic=61.77, Memory=70.26, Fusion=63.23
  Epoch 54: Semantic=63.73, Memory=70.26, Fusion=65.06
  Epoch 57: Semantic=65.33, Memory=70.26, Fusion=66.39
  Epoch 60: Semantic=64.82, Memory=70.26, Fusion=65.92
  Epoch 63: Semantic=64.83, Memory=70.26, Fusion=65.91
  Epoch 66: Semantic=65.42, Memory=70.26, Fusion=66.33
  Epoch 69: Semantic=65.67, Memory=70.26, Fusion=66.57
  Epoch 72: Semantic=65.40, Memory=70.26, Fusion=66.26
  Epoch 75: Semantic=64.92, Memory=70.26, Fusion=65.79
  Epoch 78: Semantic=65.00, Memory=70.26, Fusion=65.86
  Epoch 81: Semantic=65.32, Memory=70.26, Fusion=66.15
  Epoch 84: Semantic=65.38, Memory=70.26, Fusion=66.15
  Epoch 87: Semantic=65.57, Memory=70.26, Fusion=66.34
  Epoch 90: Semantic=65.53, Memory=70.26, Fusion=66.31
  Epoch 93: Semantic=65.47, Memory=70.26, Fusion=66.29
  Epoch 96: Semantic=65.52, Memory=70.26, Fusion=66.34
  Epoch 99: Semantic=65.40, Memory=70.26, Fusion=66.18
  Epoch 100: Semantic=65.45, Memory=70.26, Fusion=66.28
Object:capsules =========================== Fusion-AUROC:70.64, Semantic:57.74, Memory:70.26


============================================================
[Prompt Configuration] Class: candle
  - Mode: MAP+LAP (Baseline)
  - MAP prompts: 15
  - LAP prompts: 8 (generic anomaly templates)
============================================================


[PromptAD] Initializing with use_lap=True
  Epoch 3: Semantic=93.78, Memory=86.08, Fusion=86.34
  Epoch 6: Semantic=90.87, Memory=86.08, Fusion=86.30
  Epoch 9: Semantic=94.66, Memory=86.08, Fusion=86.50 *** Best ***
  Epoch 12: Semantic=95.05, Memory=86.08, Fusion=86.67 *** Best ***
  Epoch 15: Semantic=94.40, Memory=86.08, Fusion=86.77 *** Best ***
  Epoch 18: Semantic=94.06, Memory=86.08, Fusion=86.92 *** Best ***
  Epoch 21: Semantic=94.01, Memory=86.08, Fusion=87.27 *** Best ***
  Epoch 24: Semantic=94.05, Memory=86.08, Fusion=87.80 *** Best ***
  Epoch 27: Semantic=93.93, Memory=86.08, Fusion=88.56 *** Best ***
  Epoch 30: Semantic=94.30, Memory=86.08, Fusion=89.46 *** Best ***
  Epoch 33: Semantic=94.66, Memory=86.08, Fusion=90.61 *** Best ***
  Epoch 36: Semantic=94.93, Memory=86.08, Fusion=91.78 *** Best ***
  Epoch 39: Semantic=94.82, Memory=86.08, Fusion=92.91 *** Best ***
  Epoch 42: Semantic=94.51, Memory=86.08, Fusion=93.72 *** Best ***
  Epoch 45: Semantic=95.03, Memory=86.08, Fusion=93.40
  Epoch 48: Semantic=94.64, Memory=86.08, Fusion=94.68 *** Best ***
  Epoch 51: Semantic=94.71, Memory=86.08, Fusion=95.00 *** Best ***
  Epoch 54: Semantic=94.41, Memory=86.08, Fusion=95.03 *** Best ***
  Epoch 57: Semantic=94.33, Memory=86.08, Fusion=94.98
  Epoch 60: Semantic=94.17, Memory=86.08, Fusion=94.92
  Epoch 63: Semantic=93.85, Memory=86.08, Fusion=94.69
  Epoch 66: Semantic=93.56, Memory=86.08, Fusion=94.37
  Epoch 69: Semantic=93.31, Memory=86.08, Fusion=94.13
  Epoch 72: Semantic=93.23, Memory=86.08, Fusion=94.00
  Epoch 75: Semantic=92.99, Memory=86.08, Fusion=93.76
  Epoch 78: Semantic=92.87, Memory=86.08, Fusion=93.63
  Epoch 81: Semantic=92.70, Memory=86.08, Fusion=93.50
  Epoch 84: Semantic=92.60, Memory=86.08, Fusion=93.37
  Epoch 87: Semantic=92.53, Memory=86.08, Fusion=93.32
  Epoch 90: Semantic=92.44, Memory=86.08, Fusion=93.24
  Epoch 93: Semantic=92.41, Memory=86.08, Fusion=93.20
  Epoch 96: Semantic=92.49, Memory=86.08, Fusion=93.25
  Epoch 99: Semantic=92.47, Memory=86.08, Fusion=93.25
  Epoch 100: Semantic=92.48, Memory=86.08, Fusion=93.25
Object:candle =========================== Fusion-AUROC:95.03, Semantic:94.41, Memory:86.08


============================================================
[Prompt Configuration] Class: cashew
  - Mode: MAP+LAP (Baseline)
  - MAP prompts: 13
  - LAP prompts: 8 (generic anomaly templates)
============================================================


[PromptAD] Initializing with use_lap=True
  Epoch 3: Semantic=92.48, Memory=83.43, Fusion=84.25
  Epoch 6: Semantic=90.24, Memory=83.43, Fusion=84.34 *** Best ***
  Epoch 9: Semantic=89.02, Memory=83.43, Fusion=84.42 *** Best ***
  Epoch 12: Semantic=86.53, Memory=83.43, Fusion=84.66 *** Best ***
  Epoch 15: Semantic=87.60, Memory=83.43, Fusion=85.24 *** Best ***
  Epoch 18: Semantic=86.82, Memory=83.43, Fusion=85.83 *** Best ***
  Epoch 21: Semantic=89.11, Memory=83.43, Fusion=87.64 *** Best ***
  Epoch 24: Semantic=86.84, Memory=83.43, Fusion=88.02 *** Best ***
  Epoch 27: Semantic=87.05, Memory=83.43, Fusion=88.85 *** Best ***
  Epoch 30: Semantic=86.02, Memory=83.43, Fusion=88.63
  Epoch 33: Semantic=85.96, Memory=83.43, Fusion=88.28
  Epoch 36: Semantic=85.33, Memory=83.43, Fusion=87.62
  Epoch 39: Semantic=72.73, Memory=83.43, Fusion=82.79
  Epoch 42: Semantic=68.27, Memory=83.43, Fusion=81.39
  Epoch 45: Semantic=74.70, Memory=83.43, Fusion=82.82
  Epoch 48: Semantic=71.63, Memory=83.43, Fusion=79.86
  Epoch 51: Semantic=69.08, Memory=83.43, Fusion=76.42
  Epoch 54: Semantic=69.14, Memory=83.43, Fusion=74.83
  Epoch 57: Semantic=69.66, Memory=83.43, Fusion=73.99
  Epoch 60: Semantic=71.36, Memory=83.43, Fusion=74.75
  Epoch 63: Semantic=70.99, Memory=83.43, Fusion=74.03
  Epoch 66: Semantic=71.64, Memory=83.43, Fusion=74.23
  Epoch 69: Semantic=71.40, Memory=83.43, Fusion=73.81
  Epoch 72: Semantic=72.15, Memory=83.43, Fusion=74.26
  Epoch 75: Semantic=72.72, Memory=83.43, Fusion=74.65
  Epoch 78: Semantic=73.14, Memory=83.43, Fusion=74.87
  Epoch 81: Semantic=73.64, Memory=83.43, Fusion=75.34
  Epoch 84: Semantic=73.69, Memory=83.43, Fusion=75.31
  Epoch 87: Semantic=73.72, Memory=83.43, Fusion=75.31
  Epoch 90: Semantic=73.61, Memory=83.43, Fusion=75.19
  Epoch 93: Semantic=73.67, Memory=83.43, Fusion=75.26
  Epoch 96: Semantic=73.73, Memory=83.43, Fusion=75.32
  Epoch 99: Semantic=73.87, Memory=83.43, Fusion=75.40
  Epoch 100: Semantic=73.85, Memory=83.43, Fusion=75.40
Object:cashew =========================== Fusion-AUROC:88.85, Semantic:87.05, Memory:83.43


============================================================
[Prompt Configuration] Class: chewing gum
  - Mode: MAP+LAP (Baseline)
  - MAP prompts: 13
  - LAP prompts: 8 (generic anomaly templates)
============================================================


[PromptAD] Initializing with use_lap=True
  Epoch 3: Semantic=95.72, Memory=94.66, Fusion=94.85
  Epoch 6: Semantic=95.60, Memory=94.66, Fusion=94.90 *** Best ***
  Epoch 9: Semantic=95.53, Memory=94.66, Fusion=95.03 *** Best ***
  Epoch 12: Semantic=95.07, Memory=94.66, Fusion=95.30 *** Best ***
  Epoch 15: Semantic=94.11, Memory=94.66, Fusion=95.52 *** Best ***
  Epoch 18: Semantic=93.42, Memory=94.66, Fusion=95.73 *** Best ***
  Epoch 21: Semantic=93.06, Memory=94.66, Fusion=95.66
  Epoch 24: Semantic=93.41, Memory=94.66, Fusion=95.40
  Epoch 27: Semantic=93.31, Memory=94.66, Fusion=94.86
  Epoch 30: Semantic=93.89, Memory=94.66, Fusion=94.83
  Epoch 33: Semantic=93.55, Memory=94.66, Fusion=94.46
  Epoch 36: Semantic=94.02, Memory=94.66, Fusion=94.65
  Epoch 39: Semantic=94.00, Memory=94.66, Fusion=94.50
  Epoch 42: Semantic=94.07, Memory=94.66, Fusion=94.50
  Epoch 45: Semantic=93.09, Memory=94.66, Fusion=94.96
  Epoch 48: Semantic=94.44, Memory=94.66, Fusion=95.64
  Epoch 51: Semantic=94.84, Memory=94.66, Fusion=95.71
  Epoch 54: Semantic=95.25, Memory=94.66, Fusion=95.96 *** Best ***
  Epoch 57: Semantic=94.37, Memory=94.66, Fusion=95.14
  Epoch 60: Semantic=94.55, Memory=94.66, Fusion=95.16
  Epoch 63: Semantic=94.31, Memory=94.66, Fusion=94.84
  Epoch 66: Semantic=93.78, Memory=94.66, Fusion=94.32
  Epoch 69: Semantic=93.83, Memory=94.66, Fusion=94.28
  Epoch 72: Semantic=94.01, Memory=94.66, Fusion=94.42
  Epoch 75: Semantic=94.13, Memory=94.66, Fusion=94.51
  Epoch 78: Semantic=94.11, Memory=94.66, Fusion=94.48
  Epoch 81: Semantic=94.08, Memory=94.66, Fusion=94.43
  Epoch 84: Semantic=94.06, Memory=94.66, Fusion=94.40
  Epoch 87: Semantic=94.01, Memory=94.66, Fusion=94.38
  Epoch 90: Semantic=94.01, Memory=94.66, Fusion=94.40
  Epoch 93: Semantic=94.01, Memory=94.66, Fusion=94.37
  Epoch 96: Semantic=94.01, Memory=94.66, Fusion=94.38
  Epoch 99: Semantic=94.00, Memory=94.66, Fusion=94.38
  Epoch 100: Semantic=93.99, Memory=94.66, Fusion=94.35
Object:chewinggum =========================== Fusion-AUROC:95.96, Semantic:95.25, Memory:94.66


============================================================
[Prompt Configuration] Class: fryum
  - Mode: MAP+LAP (Baseline)
  - MAP prompts: 14
  - LAP prompts: 8 (generic anomaly templates)
============================================================


[PromptAD] Initializing with use_lap=True
  Epoch 3: Semantic=76.12, Memory=89.01, Fusion=89.20
  Epoch 6: Semantic=76.00, Memory=89.01, Fusion=89.25 *** Best ***
  Epoch 9: Semantic=74.33, Memory=89.01, Fusion=89.52 *** Best ***
  Epoch 12: Semantic=77.44, Memory=89.01, Fusion=89.75 *** Best ***
  Epoch 15: Semantic=76.80, Memory=89.01, Fusion=90.05 *** Best ***
  Epoch 18: Semantic=80.03, Memory=89.01, Fusion=90.25 *** Best ***
  Epoch 21: Semantic=81.28, Memory=89.01, Fusion=90.11
  Epoch 24: Semantic=83.58, Memory=89.01, Fusion=90.25 *** Best ***
  Epoch 27: Semantic=84.61, Memory=89.01, Fusion=89.62
  Epoch 30: Semantic=84.66, Memory=89.01, Fusion=88.81
  Epoch 33: Semantic=85.14, Memory=89.01, Fusion=88.21
  Epoch 36: Semantic=85.90, Memory=89.01, Fusion=88.33
  Epoch 39: Semantic=85.20, Memory=89.01, Fusion=88.55
  Epoch 42: Semantic=86.74, Memory=89.01, Fusion=88.87
  Epoch 45: Semantic=87.31, Memory=89.01, Fusion=88.74
  Epoch 48: Semantic=87.52, Memory=89.01, Fusion=88.74
  Epoch 51: Semantic=87.35, Memory=89.01, Fusion=88.50
  Epoch 54: Semantic=87.49, Memory=89.01, Fusion=88.46
  Epoch 57: Semantic=87.98, Memory=89.01, Fusion=88.76
  Epoch 60: Semantic=88.30, Memory=89.01, Fusion=88.98
  Epoch 63: Semantic=88.21, Memory=89.01, Fusion=88.81
  Epoch 66: Semantic=88.08, Memory=89.01, Fusion=88.68
  Epoch 69: Semantic=88.12, Memory=89.01, Fusion=88.69
  Epoch 72: Semantic=88.21, Memory=89.01, Fusion=88.73
  Epoch 75: Semantic=88.34, Memory=89.01, Fusion=88.84
  Epoch 78: Semantic=88.33, Memory=89.01, Fusion=88.84
  Epoch 81: Semantic=88.31, Memory=89.01, Fusion=88.82
  Epoch 84: Semantic=88.28, Memory=89.01, Fusion=88.79
  Epoch 87: Semantic=88.26, Memory=89.01, Fusion=88.76
  Epoch 90: Semantic=88.30, Memory=89.01, Fusion=88.80
  Epoch 93: Semantic=88.29, Memory=89.01, Fusion=88.80
  Epoch 96: Semantic=88.26, Memory=89.01, Fusion=88.73
  Epoch 99: Semantic=88.28, Memory=89.01, Fusion=88.78
  Epoch 100: Semantic=88.28, Memory=89.01, Fusion=88.79
Object:fryum =========================== Fusion-AUROC:90.25, Semantic:83.58, Memory:89.01


============================================================
[Prompt Configuration] Class: macaroni
  - Mode: MAP+LAP (Baseline)
  - MAP prompts: 13
  - LAP prompts: 8 (generic anomaly templates)
============================================================


[PromptAD] Initializing with use_lap=True
  Epoch 3: Semantic=77.62, Memory=83.50, Fusion=83.70
  Epoch 6: Semantic=71.86, Memory=83.50, Fusion=83.67
  Epoch 9: Semantic=75.30, Memory=83.50, Fusion=83.76 *** Best ***
  Epoch 12: Semantic=76.42, Memory=83.50, Fusion=83.86 *** Best ***
  Epoch 15: Semantic=79.21, Memory=83.50, Fusion=84.02 *** Best ***
  Epoch 18: Semantic=79.59, Memory=83.50, Fusion=84.40 *** Best ***
  Epoch 21: Semantic=80.93, Memory=83.50, Fusion=84.99 *** Best ***
  Epoch 24: Semantic=83.18, Memory=83.50, Fusion=86.18 *** Best ***
  Epoch 27: Semantic=83.61, Memory=83.50, Fusion=86.27 *** Best ***
  Epoch 30: Semantic=83.72, Memory=83.50, Fusion=87.17 *** Best ***
  Epoch 33: Semantic=82.06, Memory=83.50, Fusion=86.78
  Epoch 36: Semantic=82.69, Memory=83.50, Fusion=87.30 *** Best ***
  Epoch 39: Semantic=82.64, Memory=83.50, Fusion=86.89
  Epoch 42: Semantic=82.15, Memory=83.50, Fusion=86.03
  Epoch 45: Semantic=81.76, Memory=83.50, Fusion=85.17
  Epoch 48: Semantic=82.55, Memory=83.50, Fusion=85.26
  Epoch 51: Semantic=83.22, Memory=83.50, Fusion=85.51
  Epoch 54: Semantic=83.32, Memory=83.50, Fusion=85.29
  Epoch 57: Semantic=83.28, Memory=83.50, Fusion=85.00
  Epoch 60: Semantic=83.16, Memory=83.50, Fusion=84.72
  Epoch 63: Semantic=83.31, Memory=83.50, Fusion=84.75
  Epoch 66: Semantic=83.23, Memory=83.50, Fusion=84.52
  Epoch 69: Semantic=83.16, Memory=83.50, Fusion=84.34
  Epoch 72: Semantic=83.09, Memory=83.50, Fusion=84.24
  Epoch 75: Semantic=83.02, Memory=83.50, Fusion=84.09
  Epoch 78: Semantic=82.88, Memory=83.50, Fusion=83.94
  Epoch 81: Semantic=82.84, Memory=83.50, Fusion=83.91
  Epoch 84: Semantic=82.82, Memory=83.50, Fusion=83.87
  Epoch 87: Semantic=82.81, Memory=83.50, Fusion=83.85
  Epoch 90: Semantic=82.90, Memory=83.50, Fusion=83.96
  Epoch 93: Semantic=82.88, Memory=83.50, Fusion=83.91
  Epoch 96: Semantic=82.84, Memory=83.50, Fusion=83.88
  Epoch 99: Semantic=82.84, Memory=83.50, Fusion=83.91
  Epoch 100: Semantic=82.82, Memory=83.50, Fusion=83.89
Object:macaroni1 =========================== Fusion-AUROC:87.3, Semantic:82.69, Memory:83.5


============================================================
[Prompt Configuration] Class: macaroni
  - Mode: MAP+LAP (Baseline)
  - MAP prompts: 13
  - LAP prompts: 8 (generic anomaly templates)
============================================================


[PromptAD] Initializing with use_lap=True
  Epoch 3: Semantic=69.28, Memory=73.26, Fusion=73.59
  Epoch 6: Semantic=69.50, Memory=73.26, Fusion=73.78 *** Best ***
  Epoch 9: Semantic=68.90, Memory=73.26, Fusion=73.78 *** Best ***
  Epoch 12: Semantic=66.18, Memory=73.26, Fusion=73.76
  Epoch 15: Semantic=64.85, Memory=73.26, Fusion=73.56
  Epoch 18: Semantic=63.47, Memory=73.26, Fusion=73.22
  Epoch 21: Semantic=63.05, Memory=73.26, Fusion=72.87
  Epoch 24: Semantic=63.01, Memory=73.26, Fusion=71.60
  Epoch 27: Semantic=62.31, Memory=73.26, Fusion=69.08
  Epoch 30: Semantic=61.97, Memory=73.26, Fusion=67.78
  Epoch 33: Semantic=62.55, Memory=73.26, Fusion=66.50
  Epoch 36: Semantic=62.88, Memory=73.26, Fusion=65.39
  Epoch 39: Semantic=62.13, Memory=73.26, Fusion=63.97
  Epoch 42: Semantic=61.48, Memory=73.26, Fusion=62.88
  Epoch 45: Semantic=61.69, Memory=73.26, Fusion=62.87
  Epoch 48: Semantic=60.71, Memory=73.26, Fusion=61.62
  Epoch 51: Semantic=60.76, Memory=73.26, Fusion=61.54
  Epoch 54: Semantic=60.74, Memory=73.26, Fusion=61.43
  Epoch 57: Semantic=60.49, Memory=73.26, Fusion=61.11
  Epoch 60: Semantic=60.55, Memory=73.26, Fusion=61.16
  Epoch 63: Semantic=60.28, Memory=73.26, Fusion=60.87
  Epoch 66: Semantic=59.81, Memory=73.26, Fusion=60.33
  Epoch 69: Semantic=59.72, Memory=73.26, Fusion=60.25
  Epoch 72: Semantic=59.44, Memory=73.26, Fusion=59.91
  Epoch 75: Semantic=59.29, Memory=73.26, Fusion=59.74
  Epoch 78: Semantic=59.32, Memory=73.26, Fusion=59.80
  Epoch 81: Semantic=59.33, Memory=73.26, Fusion=59.79
  Epoch 84: Semantic=59.25, Memory=73.26, Fusion=59.70
  Epoch 87: Semantic=59.20, Memory=73.26, Fusion=59.65
  Epoch 90: Semantic=59.16, Memory=73.26, Fusion=59.63
  Epoch 93: Semantic=59.19, Memory=73.26, Fusion=59.64
  Epoch 96: Semantic=59.21, Memory=73.26, Fusion=59.67
  Epoch 99: Semantic=59.20, Memory=73.26, Fusion=59.65
  Epoch 100: Semantic=59.21, Memory=73.26, Fusion=59.67
Object:macaroni2 =========================== Fusion-AUROC:73.78, Semantic:68.9, Memory:73.26


============================================================
[Prompt Configuration] Class: printed circuit board
  - Mode: MAP+LAP (Baseline)
  - MAP prompts: 12
  - LAP prompts: 8 (generic anomaly templates)
============================================================


[PromptAD] Initializing with use_lap=True
  Epoch 3: Semantic=61.87, Memory=93.68, Fusion=93.70
  Epoch 6: Semantic=82.91, Memory=93.68, Fusion=93.75 *** Best ***
  Epoch 9: Semantic=87.26, Memory=93.68, Fusion=93.81 *** Best ***
  Epoch 12: Semantic=86.57, Memory=93.68, Fusion=93.83 *** Best ***
  Epoch 15: Semantic=86.95, Memory=93.68, Fusion=93.87 *** Best ***
  Epoch 18: Semantic=88.43, Memory=93.68, Fusion=93.99 *** Best ***
  Epoch 21: Semantic=90.74, Memory=93.68, Fusion=94.30 *** Best ***
  Epoch 24: Semantic=91.17, Memory=93.68, Fusion=94.59 *** Best ***
  Epoch 27: Semantic=91.05, Memory=93.68, Fusion=94.82 *** Best ***
  Epoch 30: Semantic=91.15, Memory=93.68, Fusion=95.05 *** Best ***
  Epoch 33: Semantic=91.27, Memory=93.68, Fusion=95.25 *** Best ***
  Epoch 36: Semantic=91.46, Memory=93.68, Fusion=95.14
  Epoch 39: Semantic=91.46, Memory=93.68, Fusion=94.91
  Epoch 42: Semantic=91.29, Memory=93.68, Fusion=94.38
  Epoch 45: Semantic=91.40, Memory=93.68, Fusion=94.08
  Epoch 48: Semantic=91.10, Memory=93.68, Fusion=93.48
  Epoch 51: Semantic=91.06, Memory=93.68, Fusion=93.06
  Epoch 54: Semantic=91.15, Memory=93.68, Fusion=92.85
  Epoch 57: Semantic=91.17, Memory=93.68, Fusion=92.62
  Epoch 60: Semantic=91.17, Memory=93.68, Fusion=92.48
  Epoch 63: Semantic=91.23, Memory=93.68, Fusion=92.43
  Epoch 66: Semantic=91.29, Memory=93.68, Fusion=92.37
  Epoch 69: Semantic=91.36, Memory=93.68, Fusion=92.33
  Epoch 72: Semantic=91.35, Memory=93.68, Fusion=92.27
  Epoch 75: Semantic=91.36, Memory=93.68, Fusion=92.25
  Epoch 78: Semantic=91.40, Memory=93.68, Fusion=92.24
  Epoch 81: Semantic=91.41, Memory=93.68, Fusion=92.20
  Epoch 84: Semantic=91.41, Memory=93.68, Fusion=92.17
  Epoch 87: Semantic=91.42, Memory=93.68, Fusion=92.18
  Epoch 90: Semantic=91.41, Memory=93.68, Fusion=92.17
  Epoch 93: Semantic=91.43, Memory=93.68, Fusion=92.19
  Epoch 96: Semantic=91.44, Memory=93.68, Fusion=92.18
  Epoch 99: Semantic=91.45, Memory=93.68, Fusion=92.19
  Epoch 100: Semantic=91.42, Memory=93.68, Fusion=92.17
Object:pcb1 =========================== Fusion-AUROC:95.25, Semantic:91.27, Memory:93.68


============================================================
[Prompt Configuration] Class: printed circuit board
  - Mode: MAP+LAP (Baseline)
  - MAP prompts: 12
  - LAP prompts: 8 (generic anomaly templates)
============================================================


[PromptAD] Initializing with use_lap=True
  Epoch 3: Semantic=52.55, Memory=75.67, Fusion=75.67
  Epoch 6: Semantic=55.73, Memory=75.67, Fusion=75.76 *** Best ***
  Epoch 9: Semantic=57.40, Memory=75.67, Fusion=75.81 *** Best ***
  Epoch 12: Semantic=58.32, Memory=75.67, Fusion=75.88 *** Best ***
  Epoch 15: Semantic=59.02, Memory=75.67, Fusion=75.94 *** Best ***
  Epoch 18: Semantic=56.12, Memory=75.67, Fusion=75.88
  Epoch 21: Semantic=54.97, Memory=75.67, Fusion=75.78
  Epoch 24: Semantic=55.96, Memory=75.67, Fusion=75.79
  Epoch 27: Semantic=57.96, Memory=75.67, Fusion=75.95 *** Best ***
  Epoch 30: Semantic=58.20, Memory=75.67, Fusion=76.07 *** Best ***
  Epoch 33: Semantic=59.52, Memory=75.67, Fusion=76.31 *** Best ***
  Epoch 36: Semantic=61.59, Memory=75.67, Fusion=76.72 *** Best ***
  Epoch 39: Semantic=61.92, Memory=75.67, Fusion=76.77 *** Best ***
  Epoch 42: Semantic=63.73, Memory=75.67, Fusion=77.17 *** Best ***
  Epoch 45: Semantic=64.80, Memory=75.67, Fusion=77.16
  Epoch 48: Semantic=65.84, Memory=75.67, Fusion=77.08
  Epoch 51: Semantic=66.41, Memory=75.67, Fusion=76.67
  Epoch 54: Semantic=67.63, Memory=75.67, Fusion=76.42
  Epoch 57: Semantic=68.23, Memory=75.67, Fusion=75.78
  Epoch 60: Semantic=69.09, Memory=75.67, Fusion=75.59
  Epoch 63: Semantic=69.44, Memory=75.67, Fusion=75.22
  Epoch 66: Semantic=69.76, Memory=75.67, Fusion=74.86
  Epoch 69: Semantic=69.88, Memory=75.67, Fusion=74.39
  Epoch 72: Semantic=70.16, Memory=75.67, Fusion=74.31
  Epoch 75: Semantic=70.29, Memory=75.67, Fusion=74.13
  Epoch 78: Semantic=70.31, Memory=75.67, Fusion=73.92
  Epoch 81: Semantic=70.49, Memory=75.67, Fusion=74.01
  Epoch 84: Semantic=70.53, Memory=75.67, Fusion=73.90
  Epoch 87: Semantic=70.59, Memory=75.67, Fusion=73.84
  Epoch 90: Semantic=70.47, Memory=75.67, Fusion=73.74
  Epoch 93: Semantic=70.52, Memory=75.67, Fusion=73.69
  Epoch 96: Semantic=70.64, Memory=75.67, Fusion=73.78
  Epoch 99: Semantic=70.59, Memory=75.67, Fusion=73.73
  Epoch 100: Semantic=70.56, Memory=75.67, Fusion=73.70
Object:pcb2 =========================== Fusion-AUROC:77.17, Semantic:63.73, Memory:75.67


============================================================
[Prompt Configuration] Class: printed circuit board
  - Mode: MAP+LAP (Baseline)
  - MAP prompts: 12
  - LAP prompts: 8 (generic anomaly templates)
============================================================


[PromptAD] Initializing with use_lap=True
  Epoch 3: Semantic=70.26, Memory=80.15, Fusion=80.26
  Epoch 6: Semantic=70.72, Memory=80.15, Fusion=80.27 *** Best ***
  Epoch 9: Semantic=68.15, Memory=80.15, Fusion=80.24
  Epoch 12: Semantic=66.95, Memory=80.15, Fusion=80.26
  Epoch 15: Semantic=68.62, Memory=80.15, Fusion=80.31 *** Best ***
  Epoch 18: Semantic=71.98, Memory=80.15, Fusion=80.40 *** Best ***
  Epoch 21: Semantic=73.31, Memory=80.15, Fusion=80.47 *** Best ***
  Epoch 24: Semantic=74.16, Memory=80.15, Fusion=80.63 *** Best ***
  Epoch 27: Semantic=74.53, Memory=80.15, Fusion=80.77 *** Best ***
  Epoch 30: Semantic=72.71, Memory=80.15, Fusion=80.93 *** Best ***
  Epoch 33: Semantic=72.16, Memory=80.15, Fusion=81.19 *** Best ***
  Epoch 36: Semantic=72.29, Memory=80.15, Fusion=81.53 *** Best ***
  Epoch 39: Semantic=72.24, Memory=80.15, Fusion=81.94 *** Best ***
  Epoch 42: Semantic=72.42, Memory=80.15, Fusion=82.45 *** Best ***
  Epoch 45: Semantic=72.00, Memory=80.15, Fusion=82.46 *** Best ***
  Epoch 48: Semantic=71.02, Memory=80.15, Fusion=81.93
  Epoch 51: Semantic=71.38, Memory=80.15, Fusion=82.05
  Epoch 54: Semantic=70.54, Memory=80.15, Fusion=80.14
  Epoch 57: Semantic=70.28, Memory=80.15, Fusion=78.86
  Epoch 60: Semantic=70.00, Memory=80.15, Fusion=77.94
  Epoch 63: Semantic=69.73, Memory=80.15, Fusion=76.37
  Epoch 66: Semantic=69.25, Memory=80.15, Fusion=75.09
  Epoch 69: Semantic=69.48, Memory=80.15, Fusion=74.76
  Epoch 72: Semantic=69.33, Memory=80.15, Fusion=74.07
  Epoch 75: Semantic=69.39, Memory=80.15, Fusion=73.78
  Epoch 78: Semantic=69.18, Memory=80.15, Fusion=73.21
  Epoch 81: Semantic=69.09, Memory=80.15, Fusion=72.93
  Epoch 84: Semantic=69.07, Memory=80.15, Fusion=72.77
  Epoch 87: Semantic=69.03, Memory=80.15, Fusion=72.65
  Epoch 90: Semantic=69.02, Memory=80.15, Fusion=72.55
  Epoch 93: Semantic=68.98, Memory=80.15, Fusion=72.49
  Epoch 96: Semantic=69.00, Memory=80.15, Fusion=72.42
  Epoch 99: Semantic=69.02, Memory=80.15, Fusion=72.44
  Epoch 100: Semantic=69.02, Memory=80.15, Fusion=72.49
Object:pcb3 =========================== Fusion-AUROC:82.46, Semantic:72.0, Memory:80.15


============================================================
[Prompt Configuration] Class: printed circuit board
  - Mode: MAP+LAP (Baseline)
  - MAP prompts: 15
  - LAP prompts: 8 (generic anomaly templates)
============================================================


[PromptAD] Initializing with use_lap=True
  Epoch 3: Semantic=85.18, Memory=86.36, Fusion=86.69
  Epoch 6: Semantic=85.34, Memory=86.36, Fusion=86.86 *** Best ***
  Epoch 9: Semantic=82.99, Memory=86.36, Fusion=86.92 *** Best ***
  Epoch 12: Semantic=84.08, Memory=86.36, Fusion=87.11 *** Best ***
  Epoch 15: Semantic=83.09, Memory=86.36, Fusion=87.19 *** Best ***
  Epoch 18: Semantic=81.09, Memory=86.36, Fusion=87.25 *** Best ***
  Epoch 21: Semantic=80.72, Memory=86.36, Fusion=87.47 *** Best ***
  Epoch 24: Semantic=82.15, Memory=86.36, Fusion=87.99 *** Best ***
  Epoch 27: Semantic=81.98, Memory=86.36, Fusion=88.34 *** Best ***
  Epoch 30: Semantic=80.04, Memory=86.36, Fusion=88.18
  Epoch 33: Semantic=80.22, Memory=86.36, Fusion=88.09
  Epoch 36: Semantic=80.45, Memory=86.36, Fusion=87.85
  Epoch 39: Semantic=80.30, Memory=86.36, Fusion=86.97
  Epoch 42: Semantic=80.69, Memory=86.36, Fusion=86.38
  Epoch 45: Semantic=81.27, Memory=86.36, Fusion=87.11
  Epoch 48: Semantic=81.45, Memory=86.36, Fusion=86.19
  Epoch 51: Semantic=81.66, Memory=86.36, Fusion=85.51
  Epoch 54: Semantic=81.38, Memory=86.36, Fusion=84.75
  Epoch 57: Semantic=81.40, Memory=86.36, Fusion=84.13
  Epoch 60: Semantic=82.23, Memory=86.36, Fusion=84.38
  Epoch 63: Semantic=82.37, Memory=86.36, Fusion=84.32
  Epoch 66: Semantic=82.29, Memory=86.36, Fusion=84.02
  Epoch 69: Semantic=82.31, Memory=86.36, Fusion=83.83
  Epoch 72: Semantic=82.68, Memory=86.36, Fusion=84.04
  Epoch 75: Semantic=82.87, Memory=86.36, Fusion=84.15
  Epoch 78: Semantic=82.93, Memory=86.36, Fusion=84.17
  Epoch 81: Semantic=83.04, Memory=86.36, Fusion=84.21
  Epoch 84: Semantic=83.18, Memory=86.36, Fusion=84.35
  Epoch 87: Semantic=83.25, Memory=86.36, Fusion=84.38
  Epoch 90: Semantic=83.25, Memory=86.36, Fusion=84.37
  Epoch 93: Semantic=83.25, Memory=86.36, Fusion=84.38
  Epoch 96: Semantic=83.26, Memory=86.36, Fusion=84.35
  Epoch 99: Semantic=83.24, Memory=86.36, Fusion=84.35
  Epoch 100: Semantic=83.25, Memory=86.36, Fusion=84.37
Object:pcb4 =========================== Fusion-AUROC:88.34, Semantic:81.98, Memory:86.36


============================================================
[Prompt Configuration] Class: pipe fryum
  - Mode: MAP+LAP (Baseline)
  - MAP prompts: 14
  - LAP prompts: 8 (generic anomaly templates)
============================================================


[PromptAD] Initializing with use_lap=True
  Epoch 3: Semantic=75.95, Memory=98.60, Fusion=98.61
  Epoch 6: Semantic=80.51, Memory=98.60, Fusion=98.61
  Epoch 9: Semantic=84.67, Memory=98.60, Fusion=98.64 *** Best ***
  Epoch 12: Semantic=81.40, Memory=98.60, Fusion=98.62
  Epoch 15: Semantic=87.58, Memory=98.60, Fusion=98.64
  Epoch 18: Semantic=85.56, Memory=98.60, Fusion=98.67 *** Best ***
  Epoch 21: Semantic=79.91, Memory=98.60, Fusion=98.62
  Epoch 24: Semantic=73.34, Memory=98.60, Fusion=98.39
  Epoch 27: Semantic=70.89, Memory=98.60, Fusion=97.61
  Epoch 30: Semantic=73.20, Memory=98.60, Fusion=96.51
  Epoch 33: Semantic=77.29, Memory=98.60, Fusion=95.42
  Epoch 36: Semantic=78.01, Memory=98.60, Fusion=93.48
  Epoch 39: Semantic=81.24, Memory=98.60, Fusion=92.93
  Epoch 42: Semantic=83.34, Memory=98.60, Fusion=92.65
  Epoch 45: Semantic=85.10, Memory=98.60, Fusion=92.28
  Epoch 48: Semantic=84.72, Memory=98.60, Fusion=91.29
  Epoch 51: Semantic=85.66, Memory=98.60, Fusion=90.90
  Epoch 54: Semantic=85.79, Memory=98.60, Fusion=90.41
  Epoch 57: Semantic=86.24, Memory=98.60, Fusion=90.19
  Epoch 60: Semantic=86.41, Memory=98.60, Fusion=89.98
  Epoch 63: Semantic=86.94, Memory=98.60, Fusion=90.07
  Epoch 66: Semantic=87.12, Memory=98.60, Fusion=89.93
  Epoch 69: Semantic=87.03, Memory=98.60, Fusion=89.65
  Epoch 72: Semantic=87.21, Memory=98.60, Fusion=89.64
  Epoch 75: Semantic=87.36, Memory=98.60, Fusion=89.65
  Epoch 78: Semantic=87.44, Memory=98.60, Fusion=89.64
  Epoch 81: Semantic=87.56, Memory=98.60, Fusion=89.64
  Epoch 84: Semantic=87.57, Memory=98.60, Fusion=89.61
  Epoch 87: Semantic=87.59, Memory=98.60, Fusion=89.61
  Epoch 90: Semantic=87.58, Memory=98.60, Fusion=89.58
  Epoch 93: Semantic=87.59, Memory=98.60, Fusion=89.55
  Epoch 96: Semantic=87.61, Memory=98.60, Fusion=89.54
  Epoch 99: Semantic=87.58, Memory=98.60, Fusion=89.54
  Epoch 100: Semantic=87.60, Memory=98.60, Fusion=89.54
Object:pipe_fryum =========================== Fusion-AUROC:98.67, Semantic:85.56, Memory:98.6

python train_cls.py --dataset visa --gpu-id 0 --k-shot 4 --class_name pcb1 --root-dir ./result/baseline
python train_cls.py --dataset visa --gpu-id 0 --k-shot 4 --class_name pcb2 --root-dir ./result/baseline
python train_cls.py --dataset visa --gpu-id 0 --k-shot 4 --class_name pcb3 --root-dir ./result/baseline
python train_cls.py --dataset visa --gpu-id 0 --k-shot 4 --class_name pcb4 --root-dir ./result/baseline
python train_cls.py --dataset visa --gpu-id 0 --k-shot 4 --class_name pipe_fryum --root-dir ./result/baseline
python train_seg.py --dataset mvtec --gpu-id 0 --k-shot 1 --class_name carpet --root-dir ./result/baseline > ./result/baseline/seg_logs/k1_mvtec_carpet.log 2>&1
python train_seg.py --dataset mvtec --gpu-id 0 --k-shot 1 --class_name grid --root-dir ./result/baseline > ./result/baseline/seg_logs/k1_mvtec_grid.log 2>&1
python train_seg.py --dataset mvtec --gpu-id 0 --k-shot 1 --class_name leather --root-dir ./result/baseline > ./result/baseline/seg_logs/k1_mvtec_leather.log 2>&1
python train_seg.py --dataset mvtec --gpu-id 0 --k-shot 1 --class_name tile --root-dir ./result/baseline > ./result/baseline/seg_logs/k1_mvtec_tile.log 2>&1
python train_seg.py --dataset mvtec --gpu-id 0 --k-shot 1 --class_name wood --root-dir ./result/baseline > ./result/baseline/seg_logs/k1_mvtec_wood.log 2>&1
python train_seg.py --dataset mvtec --gpu-id 0 --k-shot 1 --class_name bottle --root-dir ./result/baseline > ./result/baseline/seg_logs/k1_mvtec_bottle.log 2>&1
python train_seg.py --dataset mvtec --gpu-id 0 --k-shot 1 --class_name cable --root-dir ./result/baseline > ./result/baseline/seg_logs/k1_mvtec_cable.log 2>&1
python train_seg.py --dataset mvtec --gpu-id 0 --k-shot 1 --class_name capsule --root-dir ./result/baseline > ./result/baseline/seg_logs/k1_mvtec_capsule.log 2>&1
python train_seg.py --dataset mvtec --gpu-id 0 --k-shot 1 --class_name hazelnut --root-dir ./result/baseline > ./result/baseline/seg_logs/k1_mvtec_hazelnut.log 2>&1
python train_seg.py --dataset mvtec --gpu-id 0 --k-shot 1 --class_name metal_nut --root-dir ./result/baseline > ./result/baseline/seg_logs/k1_mvtec_metal_nut.log 2>&1
python train_seg.py --dataset mvtec --gpu-id 0 --k-shot 1 --class_name pill --root-dir ./result/baseline > ./result/baseline/seg_logs/k1_mvtec_pill.log 2>&1
python train_seg.py --dataset mvtec --gpu-id 0 --k-shot 1 --class_name screw --root-dir ./result/baseline > ./result/baseline/seg_logs/k1_mvtec_screw.log 2>&1
python train_seg.py --dataset mvtec --gpu-id 0 --k-shot 1 --class_name toothbrush --root-dir ./result/baseline > ./result/baseline/seg_logs/k1_mvtec_toothbrush.log 2>&1
python train_seg.py --dataset mvtec --gpu-id 0 --k-shot 1 --class_name transistor --root-dir ./result/baseline > ./result/baseline/seg_logs/k1_mvtec_transistor.log 2>&1
python train_seg.py --dataset mvtec --gpu-id 0 --k-shot 1 --class_name zipper --root-dir ./result/baseline > ./result/baseline/seg_logs/k1_mvtec_zipper.log 2>&1
python train_seg.py --dataset visa --gpu-id 0 --k-shot 1 --class_name candle --root-dir ./result/baseline > ./result/baseline/seg_logs/k1_visa_candle.log 2>&1
python train_seg.py --dataset visa --gpu-id 0 --k-shot 1 --class_name capsules --root-dir ./result/baseline > ./result/baseline/seg_logs/k1_visa_capsules.log 2>&1
python train_seg.py --dataset visa --gpu-id 0 --k-shot 1 --class_name cashew --root-dir ./result/baseline > ./result/baseline/seg_logs/k1_visa_cashew.log 2>&1
python train_seg.py --dataset visa --gpu-id 0 --k-shot 1 --class_name chewinggum --root-dir ./result/baseline > ./result/baseline/seg_logs/k1_visa_chewinggum.log 2>&1
python train_seg.py --dataset visa --gpu-id 0 --k-shot 1 --class_name fryum --root-dir ./result/baseline > ./result/baseline/seg_logs/k1_visa_fryum.log 2>&1
python train_seg.py --dataset visa --gpu-id 0 --k-shot 1 --class_name macaroni1 --root-dir ./result/baseline > ./result/baseline/seg_logs/k1_visa_macaroni1.log 2>&1
python train_seg.py --dataset visa --gpu-id 0 --k-shot 1 --class_name macaroni2 --root-dir ./result/baseline > ./result/baseline/seg_logs/k1_visa_macaroni2.log 2>&1
python train_seg.py --dataset visa --gpu-id 0 --k-shot 1 --class_name pcb1 --root-dir ./result/baseline > ./result/baseline/seg_logs/k1_visa_pcb1.log 2>&1
python train_seg.py --dataset visa --gpu-id 0 --k-shot 1 --class_name pcb2 --root-dir ./result/baseline > ./result/baseline/seg_logs/k1_visa_pcb2.log 2>&1
python train_seg.py --dataset visa --gpu-id 0 --k-shot 1 --class_name pcb3 --root-dir ./result/baseline > ./result/baseline/seg_logs/k1_visa_pcb3.log 2>&1
python train_seg.py --dataset visa --gpu-id 0 --k-shot 1 --class_name pcb4 --root-dir ./result/baseline > ./result/baseline/seg_logs/k1_visa_pcb4.log 2>&1
python train_seg.py --dataset visa --gpu-id 0 --k-shot 1 --class_name pipe_fryum --root-dir ./result/baseline > ./result/baseline/seg_logs/k1_visa_pipe_fryum.log 2>&1
python train_seg.py --dataset mvtec --gpu-id 0 --k-shot 2 --class_name carpet --root-dir ./result/baseline > ./result/baseline/seg_logs/k2_mvtec_carpet.log 2>&1
python train_seg.py --dataset mvtec --gpu-id 0 --k-shot 2 --class_name grid --root-dir ./result/baseline > ./result/baseline/seg_logs/k2_mvtec_grid.log 2>&1
python train_seg.py --dataset mvtec --gpu-id 0 --k-shot 2 --class_name leather --root-dir ./result/baseline > ./result/baseline/seg_logs/k2_mvtec_leather.log 2>&1
python train_seg.py --dataset mvtec --gpu-id 0 --k-shot 2 --class_name tile --root-dir ./result/baseline > ./result/baseline/seg_logs/k2_mvtec_tile.log 2>&1
python train_seg.py --dataset mvtec --gpu-id 0 --k-shot 2 --class_name wood --root-dir ./result/baseline > ./result/baseline/seg_logs/k2_mvtec_wood.log 2>&1
python train_seg.py --dataset mvtec --gpu-id 0 --k-shot 2 --class_name bottle --root-dir ./result/baseline > ./result/baseline/seg_logs/k2_mvtec_bottle.log 2>&1
python train_seg.py --dataset mvtec --gpu-id 0 --k-shot 2 --class_name cable --root-dir ./result/baseline > ./result/baseline/seg_logs/k2_mvtec_cable.log 2>&1
python train_seg.py --dataset mvtec --gpu-id 0 --k-shot 2 --class_name capsule --root-dir ./result/baseline > ./result/baseline/seg_logs/k2_mvtec_capsule.log 2>&1
python train_seg.py --dataset mvtec --gpu-id 0 --k-shot 2 --class_name hazelnut --root-dir ./result/baseline > ./result/baseline/seg_logs/k2_mvtec_hazelnut.log 2>&1
python train_seg.py --dataset mvtec --gpu-id 0 --k-shot 2 --class_name metal_nut --root-dir ./result/baseline > ./result/baseline/seg_logs/k2_mvtec_metal_nut.log 2>&1
python train_seg.py --dataset mvtec --gpu-id 0 --k-shot 2 --class_name pill --root-dir ./result/baseline > ./result/baseline/seg_logs/k2_mvtec_pill.log 2>&1
python train_seg.py --dataset mvtec --gpu-id 0 --k-shot 2 --class_name screw --root-dir ./result/baseline > ./result/baseline/seg_logs/k2_mvtec_screw.log 2>&1
python train_seg.py --dataset mvtec --gpu-id 0 --k-shot 2 --class_name toothbrush --root-dir ./result/baseline > ./result/baseline/seg_logs/k2_mvtec_toothbrush.log 2>&1
python train_seg.py --dataset mvtec --gpu-id 0 --k-shot 2 --class_name transistor --root-dir ./result/baseline > ./result/baseline/seg_logs/k2_mvtec_transistor.log 2>&1
python train_seg.py --dataset mvtec --gpu-id 0 --k-shot 2 --class_name zipper --root-dir ./result/baseline > ./result/baseline/seg_logs/k2_mvtec_zipper.log 2>&1
python train_seg.py --dataset visa --gpu-id 0 --k-shot 2 --class_name candle --root-dir ./result/baseline > ./result/baseline/seg_logs/k2_visa_candle.log 2>&1
python train_seg.py --dataset visa --gpu-id 0 --k-shot 2 --class_name capsules --root-dir ./result/baseline > ./result/baseline/seg_logs/k2_visa_capsules.log 2>&1
python train_seg.py --dataset visa --gpu-id 0 --k-shot 2 --class_name cashew --root-dir ./result/baseline > ./result/baseline/seg_logs/k2_visa_cashew.log 2>&1
python train_seg.py --dataset visa --gpu-id 0 --k-shot 2 --class_name chewinggum --root-dir ./result/baseline > ./result/baseline/seg_logs/k2_visa_chewinggum.log 2>&1
python train_seg.py --dataset visa --gpu-id 0 --k-shot 2 --class_name fryum --root-dir ./result/baseline > ./result/baseline/seg_logs/k2_visa_fryum.log 2>&1
python train_seg.py --dataset visa --gpu-id 0 --k-shot 2 --class_name macaroni1 --root-dir ./result/baseline > ./result/baseline/seg_logs/k2_visa_macaroni1.log 2>&1
python train_seg.py --dataset visa --gpu-id 0 --k-shot 2 --class_name macaroni2 --root-dir ./result/baseline > ./result/baseline/seg_logs/k2_visa_macaroni2.log 2>&1
python train_seg.py --dataset visa --gpu-id 0 --k-shot 2 --class_name pcb1 --root-dir ./result/baseline > ./result/baseline/seg_logs/k2_visa_pcb1.log 2>&1
python train_seg.py --dataset visa --gpu-id 0 --k-shot 2 --class_name pcb2 --root-dir ./result/baseline > ./result/baseline/seg_logs/k2_visa_pcb2.log 2>&1
python train_seg.py --dataset visa --gpu-id 0 --k-shot 2 --class_name pcb3 --root-dir ./result/baseline > ./result/baseline/seg_logs/k2_visa_pcb3.log 2>&1
python train_seg.py --dataset visa --gpu-id 0 --k-shot 2 --class_name pcb4 --root-dir ./result/baseline > ./result/baseline/seg_logs/k2_visa_pcb4.log 2>&1
python train_seg.py --dataset visa --gpu-id 0 --k-shot 2 --class_name pipe_fryum --root-dir ./result/baseline > ./result/baseline/seg_logs/k2_visa_pipe_fryum.log 2>&1
python train_seg.py --dataset mvtec --gpu-id 0 --k-shot 4 --class_name carpet --root-dir ./result/baseline > ./result/baseline/seg_logs/k4_mvtec_carpet.log 2>&1
python train_seg.py --dataset mvtec --gpu-id 0 --k-shot 4 --class_name grid --root-dir ./result/baseline > ./result/baseline/seg_logs/k4_mvtec_grid.log 2>&1
python train_seg.py --dataset mvtec --gpu-id 0 --k-shot 4 --class_name leather --root-dir ./result/baseline > ./result/baseline/seg_logs/k4_mvtec_leather.log 2>&1
python train_seg.py --dataset mvtec --gpu-id 0 --k-shot 4 --class_name tile --root-dir ./result/baseline > ./result/baseline/seg_logs/k4_mvtec_tile.log 2>&1
python train_seg.py --dataset mvtec --gpu-id 0 --k-shot 4 --class_name wood --root-dir ./result/baseline > ./result/baseline/seg_logs/k4_mvtec_wood.log 2>&1
python train_seg.py --dataset mvtec --gpu-id 0 --k-shot 4 --class_name bottle --root-dir ./result/baseline > ./result/baseline/seg_logs/k4_mvtec_bottle.log 2>&1
python train_seg.py --dataset mvtec --gpu-id 0 --k-shot 4 --class_name cable --root-dir ./result/baseline > ./result/baseline/seg_logs/k4_mvtec_cable.log 2>&1
python train_seg.py --dataset mvtec --gpu-id 0 --k-shot 4 --class_name capsule --root-dir ./result/baseline > ./result/baseline/seg_logs/k4_mvtec_capsule.log 2>&1
python train_seg.py --dataset mvtec --gpu-id 0 --k-shot 4 --class_name hazelnut --root-dir ./result/baseline > ./result/baseline/seg_logs/k4_mvtec_hazelnut.log 2>&1
python train_seg.py --dataset mvtec --gpu-id 0 --k-shot 4 --class_name metal_nut --root-dir ./result/baseline > ./result/baseline/seg_logs/k4_mvtec_metal_nut.log 2>&1
python train_seg.py --dataset mvtec --gpu-id 0 --k-shot 4 --class_name pill --root-dir ./result/baseline > ./result/baseline/seg_logs/k4_mvtec_pill.log 2>&1
python train_seg.py --dataset mvtec --gpu-id 0 --k-shot 4 --class_name screw --root-dir ./result/baseline > ./result/baseline/seg_logs/k4_mvtec_screw.log 2>&1
python train_seg.py --dataset mvtec --gpu-id 0 --k-shot 4 --class_name toothbrush --root-dir ./result/baseline > ./result/baseline/seg_logs/k4_mvtec_toothbrush.log 2>&1
python train_seg.py --dataset mvtec --gpu-id 0 --k-shot 4 --class_name transistor --root-dir ./result/baseline > ./result/baseline/seg_logs/k4_mvtec_transistor.log 2>&1
python train_seg.py --dataset mvtec --gpu-id 0 --k-shot 4 --class_name zipper --root-dir ./result/baseline > ./result/baseline/seg_logs/k4_mvtec_zipper.log 2>&1
python train_seg.py --dataset visa --gpu-id 0 --k-shot 4 --class_name candle --root-dir ./result/baseline > ./result/baseline/seg_logs/k4_visa_candle.log 2>&1
python train_seg.py --dataset visa --gpu-id 0 --k-shot 4 --class_name capsules --root-dir ./result/baseline > ./result/baseline/seg_logs/k4_visa_capsules.log 2>&1
python train_seg.py --dataset visa --gpu-id 0 --k-shot 4 --class_name cashew --root-dir ./result/baseline > ./result/baseline/seg_logs/k4_visa_cashew.log 2>&1
python train_seg.py --dataset visa --gpu-id 0 --k-shot 4 --class_name chewinggum --root-dir ./result/baseline > ./result/baseline/seg_logs/k4_visa_chewinggum.log 2>&1
python train_seg.py --dataset visa --gpu-id 0 --k-shot 4 --class_name fryum --root-dir ./result/baseline > ./result/baseline/seg_logs/k4_visa_fryum.log 2>&1
python train_seg.py --dataset visa --gpu-id 0 --k-shot 4 --class_name macaroni1 --root-dir ./result/baseline > ./result/baseline/seg_logs/k4_visa_macaroni1.log 2>&1
python train_seg.py --dataset visa --gpu-id 0 --k-shot 4 --class_name macaroni2 --root-dir ./result/baseline > ./result/baseline/seg_logs/k4_visa_macaroni2.log 2>&1
python train_seg.py --dataset visa --gpu-id 0 --k-shot 4 --class_name pcb1 --root-dir ./result/baseline > ./result/baseline/seg_logs/k4_visa_pcb1.log 2>&1
python train_seg.py --dataset visa --gpu-id 0 --k-shot 4 --class_name pcb2 --root-dir ./result/baseline > ./result/baseline/seg_logs/k4_visa_pcb2.log 2>&1
python train_seg.py --dataset visa --gpu-id 0 --k-shot 4 --class_name pcb3 --root-dir ./result/baseline > ./result/baseline/seg_logs/k4_visa_pcb3.log 2>&1
python train_seg.py --dataset visa --gpu-id 0 --k-shot 4 --class_name pcb4 --root-dir ./result/baseline > ./result/baseline/seg_logs/k4_visa_pcb4.log 2>&1
python train_seg.py --dataset visa --gpu-id 0 --k-shot 4 --class_name pipe_fryum --root-dir ./result/baseline > ./result/baseline/seg_logs/k4_visa_pipe_fryum.log 2>&1
python train_cls.py --dataset mvtec --gpu-id 0 --k-shot 2 --class_name carpet --root-dir ./result/baseline_reducedprompt
python train_cls.py --dataset mvtec --gpu-id 0 --k-shot 2 --class_name grid --root-dir ./result/baseline_reducedprompt
python train_cls.py --dataset mvtec --gpu-id 0 --k-shot 2 --class_name leather --root-dir ./result/baseline_reducedprompt
python train_cls.py --dataset mvtec --gpu-id 0 --k-shot 2 --class_name tile --root-dir ./result/baseline_reducedprompt
python train_cls.py --dataset mvtec --gpu-id 0 --k-shot 2 --class_name wood --root-dir ./result/baseline_reducedprompt
python train_cls.py --dataset mvtec --gpu-id 0 --k-shot 2 --class_name bottle --root-dir ./result/baseline_reducedprompt
python train_cls.py --dataset mvtec --gpu-id 0 --k-shot 2 --class_name cable --root-dir ./result/baseline_reducedprompt
python train_cls.py --dataset mvtec --gpu-id 0 --k-shot 2 --class_name capsule --root-dir ./result/baseline_reducedprompt
python train_cls.py --dataset mvtec --gpu-id 0 --k-shot 2 --class_name hazelnut --root-dir ./result/baseline_reducedprompt
python train_cls.py --dataset mvtec --gpu-id 0 --k-shot 2 --class_name metal_nut --root-dir ./result/baseline_reducedprompt
python train_cls.py --dataset mvtec --gpu-id 0 --k-shot 2 --class_name pill --root-dir ./result/baseline_reducedprompt
python train_cls.py --dataset mvtec --gpu-id 0 --k-shot 2 --class_name screw --root-dir ./result/baseline_reducedprompt
python train_cls.py --dataset mvtec --gpu-id 0 --k-shot 2 --class_name toothbrush --root-dir ./result/baseline_reducedprompt
python train_cls.py --dataset mvtec --gpu-id 0 --k-shot 2 --class_name transistor --root-dir ./result/baseline_reducedprompt
python train_cls.py --dataset mvtec --gpu-id 0 --k-shot 2 --class_name zipper --root-dir ./result/baseline_reducedprompt
python train_cls.py --dataset visa --gpu-id 0 --k-shot 2 --class_name candle --root-dir ./result/baseline_reducedprompt
python train_cls.py --dataset visa --gpu-id 0 --k-shot 2 --class_name capsules --root-dir ./result/baseline_reducedprompt
python train_cls.py --dataset visa --gpu-id 0 --k-shot 2 --class_name cashew --root-dir ./result/baseline_reducedprompt
python train_cls.py --dataset visa --gpu-id 0 --k-shot 2 --class_name chewinggum --root-dir ./result/baseline_reducedprompt
python train_cls.py --dataset visa --gpu-id 0 --k-shot 2 --class_name fryum --root-dir ./result/baseline_reducedprompt
python train_cls.py --dataset visa --gpu-id 0 --k-shot 2 --class_name macaroni1 --root-dir ./result/baseline_reducedprompt
python train_cls.py --dataset visa --gpu-id 0 --k-shot 2 --class_name macaroni2 --root-dir ./result/baseline_reducedprompt
python train_cls.py --dataset visa --gpu-id 0 --k-shot 2 --class_name pcb1 --root-dir ./result/baseline_reducedprompt
python train_cls.py --dataset visa --gpu-id 0 --k-shot 2 --class_name pcb2 --root-dir ./result/baseline_reducedprompt
python train_cls.py --dataset visa --gpu-id 0 --k-shot 2 --class_name pcb3 --root-dir ./result/baseline_reducedprompt
python train_cls.py --dataset visa --gpu-id 0 --k-shot 2 --class_name pcb4 --root-dir ./result/baseline_reducedprompt
python train_cls.py --dataset visa --gpu-id 0 --k-shot 2 --class_name pipe_fryum --root-dir ./result/baseline_reducedprompt
python train_cls.py --dataset mvtec --gpu-id 0 --k-shot 1 --class_name carpet --root-dir ./result/baseline_reducedprompt
python train_cls.py --dataset mvtec --gpu-id 0 --k-shot 1 --class_name grid --root-dir ./result/baseline_reducedprompt
python train_cls.py --dataset mvtec --gpu-id 0 --k-shot 1 --class_name leather --root-dir ./result/baseline_reducedprompt
python train_cls.py --dataset mvtec --gpu-id 0 --k-shot 1 --class_name tile --root-dir ./result/baseline_reducedprompt
python train_cls.py --dataset mvtec --gpu-id 0 --k-shot 1 --class_name wood --root-dir ./result/baseline_reducedprompt
python train_cls.py --dataset mvtec --gpu-id 0 --k-shot 1 --class_name bottle --root-dir ./result/baseline_reducedprompt
python train_cls.py --dataset mvtec --gpu-id 0 --k-shot 1 --class_name cable --root-dir ./result/baseline_reducedprompt
python train_cls.py --dataset mvtec --gpu-id 0 --k-shot 1 --class_name capsule --root-dir ./result/baseline_reducedprompt
python train_cls.py --dataset mvtec --gpu-id 0 --k-shot 1 --class_name hazelnut --root-dir ./result/baseline_reducedprompt
python train_cls.py --dataset mvtec --gpu-id 0 --k-shot 1 --class_name metal_nut --root-dir ./result/baseline_reducedprompt
python train_cls.py --dataset mvtec --gpu-id 0 --k-shot 1 --class_name pill --root-dir ./result/baseline_reducedprompt
python train_cls.py --dataset mvtec --gpu-id 0 --k-shot 1 --class_name screw --root-dir ./result/baseline_reducedprompt
python train_cls.py --dataset mvtec --gpu-id 0 --k-shot 1 --class_name toothbrush --root-dir ./result/baseline_reducedprompt
python train_cls.py --dataset mvtec --gpu-id 0 --k-shot 1 --class_name transistor --root-dir ./result/baseline_reducedprompt
python train_cls.py --dataset mvtec --gpu-id 0 --k-shot 1 --class_name zipper --root-dir ./result/baseline_reducedprompt
python train_cls.py --dataset visa --gpu-id 0 --k-shot 1 --class_name candle --root-dir ./result/baseline_reducedprompt
python train_cls.py --dataset visa --gpu-id 0 --k-shot 1 --class_name capsules --root-dir ./result/baseline_reducedprompt
python train_cls.py --dataset visa --gpu-id 0 --k-shot 1 --class_name cashew --root-dir ./result/baseline_reducedprompt
python train_cls.py --dataset visa --gpu-id 0 --k-shot 1 --class_name chewinggum --root-dir ./result/baseline_reducedprompt
python train_cls.py --dataset visa --gpu-id 0 --k-shot 1 --class_name fryum --root-dir ./result/baseline_reducedprompt
python train_cls.py --dataset visa --gpu-id 0 --k-shot 1 --class_name macaroni1 --root-dir ./result/baseline_reducedprompt
python train_cls.py --dataset visa --gpu-id 0 --k-shot 1 --class_name macaroni2 --root-dir ./result/baseline_reducedprompt
python train_cls.py --dataset visa --gpu-id 0 --k-shot 1 --class_name pcb1 --root-dir ./result/baseline_reducedprompt
python train_cls.py --dataset visa --gpu-id 0 --k-shot 1 --class_name pcb2 --root-dir ./result/baseline_reducedprompt
python train_cls.py --dataset visa --gpu-id 0 --k-shot 1 --class_name pcb3 --root-dir ./result/baseline_reducedprompt
python train_cls.py --dataset visa --gpu-id 0 --k-shot 1 --class_name pcb4 --root-dir ./result/baseline_reducedprompt
python train_cls.py --dataset visa --gpu-id 0 --k-shot 1 --class_name pipe_fryum --root-dir ./result/baseline_reducedprompt
python train_cls.py --dataset mvtec --gpu-id 0 --k-shot 4 --class_name carpet --root-dir ./result/baseline_reducedprompt
python train_cls.py --dataset mvtec --gpu-id 0 --k-shot 4 --class_name grid --root-dir ./result/baseline_reducedprompt
python train_cls.py --dataset mvtec --gpu-id 0 --k-shot 4 --class_name leather --root-dir ./result/baseline_reducedprompt
python train_cls.py --dataset mvtec --gpu-id 0 --k-shot 4 --class_name tile --root-dir ./result/baseline_reducedprompt
python train_cls.py --dataset mvtec --gpu-id 0 --k-shot 4 --class_name wood --root-dir ./result/baseline_reducedprompt
python train_cls.py --dataset mvtec --gpu-id 0 --k-shot 4 --class_name bottle --root-dir ./result/baseline_reducedprompt
python train_cls.py --dataset mvtec --gpu-id 0 --k-shot 4 --class_name cable --root-dir ./result/baseline_reducedprompt
python train_cls.py --dataset mvtec --gpu-id 0 --k-shot 4 --class_name capsule --root-dir ./result/baseline_reducedprompt
python train_cls.py --dataset mvtec --gpu-id 0 --k-shot 4 --class_name hazelnut --root-dir ./result/baseline_reducedprompt
python train_cls.py --dataset mvtec --gpu-id 0 --k-shot 4 --class_name metal_nut --root-dir ./result/baseline_reducedprompt
python train_cls.py --dataset mvtec --gpu-id 0 --k-shot 4 --class_name pill --root-dir ./result/baseline_reducedprompt
python train_cls.py --dataset mvtec --gpu-id 0 --k-shot 4 --class_name screw --root-dir ./result/baseline_reducedprompt
python train_cls.py --dataset mvtec --gpu-id 0 --k-shot 4 --class_name toothbrush --root-dir ./result/baseline_reducedprompt

============================================================
[Prompt Configuration] Class: grid
  - Mode: MAP+LAP (Baseline)
  - MAP prompts: 8
  - LAP prompts: 8 (generic anomaly templates)
============================================================


[PromptAD] Initializing with use_lap=True
  Epoch 3: Semantic=97.87, Memory=97.24, Fusion=97.33
  Epoch 6: Semantic=98.45, Memory=97.24, Fusion=97.49 *** Best ***
  Epoch 9: Semantic=97.66, Memory=97.24, Fusion=97.41
  Epoch 12: Semantic=96.49, Memory=97.24, Fusion=97.49
  Epoch 15: Semantic=95.07, Memory=97.24, Fusion=97.33
  Epoch 18: Semantic=93.82, Memory=97.24, Fusion=96.24
  Epoch 21: Semantic=93.48, Memory=97.24, Fusion=94.99
  Epoch 24: Semantic=94.32, Memory=97.24, Fusion=95.91
  Epoch 27: Semantic=95.32, Memory=97.24, Fusion=96.16
  Epoch 30: Semantic=93.78, Memory=97.24, Fusion=94.49
  Epoch 33: Semantic=93.90, Memory=97.24, Fusion=94.65
  Epoch 36: Semantic=93.73, Memory=97.24, Fusion=94.24
  Epoch 39: Semantic=93.98, Memory=97.24, Fusion=94.40
  Epoch 42: Semantic=93.15, Memory=97.24, Fusion=93.57
  Epoch 45: Semantic=93.40, Memory=97.24, Fusion=93.82
  Epoch 48: Semantic=92.65, Memory=97.24, Fusion=92.90
  Epoch 51: Semantic=92.90, Memory=97.24, Fusion=92.98
  Epoch 54: Semantic=92.52, Memory=97.24, Fusion=92.73
  Epoch 57: Semantic=92.31, Memory=97.24, Fusion=92.65
  Epoch 60: Semantic=92.40, Memory=97.24, Fusion=92.65
  Epoch 63: Semantic=92.23, Memory=97.24, Fusion=92.48
  Epoch 66: Semantic=92.15, Memory=97.24, Fusion=92.40
  Epoch 69: Semantic=92.15, Memory=97.24, Fusion=92.31
  Epoch 72: Semantic=92.06, Memory=97.24, Fusion=92.23
  Epoch 75: Semantic=91.90, Memory=97.24, Fusion=92.06
  Epoch 78: Semantic=91.81, Memory=97.24, Fusion=92.15
  Epoch 81: Semantic=91.81, Memory=97.24, Fusion=92.06
  Epoch 84: Semantic=91.81, Memory=97.24, Fusion=91.98
  Epoch 87: Semantic=91.73, Memory=97.24, Fusion=91.90
  Epoch 90: Semantic=91.73, Memory=97.24, Fusion=91.81
  Epoch 93: Semantic=91.69, Memory=97.24, Fusion=91.81
  Epoch 96: Semantic=91.73, Memory=97.24, Fusion=91.81
  Epoch 99: Semantic=91.69, Memory=97.24, Fusion=91.81
  Epoch 100: Semantic=91.69, Memory=97.24, Fusion=91.81
Object:grid =========================== Fusion-AUROC:97.49, Semantic:98.45, Memory:97.24


============================================================
[Prompt Configuration] Class: carpet
  - Mode: MAP+LAP (Baseline)
  - MAP prompts: 8
  - LAP prompts: 8 (generic anomaly templates)
============================================================


[PromptAD] Initializing with use_lap=True
  Epoch 3: Semantic=99.86, Memory=99.80, Fusion=99.84
  Epoch 6: Semantic=99.88, Memory=99.80, Fusion=99.84
  Epoch 9: Semantic=99.96, Memory=99.80, Fusion=99.88 *** Best ***
  Epoch 12: Semantic=99.96, Memory=99.80, Fusion=99.92 *** Best ***
  Epoch 15: Semantic=99.96, Memory=99.80, Fusion=99.96 *** Best ***
  Epoch 18: Semantic=99.96, Memory=99.80, Fusion=99.96
  Epoch 21: Semantic=99.96, Memory=99.80, Fusion=100.00 *** Best ***
  Epoch 24: Semantic=99.96, Memory=99.80, Fusion=100.00
  Epoch 27: Semantic=99.92, Memory=99.80, Fusion=99.92
  Epoch 30: Semantic=99.92, Memory=99.80, Fusion=99.92
  Epoch 33: Semantic=99.90, Memory=99.80, Fusion=99.88
  Epoch 36: Semantic=99.88, Memory=99.80, Fusion=99.88
  Epoch 39: Semantic=99.88, Memory=99.80, Fusion=99.88
  Epoch 42: Semantic=99.88, Memory=99.80, Fusion=99.88
  Epoch 45: Semantic=99.88, Memory=99.80, Fusion=99.88
  Epoch 48: Semantic=99.88, Memory=99.80, Fusion=99.88
  Epoch 51: Semantic=99.88, Memory=99.80, Fusion=99.88
  Epoch 54: Semantic=99.88, Memory=99.80, Fusion=99.88
  Epoch 57: Semantic=99.88, Memory=99.80, Fusion=99.88
  Epoch 60: Semantic=99.88, Memory=99.80, Fusion=99.88
  Epoch 63: Semantic=99.88, Memory=99.80, Fusion=99.88
  Epoch 66: Semantic=99.88, Memory=99.80, Fusion=99.88
  Epoch 69: Semantic=99.88, Memory=99.80, Fusion=99.88
  Epoch 72: Semantic=99.88, Memory=99.80, Fusion=99.88
  Epoch 75: Semantic=99.88, Memory=99.80, Fusion=99.88
  Epoch 78: Semantic=99.88, Memory=99.80, Fusion=99.88
  Epoch 81: Semantic=99.88, Memory=99.80, Fusion=99.88
  Epoch 84: Semantic=99.88, Memory=99.80, Fusion=99.88
  Epoch 87: Semantic=99.88, Memory=99.80, Fusion=99.88
  Epoch 90: Semantic=99.88, Memory=99.80, Fusion=99.88
  Epoch 93: Semantic=99.88, Memory=99.80, Fusion=99.88
  Epoch 96: Semantic=99.88, Memory=99.80, Fusion=99.88
  Epoch 99: Semantic=99.88, Memory=99.80, Fusion=99.88
  Epoch 100: Semantic=99.88, Memory=99.80, Fusion=99.88
Object:carpet =========================== Fusion-AUROC:100.0, Semantic:99.96, Memory:99.8


============================================================
[Prompt Configuration] Class: leather
  - Mode: MAP+LAP (Baseline)
  - MAP prompts: 7
  - LAP prompts: 8 (generic anomaly templates)
============================================================


[PromptAD] Initializing with use_lap=True
  Epoch 3: Semantic=100.00, Memory=99.86, Fusion=99.90
  Epoch 6: Semantic=100.00, Memory=99.86, Fusion=99.90
  Epoch 9: Semantic=100.00, Memory=99.86, Fusion=99.97 *** Best ***
  Epoch 12: Semantic=100.00, Memory=99.86, Fusion=99.97
  Epoch 15: Semantic=100.00, Memory=99.86, Fusion=99.97
  Epoch 18: Semantic=100.00, Memory=99.86, Fusion=100.00 *** Best ***
  Epoch 21: Semantic=100.00, Memory=99.86, Fusion=100.00
  Epoch 24: Semantic=100.00, Memory=99.86, Fusion=100.00
  Epoch 27: Semantic=100.00, Memory=99.86, Fusion=100.00
  Epoch 30: Semantic=100.00, Memory=99.86, Fusion=100.00
  Epoch 33: Semantic=100.00, Memory=99.86, Fusion=100.00
  Epoch 36: Semantic=100.00, Memory=99.86, Fusion=100.00
  Epoch 39: Semantic=100.00, Memory=99.86, Fusion=100.00
  Epoch 42: Semantic=100.00, Memory=99.86, Fusion=100.00
  Epoch 45: Semantic=100.00, Memory=99.86, Fusion=100.00
  Epoch 48: Semantic=100.00, Memory=99.86, Fusion=100.00
  Epoch 51: Semantic=100.00, Memory=99.86, Fusion=100.00
  Epoch 54: Semantic=100.00, Memory=99.86, Fusion=100.00
  Epoch 57: Semantic=100.00, Memory=99.86, Fusion=100.00
  Epoch 60: Semantic=100.00, Memory=99.86, Fusion=100.00
  Epoch 63: Semantic=100.00, Memory=99.86, Fusion=100.00
  Epoch 66: Semantic=100.00, Memory=99.86, Fusion=100.00
  Epoch 69: Semantic=100.00, Memory=99.86, Fusion=100.00
  Epoch 72: Semantic=100.00, Memory=99.86, Fusion=100.00
  Epoch 75: Semantic=100.00, Memory=99.86, Fusion=100.00
  Epoch 78: Semantic=100.00, Memory=99.86, Fusion=100.00
  Epoch 81: Semantic=100.00, Memory=99.86, Fusion=100.00
  Epoch 84: Semantic=100.00, Memory=99.86, Fusion=100.00
  Epoch 87: Semantic=100.00, Memory=99.86, Fusion=100.00
  Epoch 90: Semantic=100.00, Memory=99.86, Fusion=100.00
  Epoch 93: Semantic=100.00, Memory=99.86, Fusion=100.00
  Epoch 96: Semantic=100.00, Memory=99.86, Fusion=100.00
  Epoch 99: Semantic=100.00, Memory=99.86, Fusion=100.00
  Epoch 100: Semantic=100.00, Memory=99.86, Fusion=100.00
Object:leather =========================== Fusion-AUROC:100.0, Semantic:100.0, Memory:99.86


============================================================
[Prompt Configuration] Class: tile
  - Mode: MAP+LAP (Baseline)
  - MAP prompts: 7
  - LAP prompts: 8 (generic anomaly templates)
============================================================


[PromptAD] Initializing with use_lap=True
  Epoch 3: Semantic=100.00, Memory=98.59, Fusion=98.92
  Epoch 6: Semantic=99.98, Memory=98.59, Fusion=99.10 *** Best ***
  Epoch 9: Semantic=100.00, Memory=98.59, Fusion=99.31 *** Best ***
  Epoch 12: Semantic=99.93, Memory=98.59, Fusion=99.60 *** Best ***
  Epoch 15: Semantic=99.98, Memory=98.59, Fusion=99.86 *** Best ***
  Epoch 18: Semantic=99.93, Memory=98.59, Fusion=99.89 *** Best ***
  Epoch 21: Semantic=99.91, Memory=98.59, Fusion=99.93 *** Best ***
  Epoch 24: Semantic=99.93, Memory=98.59, Fusion=99.93
  Epoch 27: Semantic=99.93, Memory=98.59, Fusion=99.93
  Epoch 30: Semantic=99.93, Memory=98.59, Fusion=99.89
  Epoch 33: Semantic=99.89, Memory=98.59, Fusion=99.89
  Epoch 36: Semantic=99.93, Memory=98.59, Fusion=99.89
  Epoch 39: Semantic=99.93, Memory=98.59, Fusion=99.89
  Epoch 42: Semantic=99.93, Memory=98.59, Fusion=99.89
  Epoch 45: Semantic=99.93, Memory=98.59, Fusion=99.89
  Epoch 48: Semantic=99.91, Memory=98.59, Fusion=99.89
  Epoch 51: Semantic=99.89, Memory=98.59, Fusion=99.89
  Epoch 54: Semantic=99.89, Memory=98.59, Fusion=99.89
  Epoch 57: Semantic=99.89, Memory=98.59, Fusion=99.89
  Epoch 60: Semantic=99.89, Memory=98.59, Fusion=99.89
  Epoch 63: Semantic=99.89, Memory=98.59, Fusion=99.89
  Epoch 66: Semantic=99.89, Memory=98.59, Fusion=99.89
  Epoch 69: Semantic=99.89, Memory=98.59, Fusion=99.89
  Epoch 72: Semantic=99.89, Memory=98.59, Fusion=99.89
  Epoch 75: Semantic=99.89, Memory=98.59, Fusion=99.89
  Epoch 78: Semantic=99.89, Memory=98.59, Fusion=99.89
  Epoch 81: Semantic=99.89, Memory=98.59, Fusion=99.89
  Epoch 84: Semantic=99.89, Memory=98.59, Fusion=99.89
  Epoch 87: Semantic=99.89, Memory=98.59, Fusion=99.89
  Epoch 90: Semantic=99.89, Memory=98.59, Fusion=99.89
  Epoch 93: Semantic=99.89, Memory=98.59, Fusion=99.89
  Epoch 96: Semantic=99.89, Memory=98.59, Fusion=99.89
  Epoch 99: Semantic=99.89, Memory=98.59, Fusion=99.89
  Epoch 100: Semantic=99.89, Memory=98.59, Fusion=99.89
Object:tile =========================== Fusion-AUROC:99.93, Semantic:99.91, Memory:98.59


============================================================
[Prompt Configuration] Class: wood
  - Mode: MAP+LAP (Baseline)
  - MAP prompts: 6
  - LAP prompts: 8 (generic anomaly templates)
============================================================


[PromptAD] Initializing with use_lap=True
  Epoch 3: Semantic=96.97, Memory=98.86, Fusion=98.77
  Epoch 6: Semantic=98.82, Memory=98.86, Fusion=98.86 *** Best ***
  Epoch 9: Semantic=98.29, Memory=98.86, Fusion=98.95 *** Best ***
  Epoch 12: Semantic=98.25, Memory=98.86, Fusion=99.04 *** Best ***
  Epoch 15: Semantic=98.73, Memory=98.86, Fusion=99.21 *** Best ***
  Epoch 18: Semantic=98.90, Memory=98.86, Fusion=99.30 *** Best ***
  Epoch 21: Semantic=98.82, Memory=98.86, Fusion=99.30
  Epoch 24: Semantic=98.55, Memory=98.86, Fusion=99.39 *** Best ***
  Epoch 27: Semantic=98.42, Memory=98.86, Fusion=99.04
  Epoch 30: Semantic=98.25, Memory=98.86, Fusion=98.95
  Epoch 33: Semantic=98.42, Memory=98.86, Fusion=98.95
  Epoch 36: Semantic=98.25, Memory=98.86, Fusion=98.60
  Epoch 39: Semantic=98.38, Memory=98.86, Fusion=98.60
  Epoch 42: Semantic=98.33, Memory=98.86, Fusion=98.77
  Epoch 45: Semantic=98.42, Memory=98.86, Fusion=98.68
  Epoch 48: Semantic=98.51, Memory=98.86, Fusion=98.77
  Epoch 51: Semantic=98.60, Memory=98.86, Fusion=98.77
  Epoch 54: Semantic=98.68, Memory=98.86, Fusion=98.95
  Epoch 57: Semantic=98.68, Memory=98.86, Fusion=98.95
  Epoch 60: Semantic=98.73, Memory=98.86, Fusion=98.77
  Epoch 63: Semantic=98.68, Memory=98.86, Fusion=98.77
  Epoch 66: Semantic=98.68, Memory=98.86, Fusion=98.77
  Epoch 69: Semantic=98.68, Memory=98.86, Fusion=98.68
  Epoch 72: Semantic=98.68, Memory=98.86, Fusion=98.68
  Epoch 75: Semantic=98.68, Memory=98.86, Fusion=98.68
  Epoch 78: Semantic=98.68, Memory=98.86, Fusion=98.68
  Epoch 81: Semantic=98.64, Memory=98.86, Fusion=98.68
  Epoch 84: Semantic=98.64, Memory=98.86, Fusion=98.68
  Epoch 87: Semantic=98.64, Memory=98.86, Fusion=98.68
  Epoch 90: Semantic=98.68, Memory=98.86, Fusion=98.68
  Epoch 93: Semantic=98.64, Memory=98.86, Fusion=98.68
  Epoch 96: Semantic=98.64, Memory=98.86, Fusion=98.68
  Epoch 99: Semantic=98.60, Memory=98.86, Fusion=98.68
  Epoch 100: Semantic=98.68, Memory=98.86, Fusion=98.68
Object:wood =========================== Fusion-AUROC:99.39, Semantic:98.55, Memory:98.86


============================================================
[Prompt Configuration] Class: bottle
  - Mode: MAP+LAP (Baseline)
  - MAP prompts: 5
  - LAP prompts: 8 (generic anomaly templates)
============================================================


[PromptAD] Initializing with use_lap=True
  Epoch 3: Semantic=97.06, Memory=99.52, Fusion=99.52
  Epoch 6: Semantic=94.33, Memory=99.52, Fusion=99.52
  Epoch 9: Semantic=92.70, Memory=99.52, Fusion=99.52
  Epoch 12: Semantic=93.69, Memory=99.52, Fusion=99.44
  Epoch 15: Semantic=93.29, Memory=99.52, Fusion=99.05
  Epoch 18: Semantic=94.05, Memory=99.52, Fusion=98.81
  Epoch 21: Semantic=95.24, Memory=99.52, Fusion=98.65
  Epoch 24: Semantic=95.71, Memory=99.52, Fusion=98.65
  Epoch 27: Semantic=95.44, Memory=99.52, Fusion=98.41
  Epoch 30: Semantic=96.03, Memory=99.52, Fusion=98.57
  Epoch 33: Semantic=96.03, Memory=99.52, Fusion=98.10
  Epoch 36: Semantic=96.75, Memory=99.52, Fusion=98.41
  Epoch 39: Semantic=97.62, Memory=99.52, Fusion=98.81
  Epoch 42: Semantic=97.74, Memory=99.52, Fusion=98.89
  Epoch 45: Semantic=98.10, Memory=99.52, Fusion=98.89
  Epoch 48: Semantic=98.17, Memory=99.52, Fusion=98.73
  Epoch 51: Semantic=98.13, Memory=99.52, Fusion=98.73
  Epoch 54: Semantic=98.02, Memory=99.52, Fusion=98.81
  Epoch 57: Semantic=98.10, Memory=99.52, Fusion=98.73
  Epoch 60: Semantic=98.06, Memory=99.52, Fusion=98.81
  Epoch 63: Semantic=98.10, Memory=99.52, Fusion=98.81
  Epoch 66: Semantic=98.10, Memory=99.52, Fusion=98.89
  Epoch 69: Semantic=98.37, Memory=99.52, Fusion=99.13
  Epoch 72: Semantic=98.37, Memory=99.52, Fusion=99.05
  Epoch 75: Semantic=98.33, Memory=99.52, Fusion=98.97
  Epoch 78: Semantic=98.29, Memory=99.52, Fusion=98.89
  Epoch 81: Semantic=98.33, Memory=99.52, Fusion=99.05
  Epoch 84: Semantic=98.17, Memory=99.52, Fusion=98.97
  Epoch 87: Semantic=98.06, Memory=99.52, Fusion=98.89
  Epoch 90: Semantic=98.17, Memory=99.52, Fusion=98.89
  Epoch 93: Semantic=98.29, Memory=99.52, Fusion=98.89
  Epoch 96: Semantic=98.21, Memory=99.52, Fusion=98.89
  Epoch 99: Semantic=98.25, Memory=99.52, Fusion=98.89
  Epoch 100: Semantic=98.33, Memory=99.52, Fusion=98.89
Object:bottle =========================== Fusion-AUROC:99.52, Semantic:97.06, Memory:99.52


============================================================
[Prompt Configuration] Class: capsule
  - Mode: MAP+LAP (Baseline)
  - MAP prompts: 7
  - LAP prompts: 8 (generic anomaly templates)
============================================================


[PromptAD] Initializing with use_lap=True
  Epoch 3: Semantic=79.68, Memory=84.72, Fusion=84.92
  Epoch 6: Semantic=82.37, Memory=84.72, Fusion=85.20 *** Best ***
  Epoch 9: Semantic=77.24, Memory=84.72, Fusion=84.88
  Epoch 12: Semantic=75.01, Memory=84.72, Fusion=84.56
  Epoch 15: Semantic=74.19, Memory=84.72, Fusion=83.69
  Epoch 18: Semantic=74.75, Memory=84.72, Fusion=82.93
  Epoch 21: Semantic=74.69, Memory=84.72, Fusion=81.01
  Epoch 24: Semantic=73.69, Memory=84.72, Fusion=78.94
  Epoch 27: Semantic=73.57, Memory=84.72, Fusion=77.42
  Epoch 30: Semantic=73.00, Memory=84.72, Fusion=76.31
  Epoch 33: Semantic=73.04, Memory=84.72, Fusion=75.75
  Epoch 36: Semantic=72.84, Memory=84.72, Fusion=74.95
  Epoch 39: Semantic=72.96, Memory=84.72, Fusion=74.95
  Epoch 42: Semantic=72.66, Memory=84.72, Fusion=74.23
  Epoch 45: Semantic=72.58, Memory=84.72, Fusion=73.67
  Epoch 48: Semantic=72.06, Memory=84.72, Fusion=73.20
  Epoch 51: Semantic=71.76, Memory=84.72, Fusion=72.96
  Epoch 54: Semantic=71.66, Memory=84.72, Fusion=72.84
  Epoch 57: Semantic=71.52, Memory=84.72, Fusion=72.60
  Epoch 60: Semantic=71.40, Memory=84.72, Fusion=72.32
  Epoch 63: Semantic=71.28, Memory=84.72, Fusion=72.00
  Epoch 66: Semantic=71.26, Memory=84.72, Fusion=71.96
  Epoch 69: Semantic=71.26, Memory=84.72, Fusion=71.92
  Epoch 72: Semantic=71.14, Memory=84.72, Fusion=71.68
  Epoch 75: Semantic=71.02, Memory=84.72, Fusion=71.68
  Epoch 78: Semantic=71.00, Memory=84.72, Fusion=71.64
  Epoch 81: Semantic=70.96, Memory=84.72, Fusion=71.64
  Epoch 84: Semantic=70.98, Memory=84.72, Fusion=71.60
  Epoch 87: Semantic=71.00, Memory=84.72, Fusion=71.64
  Epoch 90: Semantic=71.00, Memory=84.72, Fusion=71.72
  Epoch 93: Semantic=70.94, Memory=84.72, Fusion=71.56
  Epoch 96: Semantic=70.84, Memory=84.72, Fusion=71.56
  Epoch 99: Semantic=70.96, Memory=84.72, Fusion=71.72
  Epoch 100: Semantic=70.86, Memory=84.72, Fusion=71.56
Object:capsule =========================== Fusion-AUROC:85.2, Semantic:82.37, Memory:84.72


============================================================
[Prompt Configuration] Class: cable
  - Mode: MAP+LAP (Baseline)
  - MAP prompts: 7
  - LAP prompts: 8 (generic anomaly templates)
============================================================


[PromptAD] Initializing with use_lap=True
  Epoch 3: Semantic=81.67, Memory=92.82, Fusion=93.27
  Epoch 6: Semantic=82.21, Memory=92.82, Fusion=93.44 *** Best ***
  Epoch 9: Semantic=83.83, Memory=92.82, Fusion=93.83 *** Best ***
  Epoch 12: Semantic=83.21, Memory=92.82, Fusion=94.19 *** Best ***
  Epoch 15: Semantic=83.32, Memory=92.82, Fusion=93.91
  Epoch 18: Semantic=81.39, Memory=92.82, Fusion=92.45
  Epoch 21: Semantic=83.16, Memory=92.82, Fusion=90.69
  Epoch 24: Semantic=83.77, Memory=92.82, Fusion=88.66
  Epoch 27: Semantic=84.02, Memory=92.82, Fusion=87.13
  Epoch 30: Semantic=84.54, Memory=92.82, Fusion=86.81
  Epoch 33: Semantic=85.63, Memory=92.82, Fusion=87.07
  Epoch 36: Semantic=85.42, Memory=92.82, Fusion=86.45
  Epoch 39: Semantic=85.61, Memory=92.82, Fusion=86.73
  Epoch 42: Semantic=85.17, Memory=92.82, Fusion=86.02
  Epoch 45: Semantic=85.00, Memory=92.82, Fusion=85.74
  Epoch 48: Semantic=84.90, Memory=92.82, Fusion=85.59
  Epoch 51: Semantic=84.75, Memory=92.82, Fusion=85.38
  Epoch 54: Semantic=84.66, Memory=92.82, Fusion=85.21
  Epoch 57: Semantic=84.61, Memory=92.82, Fusion=85.25
  Epoch 60: Semantic=84.75, Memory=92.82, Fusion=85.29
  Epoch 63: Semantic=84.75, Memory=92.82, Fusion=85.08
  Epoch 66: Semantic=84.70, Memory=92.82, Fusion=85.04
  Epoch 69: Semantic=84.64, Memory=92.82, Fusion=85.06
  Epoch 72: Semantic=84.64, Memory=92.82, Fusion=84.99
  Epoch 75: Semantic=84.61, Memory=92.82, Fusion=84.97
  Epoch 78: Semantic=84.61, Memory=92.82, Fusion=84.93
  Epoch 81: Semantic=84.44, Memory=92.82, Fusion=84.86
  Epoch 84: Semantic=84.48, Memory=92.82, Fusion=84.90
  Epoch 87: Semantic=84.54, Memory=92.82, Fusion=84.88
  Epoch 90: Semantic=84.45, Memory=92.82, Fusion=84.80
  Epoch 93: Semantic=84.49, Memory=92.82, Fusion=84.82
  Epoch 96: Semantic=84.48, Memory=92.82, Fusion=84.80
  Epoch 99: Semantic=84.47, Memory=92.82, Fusion=84.78
  Epoch 100: Semantic=84.47, Memory=92.82, Fusion=84.78
Object:cable =========================== Fusion-AUROC:94.19, Semantic:83.21, Memory:92.82


============================================================
[Prompt Configuration] Class: metal nut
  - Mode: MAP+LAP (Baseline)
  - MAP prompts: 6
  - LAP prompts: 8 (generic anomaly templates)
============================================================


[PromptAD] Initializing with use_lap=True
  Epoch 3: Semantic=92.69, Memory=99.41, Fusion=99.56
  Epoch 6: Semantic=88.05, Memory=99.41, Fusion=99.56
  Epoch 9: Semantic=86.95, Memory=99.41, Fusion=99.56
  Epoch 12: Semantic=88.59, Memory=99.41, Fusion=99.76 *** Best ***
  Epoch 15: Semantic=90.66, Memory=99.41, Fusion=99.66
  Epoch 18: Semantic=92.79, Memory=99.41, Fusion=99.61
  Epoch 21: Semantic=92.77, Memory=99.41, Fusion=99.22
  Epoch 24: Semantic=93.28, Memory=99.41, Fusion=98.88
  Epoch 27: Semantic=93.79, Memory=99.41, Fusion=98.00
  Epoch 30: Semantic=93.08, Memory=99.41, Fusion=96.73
  Epoch 33: Semantic=91.45, Memory=99.41, Fusion=96.04
  Epoch 36: Semantic=93.23, Memory=99.41, Fusion=95.94
  Epoch 39: Semantic=91.47, Memory=99.41, Fusion=94.57
  Epoch 42: Semantic=90.84, Memory=99.41, Fusion=93.60
  Epoch 45: Semantic=92.16, Memory=99.41, Fusion=94.33
  Epoch 48: Semantic=90.81, Memory=99.41, Fusion=93.21
  Epoch 51: Semantic=90.30, Memory=99.41, Fusion=92.23
  Epoch 54: Semantic=91.40, Memory=99.41, Fusion=93.06
  Epoch 57: Semantic=91.35, Memory=99.41, Fusion=92.67
  Epoch 60: Semantic=90.96, Memory=99.41, Fusion=92.18
  Epoch 63: Semantic=90.76, Memory=99.41, Fusion=91.89
  Epoch 66: Semantic=90.98, Memory=99.41, Fusion=92.03
  Epoch 69: Semantic=90.69, Memory=99.41, Fusion=91.79
  Epoch 72: Semantic=90.40, Memory=99.41, Fusion=91.54
  Epoch 75: Semantic=90.40, Memory=99.41, Fusion=91.54
  Epoch 78: Semantic=90.59, Memory=99.41, Fusion=91.54
  Epoch 81: Semantic=90.40, Memory=99.41, Fusion=91.64
  Epoch 84: Semantic=90.59, Memory=99.41, Fusion=91.64
  Epoch 87: Semantic=90.62, Memory=99.41, Fusion=91.69
  Epoch 90: Semantic=90.47, Memory=99.41, Fusion=91.64
  Epoch 93: Semantic=90.54, Memory=99.41, Fusion=91.54
  Epoch 96: Semantic=90.62, Memory=99.41, Fusion=91.64
  Epoch 99: Semantic=90.49, Memory=99.41, Fusion=91.50
  Epoch 100: Semantic=90.62, Memory=99.41, Fusion=91.64
Object:metal_nut =========================== Fusion-AUROC:99.76, Semantic:88.59, Memory:99.41


============================================================
[Prompt Configuration] Class: hazelnut
  - Mode: MAP+LAP (Baseline)
  - MAP prompts: 6
  - LAP prompts: 8 (generic anomaly templates)
============================================================


[PromptAD] Initializing with use_lap=True
  Epoch 3: Semantic=91.73, Memory=99.86, Fusion=99.86
  Epoch 6: Semantic=90.25, Memory=99.86, Fusion=99.79
  Epoch 9: Semantic=91.88, Memory=99.86, Fusion=99.93 *** Best ***
  Epoch 12: Semantic=90.23, Memory=99.86, Fusion=99.86
  Epoch 15: Semantic=85.43, Memory=99.86, Fusion=99.64
  Epoch 18: Semantic=85.91, Memory=99.86, Fusion=99.36
  Epoch 21: Semantic=86.66, Memory=99.86, Fusion=98.29
  Epoch 24: Semantic=87.16, Memory=99.86, Fusion=96.54
  Epoch 27: Semantic=87.61, Memory=99.86, Fusion=93.96
  Epoch 30: Semantic=85.73, Memory=99.86, Fusion=91.57
  Epoch 33: Semantic=85.20, Memory=99.86, Fusion=89.04
  Epoch 36: Semantic=84.66, Memory=99.86, Fusion=87.61
  Epoch 39: Semantic=84.09, Memory=99.86, Fusion=86.46
  Epoch 42: Semantic=83.79, Memory=99.86, Fusion=85.96
  Epoch 45: Semantic=84.50, Memory=99.86, Fusion=85.79
  Epoch 48: Semantic=84.09, Memory=99.86, Fusion=85.21
  Epoch 51: Semantic=83.64, Memory=99.86, Fusion=84.89
  Epoch 54: Semantic=83.21, Memory=99.86, Fusion=84.25
  Epoch 57: Semantic=83.00, Memory=99.86, Fusion=83.86
  Epoch 60: Semantic=82.89, Memory=99.86, Fusion=83.57
  Epoch 63: Semantic=82.64, Memory=99.86, Fusion=83.32
  Epoch 66: Semantic=82.36, Memory=99.86, Fusion=83.18
  Epoch 69: Semantic=82.36, Memory=99.86, Fusion=83.14
  Epoch 72: Semantic=82.45, Memory=99.86, Fusion=83.07
  Epoch 75: Semantic=82.57, Memory=99.86, Fusion=83.18
  Epoch 78: Semantic=82.57, Memory=99.86, Fusion=83.11
  Epoch 81: Semantic=82.59, Memory=99.86, Fusion=83.18
  Epoch 84: Semantic=82.57, Memory=99.86, Fusion=83.18
  Epoch 87: Semantic=82.52, Memory=99.86, Fusion=83.18
  Epoch 90: Semantic=82.59, Memory=99.86, Fusion=83.18
  Epoch 93: Semantic=82.61, Memory=99.86, Fusion=83.14
  Epoch 96: Semantic=82.55, Memory=99.86, Fusion=83.21
  Epoch 99: Semantic=82.66, Memory=99.86, Fusion=83.18
  Epoch 100: Semantic=82.68, Memory=99.86, Fusion=83.29
Object:hazelnut =========================== Fusion-AUROC:99.93, Semantic:91.88, Memory:99.86


============================================================
[Prompt Configuration] Class: pill
  - Mode: MAP+LAP (Baseline)
  - MAP prompts: 8
  - LAP prompts: 8 (generic anomaly templates)
============================================================


[PromptAD] Initializing with use_lap=True
  Epoch 3: Semantic=84.85, Memory=92.80, Fusion=92.96
  Epoch 6: Semantic=83.55, Memory=92.80, Fusion=92.91
  Epoch 9: Semantic=87.58, Memory=92.80, Fusion=92.91
  Epoch 12: Semantic=88.50, Memory=92.80, Fusion=92.99 *** Best ***
  Epoch 15: Semantic=88.68, Memory=92.80, Fusion=93.32 *** Best ***
  Epoch 18: Semantic=88.79, Memory=92.80, Fusion=93.43 *** Best ***
  Epoch 21: Semantic=88.90, Memory=92.80, Fusion=93.81 *** Best ***
  Epoch 24: Semantic=88.15, Memory=92.80, Fusion=94.08 *** Best ***
  Epoch 27: Semantic=88.01, Memory=92.80, Fusion=93.97
  Epoch 30: Semantic=88.08, Memory=92.80, Fusion=93.73
  Epoch 33: Semantic=88.45, Memory=92.80, Fusion=93.51
  Epoch 36: Semantic=88.67, Memory=92.80, Fusion=93.07
  Epoch 39: Semantic=87.98, Memory=92.80, Fusion=92.58
  Epoch 42: Semantic=87.34, Memory=92.80, Fusion=91.82
  Epoch 45: Semantic=87.64, Memory=92.80, Fusion=91.43
  Epoch 48: Semantic=87.56, Memory=92.80, Fusion=91.03
  Epoch 51: Semantic=87.58, Memory=92.80, Fusion=90.59
  Epoch 54: Semantic=87.22, Memory=92.80, Fusion=89.93
  Epoch 57: Semantic=86.93, Memory=92.80, Fusion=89.36
  Epoch 60: Semantic=86.66, Memory=92.80, Fusion=89.20
  Epoch 63: Semantic=86.52, Memory=92.80, Fusion=89.17
  Epoch 66: Semantic=86.35, Memory=92.80, Fusion=88.87
  Epoch 69: Semantic=86.37, Memory=92.80, Fusion=89.01
  Epoch 72: Semantic=86.16, Memory=92.80, Fusion=88.68
  Epoch 75: Semantic=86.18, Memory=92.80, Fusion=88.65
  Epoch 78: Semantic=86.13, Memory=92.80, Fusion=88.63
  Epoch 81: Semantic=86.09, Memory=92.80, Fusion=88.52
  Epoch 84: Semantic=86.17, Memory=92.80, Fusion=88.52
  Epoch 87: Semantic=86.13, Memory=92.80, Fusion=88.54
  Epoch 90: Semantic=86.28, Memory=92.80, Fusion=88.60
  Epoch 93: Semantic=86.28, Memory=92.80, Fusion=88.46
  Epoch 96: Semantic=86.03, Memory=92.80, Fusion=88.30
  Epoch 99: Semantic=85.99, Memory=92.80, Fusion=88.35
  Epoch 100: Semantic=86.24, Memory=92.80, Fusion=88.46
Object:pill =========================== Fusion-AUROC:94.08, Semantic:88.15, Memory:92.8


============================================================
[Prompt Configuration] Class: screw
  - Mode: MAP+LAP (Baseline)
  - MAP prompts: 5
  - LAP prompts: 8 (generic anomaly templates)
============================================================


[PromptAD] Initializing with use_lap=True
  Epoch 3: Semantic=67.72, Memory=55.87, Fusion=58.02
  Epoch 6: Semantic=67.49, Memory=55.87, Fusion=57.98
  Epoch 9: Semantic=61.66, Memory=55.87, Fusion=58.78 *** Best ***
  Epoch 12: Semantic=62.46, Memory=55.87, Fusion=59.60 *** Best ***
  Epoch 15: Semantic=63.28, Memory=55.87, Fusion=61.55 *** Best ***
  Epoch 18: Semantic=60.99, Memory=55.87, Fusion=60.11
  Epoch 21: Semantic=59.75, Memory=55.87, Fusion=59.15
  Epoch 24: Semantic=57.93, Memory=55.87, Fusion=57.47
  Epoch 27: Semantic=59.36, Memory=55.87, Fusion=59.19
  Epoch 30: Semantic=58.69, Memory=55.87, Fusion=58.72
  Epoch 33: Semantic=57.87, Memory=55.87, Fusion=57.98
  Epoch 36: Semantic=57.95, Memory=55.87, Fusion=57.84
  Epoch 39: Semantic=56.78, Memory=55.87, Fusion=56.79
  Epoch 42: Semantic=56.15, Memory=55.87, Fusion=56.12
  Epoch 45: Semantic=55.38, Memory=55.87, Fusion=55.44
  Epoch 48: Semantic=56.26, Memory=55.87, Fusion=56.30
  Epoch 51: Semantic=56.30, Memory=55.87, Fusion=56.30
  Epoch 54: Semantic=55.79, Memory=55.87, Fusion=55.83
  Epoch 57: Semantic=55.90, Memory=55.87, Fusion=55.95
  Epoch 60: Semantic=56.36, Memory=55.87, Fusion=56.28
  Epoch 63: Semantic=56.60, Memory=55.87, Fusion=56.51
  Epoch 66: Semantic=56.58, Memory=55.87, Fusion=56.57
  Epoch 69: Semantic=56.61, Memory=55.87, Fusion=56.57
  Epoch 72: Semantic=56.64, Memory=55.87, Fusion=56.59
  Epoch 75: Semantic=56.61, Memory=55.87, Fusion=56.55
  Epoch 78: Semantic=56.60, Memory=55.87, Fusion=56.59
  Epoch 81: Semantic=56.67, Memory=55.87, Fusion=56.65
  Epoch 84: Semantic=56.71, Memory=55.87, Fusion=56.65
  Epoch 87: Semantic=56.67, Memory=55.87, Fusion=56.61
  Epoch 90: Semantic=56.67, Memory=55.87, Fusion=56.63
  Epoch 93: Semantic=56.66, Memory=55.87, Fusion=56.57
  Epoch 96: Semantic=56.75, Memory=55.87, Fusion=56.71
  Epoch 99: Semantic=56.67, Memory=55.87, Fusion=56.73
  Epoch 100: Semantic=56.77, Memory=55.87, Fusion=56.71
Object:screw =========================== Fusion-AUROC:61.55, Semantic:63.28, Memory:55.87


============================================================
[Prompt Configuration] Class: toothbrush
  - Mode: MAP+LAP (Baseline)
  - MAP prompts: 4
  - LAP prompts: 8 (generic anomaly templates)
============================================================


[PromptAD] Initializing with use_lap=True
  Epoch 3: Semantic=72.50, Memory=94.17, Fusion=94.44
  Epoch 6: Semantic=69.44, Memory=94.17, Fusion=93.89
  Epoch 9: Semantic=68.06, Memory=94.17, Fusion=93.61
  Epoch 12: Semantic=66.53, Memory=94.17, Fusion=93.06
  Epoch 15: Semantic=68.19, Memory=94.17, Fusion=93.06
  Epoch 18: Semantic=69.03, Memory=94.17, Fusion=92.22
  Epoch 21: Semantic=70.00, Memory=94.17, Fusion=90.56
  Epoch 24: Semantic=69.44, Memory=94.17, Fusion=88.61
  Epoch 27: Semantic=71.25, Memory=94.17, Fusion=83.06
  Epoch 30: Semantic=72.22, Memory=94.17, Fusion=89.72
  Epoch 33: Semantic=73.33, Memory=94.17, Fusion=84.44
  Epoch 36: Semantic=72.92, Memory=94.17, Fusion=78.06
  Epoch 39: Semantic=71.67, Memory=94.17, Fusion=75.56
  Epoch 42: Semantic=72.50, Memory=94.17, Fusion=75.00
  Epoch 45: Semantic=73.47, Memory=94.17, Fusion=75.00
  Epoch 48: Semantic=72.64, Memory=94.17, Fusion=74.44
  Epoch 51: Semantic=73.33, Memory=94.17, Fusion=74.17
  Epoch 54: Semantic=73.06, Memory=94.17, Fusion=74.17
  Epoch 57: Semantic=73.06, Memory=94.17, Fusion=75.00
  Epoch 60: Semantic=73.61, Memory=94.17, Fusion=75.00
  Epoch 63: Semantic=73.33, Memory=94.17, Fusion=74.72
  Epoch 66: Semantic=73.33, Memory=94.17, Fusion=74.44
  Epoch 69: Semantic=72.78, Memory=94.17, Fusion=74.17
  Epoch 72: Semantic=72.78, Memory=94.17, Fusion=73.33
  Epoch 75: Semantic=73.33, Memory=94.17, Fusion=73.61
  Epoch 78: Semantic=73.33, Memory=94.17, Fusion=73.33
  Epoch 81: Semantic=73.33, Memory=94.17, Fusion=73.61
  Epoch 84: Semantic=73.33, Memory=94.17, Fusion=73.61
  Epoch 87: Semantic=73.33, Memory=94.17, Fusion=73.61
  Epoch 90: Semantic=73.19, Memory=94.17, Fusion=73.61
  Epoch 93: Semantic=73.33, Memory=94.17, Fusion=73.61
  Epoch 96: Semantic=73.19, Memory=94.17, Fusion=73.89
  Epoch 99: Semantic=73.19, Memory=94.17, Fusion=73.61
  Epoch 100: Semantic=73.33, Memory=94.17, Fusion=73.61
Object:toothbrush =========================== Fusion-AUROC:94.44, Semantic:72.5, Memory:94.17


============================================================
[Prompt Configuration] Class: transistor
  - Mode: MAP+LAP (Baseline)
  - MAP prompts: 6
  - LAP prompts: 8 (generic anomaly templates)
============================================================


[PromptAD] Initializing with use_lap=True
  Epoch 3: Semantic=88.58, Memory=86.87, Fusion=88.25
  Epoch 6: Semantic=90.56, Memory=86.87, Fusion=88.92 *** Best ***
  Epoch 9: Semantic=89.48, Memory=86.87, Fusion=89.54 *** Best ***
  Epoch 12: Semantic=91.04, Memory=86.87, Fusion=90.21 *** Best ***
  Epoch 15: Semantic=91.27, Memory=86.87, Fusion=91.29 *** Best ***
  Epoch 18: Semantic=91.48, Memory=86.87, Fusion=92.29 *** Best ***
  Epoch 21: Semantic=90.92, Memory=86.87, Fusion=93.12 *** Best ***
  Epoch 24: Semantic=89.77, Memory=86.87, Fusion=93.79 *** Best ***
  Epoch 27: Semantic=89.52, Memory=86.87, Fusion=94.21 *** Best ***
  Epoch 30: Semantic=89.21, Memory=86.87, Fusion=94.29 *** Best ***
  Epoch 33: Semantic=89.52, Memory=86.87, Fusion=94.54 *** Best ***
  Epoch 36: Semantic=90.15, Memory=86.87, Fusion=94.33
  Epoch 39: Semantic=89.88, Memory=86.87, Fusion=93.50
  Epoch 42: Semantic=89.71, Memory=86.87, Fusion=93.25
  Epoch 45: Semantic=89.38, Memory=86.87, Fusion=92.79
  Epoch 48: Semantic=88.67, Memory=86.87, Fusion=91.58
  Epoch 51: Semantic=88.73, Memory=86.87, Fusion=91.33
  Epoch 54: Semantic=88.54, Memory=86.87, Fusion=90.88
  Epoch 57: Semantic=88.69, Memory=86.87, Fusion=90.62
  Epoch 60: Semantic=88.50, Memory=86.87, Fusion=90.33
  Epoch 63: Semantic=88.23, Memory=86.87, Fusion=89.92
  Epoch 66: Semantic=88.52, Memory=86.87, Fusion=89.88
  Epoch 69: Semantic=88.27, Memory=86.87, Fusion=89.62
  Epoch 72: Semantic=88.33, Memory=86.87, Fusion=89.50
  Epoch 75: Semantic=88.37, Memory=86.87, Fusion=89.38
  Epoch 78: Semantic=88.42, Memory=86.87, Fusion=89.42
  Epoch 81: Semantic=88.42, Memory=86.87, Fusion=89.29
  Epoch 84: Semantic=88.42, Memory=86.87, Fusion=89.33
  Epoch 87: Semantic=88.35, Memory=86.87, Fusion=89.25
  Epoch 90: Semantic=88.42, Memory=86.87, Fusion=89.29
  Epoch 93: Semantic=88.46, Memory=86.87, Fusion=89.29
  Epoch 96: Semantic=88.38, Memory=86.87, Fusion=89.21
  Epoch 99: Semantic=88.38, Memory=86.87, Fusion=89.21
  Epoch 100: Semantic=88.42, Memory=86.87, Fusion=89.21
Object:transistor =========================== Fusion-AUROC:94.54, Semantic:89.52, Memory:86.87


============================================================
[Prompt Configuration] Class: zipper
  - Mode: MAP+LAP (Baseline)
  - MAP prompts: 8
  - LAP prompts: 8 (generic anomaly templates)
============================================================


[PromptAD] Initializing with use_lap=True
  Epoch 3: Semantic=80.38, Memory=73.06, Fusion=74.00
  Epoch 6: Semantic=88.81, Memory=73.06, Fusion=74.50 *** Best ***
  Epoch 9: Semantic=94.05, Memory=73.06, Fusion=75.87 *** Best ***
  Epoch 12: Semantic=93.11, Memory=73.06, Fusion=77.68 *** Best ***
  Epoch 15: Semantic=94.98, Memory=73.06, Fusion=81.09 *** Best ***
  Epoch 18: Semantic=96.31, Memory=73.06, Fusion=88.00 *** Best ***
  Epoch 21: Semantic=96.53, Memory=73.06, Fusion=90.47 *** Best ***
  Epoch 24: Semantic=97.44, Memory=73.06, Fusion=95.98 *** Best ***
  Epoch 27: Semantic=96.84, Memory=73.06, Fusion=96.17 *** Best ***
  Epoch 30: Semantic=97.89, Memory=73.06, Fusion=97.58 *** Best ***
  Epoch 33: Semantic=98.08, Memory=73.06, Fusion=97.69 *** Best ***
  Epoch 36: Semantic=97.90, Memory=73.06, Fusion=97.69 *** Best ***
  Epoch 39: Semantic=97.53, Memory=73.06, Fusion=97.40
  Epoch 42: Semantic=97.44, Memory=73.06, Fusion=97.27
  Epoch 45: Semantic=97.39, Memory=73.06, Fusion=97.22
  Epoch 48: Semantic=97.39, Memory=73.06, Fusion=97.11
  Epoch 51: Semantic=97.54, Memory=73.06, Fusion=97.40
  Epoch 54: Semantic=97.54, Memory=73.06, Fusion=97.48
  Epoch 57: Semantic=97.36, Memory=73.06, Fusion=97.32
  Epoch 60: Semantic=97.30, Memory=73.06, Fusion=97.22
  Epoch 63: Semantic=97.30, Memory=73.06, Fusion=97.27
  Epoch 66: Semantic=97.33, Memory=73.06, Fusion=97.30
  Epoch 69: Semantic=97.28, Memory=73.06, Fusion=97.22
  Epoch 72: Semantic=97.27, Memory=73.06, Fusion=97.24
  Epoch 75: Semantic=97.22, Memory=73.06, Fusion=97.24
  Epoch 78: Semantic=97.20, Memory=73.06, Fusion=97.24
  Epoch 81: Semantic=97.20, Memory=73.06, Fusion=97.22
  Epoch 84: Semantic=97.19, Memory=73.06, Fusion=97.16
  Epoch 87: Semantic=97.20, Memory=73.06, Fusion=97.22
  Epoch 90: Semantic=97.20, Memory=73.06, Fusion=97.22
  Epoch 93: Semantic=97.20, Memory=73.06, Fusion=97.19
  Epoch 96: Semantic=97.20, Memory=73.06, Fusion=97.22
  Epoch 99: Semantic=97.20, Memory=73.06, Fusion=97.16
  Epoch 100: Semantic=97.18, Memory=73.06, Fusion=97.14
Object:zipper =========================== Fusion-AUROC:97.69, Semantic:97.9, Memory:73.06


============================================================
[Prompt Configuration] Class: capsules
  - Mode: MAP+LAP (Baseline)
  - MAP prompts: 7
  - LAP prompts: 8 (generic anomaly templates)
============================================================


[PromptAD] Initializing with use_lap=True
  Epoch 3: Semantic=57.22, Memory=76.41, Fusion=76.29
  Epoch 6: Semantic=53.95, Memory=76.41, Fusion=76.22
  Epoch 9: Semantic=60.87, Memory=76.41, Fusion=76.23
  Epoch 12: Semantic=66.19, Memory=76.41, Fusion=76.42 *** Best ***
  Epoch 15: Semantic=54.32, Memory=76.41, Fusion=75.86
  Epoch 18: Semantic=52.47, Memory=76.41, Fusion=74.28
  Epoch 21: Semantic=53.32, Memory=76.41, Fusion=73.18
  Epoch 24: Semantic=52.56, Memory=76.41, Fusion=71.22
  Epoch 27: Semantic=49.30, Memory=76.41, Fusion=66.92
  Epoch 30: Semantic=46.49, Memory=76.41, Fusion=60.24
  Epoch 33: Semantic=45.42, Memory=76.41, Fusion=55.67
  Epoch 36: Semantic=45.86, Memory=76.41, Fusion=53.48
  Epoch 39: Semantic=48.28, Memory=76.41, Fusion=54.05
  Epoch 42: Semantic=49.37, Memory=76.41, Fusion=53.86
  Epoch 45: Semantic=52.96, Memory=76.41, Fusion=56.39
  Epoch 48: Semantic=54.20, Memory=76.41, Fusion=57.08
  Epoch 51: Semantic=55.65, Memory=76.41, Fusion=58.03
  Epoch 54: Semantic=56.80, Memory=76.41, Fusion=58.72
  Epoch 57: Semantic=57.33, Memory=76.41, Fusion=58.99
  Epoch 60: Semantic=57.69, Memory=76.41, Fusion=59.19
  Epoch 63: Semantic=58.51, Memory=76.41, Fusion=60.00
  Epoch 66: Semantic=58.57, Memory=76.41, Fusion=59.88
  Epoch 69: Semantic=59.06, Memory=76.41, Fusion=60.34
  Epoch 72: Semantic=59.50, Memory=76.41, Fusion=60.70
  Epoch 75: Semantic=59.70, Memory=76.41, Fusion=60.90
  Epoch 78: Semantic=59.83, Memory=76.41, Fusion=60.95
  Epoch 81: Semantic=59.91, Memory=76.41, Fusion=61.00
  Epoch 84: Semantic=60.07, Memory=76.41, Fusion=61.15
  Epoch 87: Semantic=60.13, Memory=76.41, Fusion=61.22
  Epoch 90: Semantic=60.12, Memory=76.41, Fusion=61.14
  Epoch 93: Semantic=60.19, Memory=76.41, Fusion=61.21
  Epoch 96: Semantic=60.14, Memory=76.41, Fusion=61.15
  Epoch 99: Semantic=60.09, Memory=76.41, Fusion=61.17
  Epoch 100: Semantic=60.17, Memory=76.41, Fusion=61.17
Object:capsules =========================== Fusion-AUROC:76.42, Semantic:66.19, Memory:76.41


============================================================
[Prompt Configuration] Class: candle
  - Mode: MAP+LAP (Baseline)
  - MAP prompts: 9
  - LAP prompts: 8 (generic anomaly templates)
============================================================


[PromptAD] Initializing with use_lap=True
  Epoch 3: Semantic=95.14, Memory=84.33, Fusion=84.70
  Epoch 6: Semantic=93.25, Memory=84.33, Fusion=84.73 *** Best ***
  Epoch 9: Semantic=95.44, Memory=84.33, Fusion=85.07 *** Best ***
  Epoch 12: Semantic=95.62, Memory=84.33, Fusion=85.45 *** Best ***
  Epoch 15: Semantic=95.43, Memory=84.33, Fusion=85.70 *** Best ***
  Epoch 18: Semantic=95.37, Memory=84.33, Fusion=86.37 *** Best ***
  Epoch 21: Semantic=95.33, Memory=84.33, Fusion=87.44 *** Best ***
  Epoch 24: Semantic=95.71, Memory=84.33, Fusion=88.28 *** Best ***
  Epoch 27: Semantic=94.62, Memory=84.33, Fusion=89.79 *** Best ***
  Epoch 30: Semantic=95.34, Memory=84.33, Fusion=91.39 *** Best ***
  Epoch 33: Semantic=95.47, Memory=84.33, Fusion=92.87 *** Best ***
  Epoch 36: Semantic=95.29, Memory=84.33, Fusion=93.79 *** Best ***
  Epoch 39: Semantic=94.95, Memory=84.33, Fusion=94.18 *** Best ***
  Epoch 42: Semantic=95.16, Memory=84.33, Fusion=94.74 *** Best ***
  Epoch 45: Semantic=94.73, Memory=84.33, Fusion=94.71
  Epoch 48: Semantic=94.91, Memory=84.33, Fusion=94.96 *** Best ***
  Epoch 51: Semantic=94.24, Memory=84.33, Fusion=94.51
  Epoch 54: Semantic=94.17, Memory=84.33, Fusion=94.46
  Epoch 57: Semantic=94.09, Memory=84.33, Fusion=94.42
  Epoch 60: Semantic=93.80, Memory=84.33, Fusion=94.19
  Epoch 63: Semantic=93.82, Memory=84.33, Fusion=94.17
  Epoch 66: Semantic=93.45, Memory=84.33, Fusion=93.86
  Epoch 69: Semantic=93.36, Memory=84.33, Fusion=93.78
  Epoch 72: Semantic=93.41, Memory=84.33, Fusion=93.81
  Epoch 75: Semantic=93.23, Memory=84.33, Fusion=93.65
  Epoch 78: Semantic=93.25, Memory=84.33, Fusion=93.65
  Epoch 81: Semantic=93.27, Memory=84.33, Fusion=93.67
  Epoch 84: Semantic=93.20, Memory=84.33, Fusion=93.60
  Epoch 87: Semantic=93.17, Memory=84.33, Fusion=93.56
  Epoch 90: Semantic=93.17, Memory=84.33, Fusion=93.56
  Epoch 93: Semantic=93.14, Memory=84.33, Fusion=93.55
  Epoch 96: Semantic=93.17, Memory=84.33, Fusion=93.56
  Epoch 99: Semantic=93.16, Memory=84.33, Fusion=93.56
  Epoch 100: Semantic=93.17, Memory=84.33, Fusion=93.56
Object:candle =========================== Fusion-AUROC:94.96, Semantic:94.91, Memory:84.33


============================================================
[Prompt Configuration] Class: cashew
  - Mode: MAP+LAP (Baseline)
  - MAP prompts: 7
  - LAP prompts: 8 (generic anomaly templates)
============================================================


[PromptAD] Initializing with use_lap=True
  Epoch 3: Semantic=90.66, Memory=84.33, Fusion=85.05
  Epoch 6: Semantic=90.09, Memory=84.33, Fusion=85.17 *** Best ***
  Epoch 9: Semantic=89.23, Memory=84.33, Fusion=85.51 *** Best ***
  Epoch 12: Semantic=84.50, Memory=84.33, Fusion=85.42
  Epoch 15: Semantic=83.44, Memory=84.33, Fusion=85.61 *** Best ***
  Epoch 18: Semantic=83.99, Memory=84.33, Fusion=86.26 *** Best ***
  Epoch 21: Semantic=84.17, Memory=84.33, Fusion=86.94 *** Best ***
  Epoch 24: Semantic=83.94, Memory=84.33, Fusion=87.37 *** Best ***
  Epoch 27: Semantic=84.32, Memory=84.33, Fusion=87.74 *** Best ***
  Epoch 30: Semantic=83.47, Memory=84.33, Fusion=86.97
  Epoch 33: Semantic=83.24, Memory=84.33, Fusion=86.40
  Epoch 36: Semantic=82.78, Memory=84.33, Fusion=85.60
  Epoch 39: Semantic=83.71, Memory=84.33, Fusion=85.83
  Epoch 42: Semantic=84.01, Memory=84.33, Fusion=85.85
  Epoch 45: Semantic=83.65, Memory=84.33, Fusion=85.23
  Epoch 48: Semantic=83.55, Memory=84.33, Fusion=84.86
  Epoch 51: Semantic=83.51, Memory=84.33, Fusion=84.64
  Epoch 54: Semantic=83.57, Memory=84.33, Fusion=84.53
  Epoch 57: Semantic=83.52, Memory=84.33, Fusion=84.30
  Epoch 60: Semantic=83.56, Memory=84.33, Fusion=84.33
  Epoch 63: Semantic=83.65, Memory=84.33, Fusion=84.31
  Epoch 66: Semantic=83.69, Memory=84.33, Fusion=84.32
  Epoch 69: Semantic=83.58, Memory=84.33, Fusion=84.21
  Epoch 72: Semantic=83.56, Memory=84.33, Fusion=84.17
  Epoch 75: Semantic=83.61, Memory=84.33, Fusion=84.16
  Epoch 78: Semantic=83.66, Memory=84.33, Fusion=84.11
  Epoch 81: Semantic=83.71, Memory=84.33, Fusion=84.16
  Epoch 84: Semantic=83.72, Memory=84.33, Fusion=84.14
  Epoch 87: Semantic=83.71, Memory=84.33, Fusion=84.16
  Epoch 90: Semantic=83.77, Memory=84.33, Fusion=84.21
  Epoch 93: Semantic=83.69, Memory=84.33, Fusion=84.16
  Epoch 96: Semantic=83.71, Memory=84.33, Fusion=84.15
  Epoch 99: Semantic=83.69, Memory=84.33, Fusion=84.14
  Epoch 100: Semantic=83.75, Memory=84.33, Fusion=84.18
Object:cashew =========================== Fusion-AUROC:87.74, Semantic:84.32, Memory:84.33


============================================================
[Prompt Configuration] Class: chewing gum
  - Mode: MAP+LAP (Baseline)
  - MAP prompts: 7
  - LAP prompts: 8 (generic anomaly templates)
============================================================


[PromptAD] Initializing with use_lap=True
  Epoch 3: Semantic=96.00, Memory=95.13, Fusion=95.29
  Epoch 6: Semantic=95.38, Memory=95.13, Fusion=95.38 *** Best ***
  Epoch 9: Semantic=95.15, Memory=95.13, Fusion=95.59 *** Best ***
  Epoch 12: Semantic=94.36, Memory=95.13, Fusion=95.84 *** Best ***
  Epoch 15: Semantic=93.78, Memory=95.13, Fusion=96.20 *** Best ***
  Epoch 18: Semantic=93.30, Memory=95.13, Fusion=96.25 *** Best ***
  Epoch 21: Semantic=92.83, Memory=95.13, Fusion=95.93
  Epoch 24: Semantic=92.49, Memory=95.13, Fusion=95.17
  Epoch 27: Semantic=92.67, Memory=95.13, Fusion=94.63
  Epoch 30: Semantic=92.55, Memory=95.13, Fusion=94.05
  Epoch 33: Semantic=92.72, Memory=95.13, Fusion=93.88
  Epoch 36: Semantic=92.66, Memory=95.13, Fusion=93.63
  Epoch 39: Semantic=92.39, Memory=95.13, Fusion=93.20
  Epoch 42: Semantic=92.33, Memory=95.13, Fusion=93.05
  Epoch 45: Semantic=92.16, Memory=95.13, Fusion=92.78
  Epoch 48: Semantic=92.15, Memory=95.13, Fusion=92.65
  Epoch 51: Semantic=92.05, Memory=95.13, Fusion=92.51
  Epoch 54: Semantic=91.99, Memory=95.13, Fusion=92.44
  Epoch 57: Semantic=91.81, Memory=95.13, Fusion=92.24
  Epoch 60: Semantic=91.71, Memory=95.13, Fusion=92.13
  Epoch 63: Semantic=91.65, Memory=95.13, Fusion=92.04
  Epoch 66: Semantic=91.55, Memory=95.13, Fusion=91.94
  Epoch 69: Semantic=91.51, Memory=95.13, Fusion=91.84
  Epoch 72: Semantic=91.50, Memory=95.13, Fusion=91.79
  Epoch 75: Semantic=91.41, Memory=95.13, Fusion=91.73
  Epoch 78: Semantic=91.39, Memory=95.13, Fusion=91.71
  Epoch 81: Semantic=91.37, Memory=95.13, Fusion=91.68
  Epoch 84: Semantic=91.36, Memory=95.13, Fusion=91.63
  Epoch 87: Semantic=91.35, Memory=95.13, Fusion=91.64
  Epoch 90: Semantic=91.36, Memory=95.13, Fusion=91.65
  Epoch 93: Semantic=91.33, Memory=95.13, Fusion=91.63
  Epoch 96: Semantic=91.32, Memory=95.13, Fusion=91.63
  Epoch 99: Semantic=91.34, Memory=95.13, Fusion=91.65
  Epoch 100: Semantic=91.35, Memory=95.13, Fusion=91.65
Object:chewinggum =========================== Fusion-AUROC:96.25, Semantic:93.3, Memory:95.13


============================================================
[Prompt Configuration] Class: fryum
  - Mode: MAP+LAP (Baseline)
  - MAP prompts: 8
  - LAP prompts: 8 (generic anomaly templates)
============================================================


[PromptAD] Initializing with use_lap=True
  Epoch 3: Semantic=74.57, Memory=86.10, Fusion=86.25
  Epoch 6: Semantic=77.25, Memory=86.10, Fusion=86.41 *** Best ***
  Epoch 9: Semantic=76.36, Memory=86.10, Fusion=86.71 *** Best ***
  Epoch 12: Semantic=77.32, Memory=86.10, Fusion=86.92 *** Best ***
  Epoch 15: Semantic=78.99, Memory=86.10, Fusion=86.81
  Epoch 18: Semantic=80.97, Memory=86.10, Fusion=86.37
  Epoch 21: Semantic=82.39, Memory=86.10, Fusion=86.26
  Epoch 24: Semantic=81.49, Memory=86.10, Fusion=84.92
  Epoch 27: Semantic=82.31, Memory=86.10, Fusion=84.95
  Epoch 30: Semantic=82.89, Memory=86.10, Fusion=85.05
  Epoch 33: Semantic=83.99, Memory=86.10, Fusion=85.61
  Epoch 36: Semantic=83.73, Memory=86.10, Fusion=85.17
  Epoch 39: Semantic=83.15, Memory=86.10, Fusion=84.44
  Epoch 42: Semantic=83.69, Memory=86.10, Fusion=84.77
  Epoch 45: Semantic=83.64, Memory=86.10, Fusion=84.54
  Epoch 48: Semantic=83.44, Memory=86.10, Fusion=84.37
  Epoch 51: Semantic=83.87, Memory=86.10, Fusion=84.69
  Epoch 54: Semantic=83.95, Memory=86.10, Fusion=84.72
  Epoch 57: Semantic=84.29, Memory=86.10, Fusion=84.97
  Epoch 60: Semantic=84.26, Memory=86.10, Fusion=84.91
  Epoch 63: Semantic=84.47, Memory=86.10, Fusion=85.10
  Epoch 66: Semantic=84.48, Memory=86.10, Fusion=85.10
  Epoch 69: Semantic=84.54, Memory=86.10, Fusion=85.12
  Epoch 72: Semantic=84.46, Memory=86.10, Fusion=85.05
  Epoch 75: Semantic=84.42, Memory=86.10, Fusion=84.99
  Epoch 78: Semantic=84.54, Memory=86.10, Fusion=85.08
  Epoch 81: Semantic=84.56, Memory=86.10, Fusion=85.11
  Epoch 84: Semantic=84.50, Memory=86.10, Fusion=85.06
  Epoch 87: Semantic=84.54, Memory=86.10, Fusion=85.09
  Epoch 90: Semantic=84.53, Memory=86.10, Fusion=85.09
  Epoch 93: Semantic=84.53, Memory=86.10, Fusion=85.08
  Epoch 96: Semantic=84.52, Memory=86.10, Fusion=85.07
  Epoch 99: Semantic=84.56, Memory=86.10, Fusion=85.08
  Epoch 100: Semantic=84.54, Memory=86.10, Fusion=85.09
Object:fryum =========================== Fusion-AUROC:86.92, Semantic:77.32, Memory:86.1


============================================================
[Prompt Configuration] Class: macaroni
  - Mode: MAP+LAP (Baseline)
  - MAP prompts: 7
  - LAP prompts: 8 (generic anomaly templates)
============================================================


[PromptAD] Initializing with use_lap=True
  Epoch 3: Semantic=80.76, Memory=81.28, Fusion=81.63
  Epoch 6: Semantic=76.01, Memory=81.28, Fusion=81.61
  Epoch 9: Semantic=80.18, Memory=81.28, Fusion=81.87 *** Best ***
  Epoch 12: Semantic=81.72, Memory=81.28, Fusion=82.24 *** Best ***
  Epoch 15: Semantic=82.37, Memory=81.28, Fusion=82.91 *** Best ***
  Epoch 18: Semantic=83.75, Memory=81.28, Fusion=84.82 *** Best ***
  Epoch 21: Semantic=85.69, Memory=81.28, Fusion=87.20 *** Best ***
  Epoch 24: Semantic=85.82, Memory=81.28, Fusion=88.54 *** Best ***
  Epoch 27: Semantic=85.75, Memory=81.28, Fusion=88.78 *** Best ***
  Epoch 30: Semantic=85.24, Memory=81.28, Fusion=88.38
  Epoch 33: Semantic=85.60, Memory=81.28, Fusion=88.15
  Epoch 36: Semantic=85.21, Memory=81.28, Fusion=87.50
  Epoch 39: Semantic=85.08, Memory=81.28, Fusion=87.08
  Epoch 42: Semantic=84.79, Memory=81.28, Fusion=86.55
  Epoch 45: Semantic=84.49, Memory=81.28, Fusion=86.10
  Epoch 48: Semantic=83.87, Memory=81.28, Fusion=85.31
  Epoch 51: Semantic=83.62, Memory=81.28, Fusion=84.97
  Epoch 54: Semantic=83.44, Memory=81.28, Fusion=84.63
  Epoch 57: Semantic=83.24, Memory=81.28, Fusion=84.36
  Epoch 60: Semantic=83.14, Memory=81.28, Fusion=84.21
  Epoch 63: Semantic=83.09, Memory=81.28, Fusion=84.09
  Epoch 66: Semantic=82.95, Memory=81.28, Fusion=83.84
  Epoch 69: Semantic=83.02, Memory=81.28, Fusion=83.91
  Epoch 72: Semantic=83.03, Memory=81.28, Fusion=83.87
  Epoch 75: Semantic=83.09, Memory=81.28, Fusion=83.88
  Epoch 78: Semantic=83.06, Memory=81.28, Fusion=83.85
  Epoch 81: Semantic=83.11, Memory=81.28, Fusion=83.88
  Epoch 84: Semantic=83.08, Memory=81.28, Fusion=83.86
  Epoch 87: Semantic=83.14, Memory=81.28, Fusion=83.86
  Epoch 90: Semantic=83.14, Memory=81.28, Fusion=83.89
  Epoch 93: Semantic=83.07, Memory=81.28, Fusion=83.83
  Epoch 96: Semantic=83.15, Memory=81.28, Fusion=83.91
  Epoch 99: Semantic=83.14, Memory=81.28, Fusion=83.90
  Epoch 100: Semantic=83.13, Memory=81.28, Fusion=83.85
Object:macaroni1 =========================== Fusion-AUROC:88.78, Semantic:85.75, Memory:81.28


============================================================
[Prompt Configuration] Class: macaroni
  - Mode: MAP+LAP (Baseline)
  - MAP prompts: 7
  - LAP prompts: 8 (generic anomaly templates)
============================================================


[PromptAD] Initializing with use_lap=True
  Epoch 3: Semantic=67.51, Memory=77.49, Fusion=77.86
  Epoch 6: Semantic=68.26, Memory=77.49, Fusion=77.97 *** Best ***
  Epoch 9: Semantic=69.23, Memory=77.49, Fusion=78.17 *** Best ***
  Epoch 12: Semantic=68.25, Memory=77.49, Fusion=78.27 *** Best ***
  Epoch 15: Semantic=66.20, Memory=77.49, Fusion=78.09
  Epoch 18: Semantic=67.58, Memory=77.49, Fusion=78.05
  Epoch 21: Semantic=67.13, Memory=77.49, Fusion=77.32
  Epoch 24: Semantic=67.96, Memory=77.49, Fusion=75.71
  Epoch 27: Semantic=69.52, Memory=77.49, Fusion=74.68
  Epoch 30: Semantic=68.79, Memory=77.49, Fusion=72.93
  Epoch 33: Semantic=67.49, Memory=77.49, Fusion=70.60
  Epoch 36: Semantic=66.40, Memory=77.49, Fusion=68.86
  Epoch 39: Semantic=66.55, Memory=77.49, Fusion=68.39
  Epoch 42: Semantic=66.21, Memory=77.49, Fusion=67.76
  Epoch 45: Semantic=65.50, Memory=77.49, Fusion=66.85
  Epoch 48: Semantic=65.94, Memory=77.49, Fusion=67.08
  Epoch 51: Semantic=65.59, Memory=77.49, Fusion=66.58
  Epoch 54: Semantic=65.72, Memory=77.49, Fusion=66.60
  Epoch 57: Semantic=65.62, Memory=77.49, Fusion=66.48
  Epoch 60: Semantic=65.66, Memory=77.49, Fusion=66.50
  Epoch 63: Semantic=65.65, Memory=77.49, Fusion=66.41
  Epoch 66: Semantic=65.60, Memory=77.49, Fusion=66.27
  Epoch 69: Semantic=65.64, Memory=77.49, Fusion=66.31
  Epoch 72: Semantic=65.65, Memory=77.49, Fusion=66.31
  Epoch 75: Semantic=65.70, Memory=77.49, Fusion=66.31
  Epoch 78: Semantic=65.69, Memory=77.49, Fusion=66.28
  Epoch 81: Semantic=65.76, Memory=77.49, Fusion=66.33
  Epoch 84: Semantic=65.71, Memory=77.49, Fusion=66.29
  Epoch 87: Semantic=65.74, Memory=77.49, Fusion=66.30
  Epoch 90: Semantic=65.71, Memory=77.49, Fusion=66.32
  Epoch 93: Semantic=65.69, Memory=77.49, Fusion=66.24
  Epoch 96: Semantic=65.68, Memory=77.49, Fusion=66.26
  Epoch 99: Semantic=65.68, Memory=77.49, Fusion=66.27
  Epoch 100: Semantic=65.68, Memory=77.49, Fusion=66.25
Object:macaroni2 =========================== Fusion-AUROC:78.27, Semantic:68.25, Memory:77.49


============================================================
[Prompt Configuration] Class: printed circuit board
  - Mode: MAP+LAP (Baseline)
  - MAP prompts: 6
  - LAP prompts: 8 (generic anomaly templates)
============================================================


[PromptAD] Initializing with use_lap=True
  Epoch 3: Semantic=50.84, Memory=93.13, Fusion=93.11
  Epoch 6: Semantic=76.47, Memory=93.13, Fusion=93.18 *** Best ***
  Epoch 9: Semantic=84.13, Memory=93.13, Fusion=93.25 *** Best ***
  Epoch 12: Semantic=85.72, Memory=93.13, Fusion=93.31 *** Best ***
  Epoch 15: Semantic=87.92, Memory=93.13, Fusion=93.48 *** Best ***
  Epoch 18: Semantic=88.54, Memory=93.13, Fusion=93.68 *** Best ***
  Epoch 21: Semantic=89.47, Memory=93.13, Fusion=94.02 *** Best ***
  Epoch 24: Semantic=89.78, Memory=93.13, Fusion=94.28 *** Best ***
  Epoch 27: Semantic=89.75, Memory=93.13, Fusion=94.26
  Epoch 30: Semantic=89.79, Memory=93.13, Fusion=94.00
  Epoch 33: Semantic=90.13, Memory=93.13, Fusion=93.71
  Epoch 36: Semantic=90.22, Memory=93.13, Fusion=93.12
  Epoch 39: Semantic=90.43, Memory=93.13, Fusion=92.75
  Epoch 42: Semantic=90.80, Memory=93.13, Fusion=92.67
  Epoch 45: Semantic=90.91, Memory=93.13, Fusion=92.47
  Epoch 48: Semantic=90.95, Memory=93.13, Fusion=92.24
  Epoch 51: Semantic=90.95, Memory=93.13, Fusion=92.04
  Epoch 54: Semantic=90.88, Memory=93.13, Fusion=91.86
  Epoch 57: Semantic=90.84, Memory=93.13, Fusion=91.71
  Epoch 60: Semantic=90.82, Memory=93.13, Fusion=91.57
  Epoch 63: Semantic=90.75, Memory=93.13, Fusion=91.48
  Epoch 66: Semantic=90.77, Memory=93.13, Fusion=91.45
  Epoch 69: Semantic=90.72, Memory=93.13, Fusion=91.35
  Epoch 72: Semantic=90.73, Memory=93.13, Fusion=91.34
  Epoch 75: Semantic=90.72, Memory=93.13, Fusion=91.30
  Epoch 78: Semantic=90.69, Memory=93.13, Fusion=91.26
  Epoch 81: Semantic=90.70, Memory=93.13, Fusion=91.25
  Epoch 84: Semantic=90.69, Memory=93.13, Fusion=91.21
  Epoch 87: Semantic=90.69, Memory=93.13, Fusion=91.22
  Epoch 90: Semantic=90.69, Memory=93.13, Fusion=91.20
  Epoch 93: Semantic=90.68, Memory=93.13, Fusion=91.19
  Epoch 96: Semantic=90.69, Memory=93.13, Fusion=91.21
  Epoch 99: Semantic=90.70, Memory=93.13, Fusion=91.21
  Epoch 100: Semantic=90.70, Memory=93.13, Fusion=91.19
Object:pcb1 =========================== Fusion-AUROC:94.28, Semantic:89.78, Memory:93.13


============================================================
[Prompt Configuration] Class: printed circuit board
  - Mode: MAP+LAP (Baseline)
  - MAP prompts: 6
  - LAP prompts: 8 (generic anomaly templates)
============================================================


[PromptAD] Initializing with use_lap=True
  Epoch 3: Semantic=57.58, Memory=74.89, Fusion=74.98
  Epoch 6: Semantic=58.89, Memory=74.89, Fusion=75.05 *** Best ***
  Epoch 9: Semantic=61.29, Memory=74.89, Fusion=75.15 *** Best ***
  Epoch 12: Semantic=61.53, Memory=74.89, Fusion=75.25 *** Best ***
  Epoch 15: Semantic=63.85, Memory=74.89, Fusion=75.36 *** Best ***
  Epoch 18: Semantic=63.27, Memory=74.89, Fusion=75.43 *** Best ***
  Epoch 21: Semantic=61.91, Memory=74.89, Fusion=75.42
  Epoch 24: Semantic=62.96, Memory=74.89, Fusion=75.63 *** Best ***
  Epoch 27: Semantic=64.54, Memory=74.89, Fusion=76.01 *** Best ***
  Epoch 30: Semantic=65.29, Memory=74.89, Fusion=76.42 *** Best ***
  Epoch 33: Semantic=66.10, Memory=74.89, Fusion=76.87 *** Best ***
  Epoch 36: Semantic=65.92, Memory=74.89, Fusion=77.01 *** Best ***
  Epoch 39: Semantic=67.89, Memory=74.89, Fusion=77.80 *** Best ***
  Epoch 42: Semantic=68.37, Memory=74.89, Fusion=77.90 *** Best ***
  Epoch 45: Semantic=69.21, Memory=74.89, Fusion=78.00 *** Best ***
  Epoch 48: Semantic=70.11, Memory=74.89, Fusion=78.06 *** Best ***
  Epoch 51: Semantic=70.79, Memory=74.89, Fusion=77.99
  Epoch 54: Semantic=71.39, Memory=74.89, Fusion=77.87
  Epoch 57: Semantic=72.10, Memory=74.89, Fusion=77.89
  Epoch 60: Semantic=72.92, Memory=74.89, Fusion=78.00
  Epoch 63: Semantic=73.01, Memory=74.89, Fusion=77.53
  Epoch 66: Semantic=73.14, Memory=74.89, Fusion=77.18
  Epoch 69: Semantic=73.33, Memory=74.89, Fusion=76.98
  Epoch 72: Semantic=73.52, Memory=74.89, Fusion=76.88
  Epoch 75: Semantic=73.73, Memory=74.89, Fusion=76.88
  Epoch 78: Semantic=73.75, Memory=74.89, Fusion=76.73
  Epoch 81: Semantic=73.83, Memory=74.89, Fusion=76.67
  Epoch 84: Semantic=74.03, Memory=74.89, Fusion=76.78
  Epoch 87: Semantic=73.97, Memory=74.89, Fusion=76.69
  Epoch 90: Semantic=73.97, Memory=74.89, Fusion=76.63
  Epoch 93: Semantic=73.99, Memory=74.89, Fusion=76.62
  Epoch 96: Semantic=73.98, Memory=74.89, Fusion=76.58
  Epoch 99: Semantic=73.94, Memory=74.89, Fusion=76.57
  Epoch 100: Semantic=74.05, Memory=74.89, Fusion=76.67
Object:pcb2 =========================== Fusion-AUROC:78.06, Semantic:70.11, Memory:74.89


============================================================
[Prompt Configuration] Class: printed circuit board
  - Mode: MAP+LAP (Baseline)
  - MAP prompts: 6
  - LAP prompts: 8 (generic anomaly templates)
============================================================


[PromptAD] Initializing with use_lap=True
  Epoch 3: Semantic=70.54, Memory=71.92, Fusion=72.02
  Epoch 6: Semantic=72.50, Memory=71.92, Fusion=72.09 *** Best ***
  Epoch 9: Semantic=71.04, Memory=71.92, Fusion=72.10 *** Best ***
  Epoch 12: Semantic=70.18, Memory=71.92, Fusion=72.11 *** Best ***
  Epoch 15: Semantic=70.11, Memory=71.92, Fusion=72.20 *** Best ***
  Epoch 18: Semantic=72.06, Memory=71.92, Fusion=72.37 *** Best ***
  Epoch 21: Semantic=71.87, Memory=71.92, Fusion=72.55 *** Best ***
  Epoch 24: Semantic=71.76, Memory=71.92, Fusion=72.81 *** Best ***
  Epoch 27: Semantic=72.00, Memory=71.92, Fusion=73.10 *** Best ***
  Epoch 30: Semantic=71.73, Memory=71.92, Fusion=73.42 *** Best ***
  Epoch 33: Semantic=71.98, Memory=71.92, Fusion=73.88 *** Best ***
  Epoch 36: Semantic=72.28, Memory=71.92, Fusion=74.31 *** Best ***
  Epoch 39: Semantic=72.19, Memory=71.92, Fusion=74.71 *** Best ***
  Epoch 42: Semantic=71.93, Memory=71.92, Fusion=75.08 *** Best ***
  Epoch 45: Semantic=71.47, Memory=71.92, Fusion=75.12 *** Best ***
  Epoch 48: Semantic=71.27, Memory=71.92, Fusion=74.97
  Epoch 51: Semantic=71.13, Memory=71.92, Fusion=74.65
  Epoch 54: Semantic=70.90, Memory=71.92, Fusion=74.29
  Epoch 57: Semantic=70.93, Memory=71.92, Fusion=74.12
  Epoch 60: Semantic=70.79, Memory=71.92, Fusion=73.76
  Epoch 63: Semantic=70.51, Memory=71.92, Fusion=73.25
  Epoch 66: Semantic=70.40, Memory=71.92, Fusion=72.92
  Epoch 69: Semantic=70.28, Memory=71.92, Fusion=72.61
  Epoch 72: Semantic=70.30, Memory=71.92, Fusion=72.42
  Epoch 75: Semantic=70.21, Memory=71.92, Fusion=72.28
  Epoch 78: Semantic=70.17, Memory=71.92, Fusion=72.12
  Epoch 81: Semantic=70.20, Memory=71.92, Fusion=72.08
  Epoch 84: Semantic=70.07, Memory=71.92, Fusion=71.90
  Epoch 87: Semantic=70.06, Memory=71.92, Fusion=71.87
  Epoch 90: Semantic=70.07, Memory=71.92, Fusion=71.87
  Epoch 93: Semantic=70.18, Memory=71.92, Fusion=71.94
  Epoch 96: Semantic=70.13, Memory=71.92, Fusion=71.91
  Epoch 99: Semantic=70.08, Memory=71.92, Fusion=71.85
  Epoch 100: Semantic=70.08, Memory=71.92, Fusion=71.84
Object:pcb3 =========================== Fusion-AUROC:75.12, Semantic:71.47, Memory:71.92


============================================================
[Prompt Configuration] Class: printed circuit board
  - Mode: MAP+LAP (Baseline)
  - MAP prompts: 9
  - LAP prompts: 8 (generic anomaly templates)
============================================================


[PromptAD] Initializing with use_lap=True
  Epoch 3: Semantic=85.24, Memory=77.07, Fusion=77.71
  Epoch 6: Semantic=86.88, Memory=77.07, Fusion=78.31 *** Best ***
  Epoch 9: Semantic=85.51, Memory=77.07, Fusion=78.68 *** Best ***
  Epoch 12: Semantic=86.50, Memory=77.07, Fusion=79.46 *** Best ***
  Epoch 15: Semantic=87.59, Memory=77.07, Fusion=79.96 *** Best ***
  Epoch 18: Semantic=85.61, Memory=77.07, Fusion=80.41 *** Best ***
  Epoch 21: Semantic=84.95, Memory=77.07, Fusion=81.45 *** Best ***
  Epoch 24: Semantic=84.76, Memory=77.07, Fusion=82.64 *** Best ***
  Epoch 27: Semantic=83.75, Memory=77.07, Fusion=83.29 *** Best ***
  Epoch 30: Semantic=83.68, Memory=77.07, Fusion=84.61 *** Best ***
  Epoch 33: Semantic=84.16, Memory=77.07, Fusion=85.83 *** Best ***
  Epoch 36: Semantic=83.85, Memory=77.07, Fusion=85.77
  Epoch 39: Semantic=84.92, Memory=77.07, Fusion=86.64 *** Best ***
  Epoch 42: Semantic=84.50, Memory=77.07, Fusion=86.51
  Epoch 45: Semantic=83.84, Memory=77.07, Fusion=85.96
  Epoch 48: Semantic=83.55, Memory=77.07, Fusion=85.61
  Epoch 51: Semantic=82.98, Memory=77.07, Fusion=84.99
  Epoch 54: Semantic=82.84, Memory=77.07, Fusion=84.62
  Epoch 57: Semantic=82.79, Memory=77.07, Fusion=84.34
  Epoch 60: Semantic=82.74, Memory=77.07, Fusion=84.15
  Epoch 63: Semantic=82.84, Memory=77.07, Fusion=84.07
  Epoch 66: Semantic=82.99, Memory=77.07, Fusion=84.13
  Epoch 69: Semantic=83.06, Memory=77.07, Fusion=84.11
  Epoch 72: Semantic=83.13, Memory=77.07, Fusion=84.12
  Epoch 75: Semantic=83.19, Memory=77.07, Fusion=84.10
  Epoch 78: Semantic=83.30, Memory=77.07, Fusion=84.19
  Epoch 81: Semantic=83.41, Memory=77.07, Fusion=84.26
  Epoch 84: Semantic=83.37, Memory=77.07, Fusion=84.21
  Epoch 87: Semantic=83.43, Memory=77.07, Fusion=84.26
  Epoch 90: Semantic=83.49, Memory=77.07, Fusion=84.30
  Epoch 93: Semantic=83.46, Memory=77.07, Fusion=84.27
  Epoch 96: Semantic=83.53, Memory=77.07, Fusion=84.33
  Epoch 99: Semantic=83.54, Memory=77.07, Fusion=84.34
  Epoch 100: Semantic=83.56, Memory=77.07, Fusion=84.33
Object:pcb4 =========================== Fusion-AUROC:86.64, Semantic:84.92, Memory:77.07


============================================================
[Prompt Configuration] Class: pipe fryum
  - Mode: MAP+LAP (Baseline)
  - MAP prompts: 8
  - LAP prompts: 8 (generic anomaly templates)
============================================================


[PromptAD] Initializing with use_lap=True
  Epoch 3: Semantic=72.73, Memory=98.71, Fusion=98.68
  Epoch 6: Semantic=73.74, Memory=98.71, Fusion=98.67
  Epoch 9: Semantic=73.50, Memory=98.71, Fusion=98.61
  Epoch 12: Semantic=69.55, Memory=98.71, Fusion=98.63
  Epoch 15: Semantic=71.22, Memory=98.71, Fusion=98.47
  Epoch 18: Semantic=76.41, Memory=98.71, Fusion=98.49
  Epoch 21: Semantic=79.11, Memory=98.71, Fusion=98.10
  Epoch 24: Semantic=76.09, Memory=98.71, Fusion=96.16
  Epoch 27: Semantic=76.64, Memory=98.71, Fusion=93.60
  Epoch 30: Semantic=78.96, Memory=98.71, Fusion=91.70
  Epoch 33: Semantic=80.64, Memory=98.71, Fusion=90.57
  Epoch 36: Semantic=82.80, Memory=98.71, Fusion=90.09
  Epoch 39: Semantic=83.19, Memory=98.71, Fusion=89.16
  Epoch 42: Semantic=84.75, Memory=98.71, Fusion=89.59
  Epoch 45: Semantic=85.26, Memory=98.71, Fusion=89.11
  Epoch 48: Semantic=84.66, Memory=98.71, Fusion=88.16
  Epoch 51: Semantic=84.95, Memory=98.71, Fusion=87.96
  Epoch 54: Semantic=85.19, Memory=98.71, Fusion=87.78
  Epoch 57: Semantic=85.24, Memory=98.71, Fusion=87.63
  Epoch 60: Semantic=85.76, Memory=98.71, Fusion=87.89
  Epoch 63: Semantic=86.00, Memory=98.71, Fusion=88.04
  Epoch 66: Semantic=85.94, Memory=98.71, Fusion=87.84
  Epoch 69: Semantic=86.03, Memory=98.71, Fusion=87.89
  Epoch 72: Semantic=86.04, Memory=98.71, Fusion=87.77
  Epoch 75: Semantic=86.16, Memory=98.71, Fusion=87.88
  Epoch 78: Semantic=86.09, Memory=98.71, Fusion=87.77
  Epoch 81: Semantic=86.12, Memory=98.71, Fusion=87.80
  Epoch 84: Semantic=86.06, Memory=98.71, Fusion=87.70
  Epoch 87: Semantic=86.04, Memory=98.71, Fusion=87.63
  Epoch 90: Semantic=86.06, Memory=98.71, Fusion=87.65
  Epoch 93: Semantic=86.07, Memory=98.71, Fusion=87.66
  Epoch 96: Semantic=86.09, Memory=98.71, Fusion=87.67
  Epoch 99: Semantic=86.08, Memory=98.71, Fusion=87.68
  Epoch 100: Semantic=86.08, Memory=98.71, Fusion=87.68
Object:pipe_fryum =========================== Fusion-AUROC:98.68, Semantic:72.73, Memory:98.71


============================================================
[Prompt Configuration] Class: grid
  - Mode: MAP+LAP (Baseline)
  - MAP prompts: 8
  - LAP prompts: 8 (generic anomaly templates)
============================================================


[PromptAD] Initializing with use_lap=True
  Epoch 3: Semantic=98.91, Memory=95.49, Fusion=96.24
  Epoch 6: Semantic=99.16, Memory=95.49, Fusion=96.49 *** Best ***
  Epoch 9: Semantic=99.25, Memory=95.49, Fusion=96.99 *** Best ***
  Epoch 12: Semantic=98.25, Memory=95.49, Fusion=97.33 *** Best ***
  Epoch 15: Semantic=98.25, Memory=95.49, Fusion=97.74 *** Best ***
  Epoch 18: Semantic=97.08, Memory=95.49, Fusion=97.33
  Epoch 21: Semantic=96.41, Memory=95.49, Fusion=97.33
  Epoch 24: Semantic=95.66, Memory=95.49, Fusion=96.41
  Epoch 27: Semantic=95.74, Memory=95.49, Fusion=96.16
  Epoch 30: Semantic=95.24, Memory=95.49, Fusion=95.74
  Epoch 33: Semantic=94.49, Memory=95.49, Fusion=95.15
  Epoch 36: Semantic=93.82, Memory=95.49, Fusion=94.82
  Epoch 39: Semantic=93.23, Memory=95.49, Fusion=94.07
  Epoch 42: Semantic=93.61, Memory=95.49, Fusion=94.15
  Epoch 45: Semantic=93.07, Memory=95.49, Fusion=93.65
  Epoch 48: Semantic=93.40, Memory=95.49, Fusion=93.48
  Epoch 51: Semantic=93.07, Memory=95.49, Fusion=93.40
  Epoch 54: Semantic=91.94, Memory=95.49, Fusion=92.48
  Epoch 57: Semantic=91.81, Memory=95.49, Fusion=92.40
  Epoch 60: Semantic=91.73, Memory=95.49, Fusion=91.98
  Epoch 63: Semantic=92.15, Memory=95.49, Fusion=92.40
  Epoch 66: Semantic=92.52, Memory=95.49, Fusion=92.73
  Epoch 69: Semantic=92.40, Memory=95.49, Fusion=92.65
  Epoch 72: Semantic=92.31, Memory=95.49, Fusion=92.56
  Epoch 75: Semantic=92.44, Memory=95.49, Fusion=92.82
  Epoch 78: Semantic=92.40, Memory=95.49, Fusion=92.56
  Epoch 81: Semantic=92.40, Memory=95.49, Fusion=92.48
  Epoch 84: Semantic=92.23, Memory=95.49, Fusion=92.31
  Epoch 87: Semantic=92.06, Memory=95.49, Fusion=92.23
  Epoch 90: Semantic=92.06, Memory=95.49, Fusion=92.23
  Epoch 93: Semantic=92.06, Memory=95.49, Fusion=92.23
  Epoch 96: Semantic=91.98, Memory=95.49, Fusion=92.23
  Epoch 99: Semantic=92.02, Memory=95.49, Fusion=92.23
  Epoch 100: Semantic=92.06, Memory=95.49, Fusion=92.23
Object:grid =========================== Fusion-AUROC:97.74, Semantic:98.25, Memory:95.49


============================================================
[Prompt Configuration] Class: carpet
  - Mode: MAP+LAP (Baseline)
  - MAP prompts: 8
  - LAP prompts: 8 (generic anomaly templates)
============================================================


[PromptAD] Initializing with use_lap=True
  Epoch 3: Semantic=99.84, Memory=99.88, Fusion=99.88
  Epoch 6: Semantic=99.92, Memory=99.88, Fusion=99.88
  Epoch 9: Semantic=99.98, Memory=99.88, Fusion=99.96 *** Best ***
  Epoch 12: Semantic=99.96, Memory=99.88, Fusion=100.00 *** Best ***
  Epoch 15: Semantic=99.96, Memory=99.88, Fusion=100.00
  Epoch 18: Semantic=99.92, Memory=99.88, Fusion=100.00
  Epoch 21: Semantic=99.96, Memory=99.88, Fusion=100.00
  Epoch 24: Semantic=99.88, Memory=99.88, Fusion=99.96
  Epoch 27: Semantic=99.96, Memory=99.88, Fusion=99.96
  Epoch 30: Semantic=99.88, Memory=99.88, Fusion=99.96
  Epoch 33: Semantic=99.88, Memory=99.88, Fusion=99.92
  Epoch 36: Semantic=99.88, Memory=99.88, Fusion=99.92
  Epoch 39: Semantic=99.88, Memory=99.88, Fusion=99.92
  Epoch 42: Semantic=99.88, Memory=99.88, Fusion=99.88
  Epoch 45: Semantic=99.88, Memory=99.88, Fusion=99.88
  Epoch 48: Semantic=99.88, Memory=99.88, Fusion=99.88
  Epoch 51: Semantic=99.88, Memory=99.88, Fusion=99.88
  Epoch 54: Semantic=99.88, Memory=99.88, Fusion=99.88
  Epoch 57: Semantic=99.88, Memory=99.88, Fusion=99.88
  Epoch 60: Semantic=99.88, Memory=99.88, Fusion=99.88
  Epoch 63: Semantic=99.88, Memory=99.88, Fusion=99.88
  Epoch 66: Semantic=99.88, Memory=99.88, Fusion=99.88
  Epoch 69: Semantic=99.88, Memory=99.88, Fusion=99.88
  Epoch 72: Semantic=99.88, Memory=99.88, Fusion=99.88
  Epoch 75: Semantic=99.88, Memory=99.88, Fusion=99.88
  Epoch 78: Semantic=99.88, Memory=99.88, Fusion=99.88
  Epoch 81: Semantic=99.88, Memory=99.88, Fusion=99.88
  Epoch 84: Semantic=99.88, Memory=99.88, Fusion=99.88
  Epoch 87: Semantic=99.88, Memory=99.88, Fusion=99.88
  Epoch 90: Semantic=99.88, Memory=99.88, Fusion=99.88
  Epoch 93: Semantic=99.88, Memory=99.88, Fusion=99.88
  Epoch 96: Semantic=99.88, Memory=99.88, Fusion=99.88
  Epoch 99: Semantic=99.88, Memory=99.88, Fusion=99.88
  Epoch 100: Semantic=99.88, Memory=99.88, Fusion=99.88
Object:carpet =========================== Fusion-AUROC:100.0, Semantic:99.96, Memory:99.88


============================================================
[Prompt Configuration] Class: leather
  - Mode: MAP+LAP (Baseline)
  - MAP prompts: 7
  - LAP prompts: 8 (generic anomaly templates)
============================================================


[PromptAD] Initializing with use_lap=True
  Epoch 3: Semantic=100.00, Memory=99.80, Fusion=99.86
  Epoch 6: Semantic=100.00, Memory=99.80, Fusion=99.93 *** Best ***
  Epoch 9: Semantic=100.00, Memory=99.80, Fusion=99.93
  Epoch 12: Semantic=100.00, Memory=99.80, Fusion=99.93
  Epoch 15: Semantic=100.00, Memory=99.80, Fusion=100.00 *** Best ***
  Epoch 18: Semantic=100.00, Memory=99.80, Fusion=100.00
  Epoch 21: Semantic=100.00, Memory=99.80, Fusion=100.00
  Epoch 24: Semantic=100.00, Memory=99.80, Fusion=100.00
  Epoch 27: Semantic=100.00, Memory=99.80, Fusion=100.00
  Epoch 30: Semantic=100.00, Memory=99.80, Fusion=100.00
  Epoch 33: Semantic=100.00, Memory=99.80, Fusion=100.00
  Epoch 36: Semantic=100.00, Memory=99.80, Fusion=100.00
  Epoch 39: Semantic=100.00, Memory=99.80, Fusion=100.00
  Epoch 42: Semantic=100.00, Memory=99.80, Fusion=100.00
  Epoch 45: Semantic=100.00, Memory=99.80, Fusion=100.00
  Epoch 48: Semantic=100.00, Memory=99.80, Fusion=100.00
  Epoch 51: Semantic=100.00, Memory=99.80, Fusion=100.00
  Epoch 54: Semantic=100.00, Memory=99.80, Fusion=100.00
  Epoch 57: Semantic=100.00, Memory=99.80, Fusion=100.00
  Epoch 60: Semantic=100.00, Memory=99.80, Fusion=100.00
  Epoch 63: Semantic=100.00, Memory=99.80, Fusion=100.00
  Epoch 66: Semantic=100.00, Memory=99.80, Fusion=100.00
  Epoch 69: Semantic=100.00, Memory=99.80, Fusion=100.00
  Epoch 72: Semantic=100.00, Memory=99.80, Fusion=100.00
  Epoch 75: Semantic=100.00, Memory=99.80, Fusion=100.00
  Epoch 78: Semantic=100.00, Memory=99.80, Fusion=100.00
  Epoch 81: Semantic=100.00, Memory=99.80, Fusion=100.00
  Epoch 84: Semantic=100.00, Memory=99.80, Fusion=100.00
  Epoch 87: Semantic=100.00, Memory=99.80, Fusion=100.00
  Epoch 90: Semantic=100.00, Memory=99.80, Fusion=100.00
  Epoch 93: Semantic=100.00, Memory=99.80, Fusion=100.00
  Epoch 96: Semantic=100.00, Memory=99.80, Fusion=100.00
  Epoch 99: Semantic=100.00, Memory=99.80, Fusion=100.00
  Epoch 100: Semantic=100.00, Memory=99.80, Fusion=100.00
Object:leather =========================== Fusion-AUROC:100.0, Semantic:100.0, Memory:99.8


============================================================
[Prompt Configuration] Class: tile
  - Mode: MAP+LAP (Baseline)
  - MAP prompts: 7
  - LAP prompts: 8 (generic anomaly templates)
============================================================


[PromptAD] Initializing with use_lap=True
  Epoch 3: Semantic=99.98, Memory=98.56, Fusion=99.03
  Epoch 6: Semantic=100.00, Memory=98.56, Fusion=99.39 *** Best ***
  Epoch 9: Semantic=99.96, Memory=98.56, Fusion=99.64 *** Best ***
  Epoch 12: Semantic=99.96, Memory=98.56, Fusion=99.78 *** Best ***
  Epoch 15: Semantic=99.93, Memory=98.56, Fusion=99.78
  Epoch 18: Semantic=99.93, Memory=98.56, Fusion=99.82 *** Best ***
  Epoch 21: Semantic=99.93, Memory=98.56, Fusion=99.89 *** Best ***
  Epoch 24: Semantic=99.93, Memory=98.56, Fusion=99.93 *** Best ***
  Epoch 27: Semantic=99.93, Memory=98.56, Fusion=99.93
  Epoch 30: Semantic=99.89, Memory=98.56, Fusion=99.93
  Epoch 33: Semantic=99.89, Memory=98.56, Fusion=99.89
  Epoch 36: Semantic=99.89, Memory=98.56, Fusion=99.89
  Epoch 39: Semantic=99.89, Memory=98.56, Fusion=99.89
  Epoch 42: Semantic=99.89, Memory=98.56, Fusion=99.89
  Epoch 45: Semantic=99.89, Memory=98.56, Fusion=99.89
  Epoch 48: Semantic=99.96, Memory=98.56, Fusion=99.93
  Epoch 51: Semantic=99.96, Memory=98.56, Fusion=99.96 *** Best ***
  Epoch 54: Semantic=100.00, Memory=98.56, Fusion=99.96
  Epoch 57: Semantic=100.00, Memory=98.56, Fusion=100.00 *** Best ***
  Epoch 60: Semantic=100.00, Memory=98.56, Fusion=100.00
  Epoch 63: Semantic=100.00, Memory=98.56, Fusion=100.00
  Epoch 66: Semantic=100.00, Memory=98.56, Fusion=100.00
  Epoch 69: Semantic=100.00, Memory=98.56, Fusion=100.00
  Epoch 72: Semantic=100.00, Memory=98.56, Fusion=100.00
  Epoch 75: Semantic=100.00, Memory=98.56, Fusion=100.00
  Epoch 78: Semantic=100.00, Memory=98.56, Fusion=100.00
  Epoch 81: Semantic=100.00, Memory=98.56, Fusion=100.00
  Epoch 84: Semantic=100.00, Memory=98.56, Fusion=100.00
  Epoch 87: Semantic=100.00, Memory=98.56, Fusion=100.00
  Epoch 90: Semantic=100.00, Memory=98.56, Fusion=100.00
  Epoch 93: Semantic=100.00, Memory=98.56, Fusion=100.00
  Epoch 96: Semantic=100.00, Memory=98.56, Fusion=100.00
  Epoch 99: Semantic=100.00, Memory=98.56, Fusion=100.00
  Epoch 100: Semantic=100.00, Memory=98.56, Fusion=100.00
Object:tile =========================== Fusion-AUROC:100.0, Semantic:100.0, Memory:98.56


============================================================
[Prompt Configuration] Class: bottle
  - Mode: MAP+LAP (Baseline)
  - MAP prompts: 5
  - LAP prompts: 8 (generic anomaly templates)
============================================================


[PromptAD] Initializing with use_lap=True
  Epoch 3: Semantic=97.10, Memory=99.76, Fusion=99.84
  Epoch 6: Semantic=94.72, Memory=99.76, Fusion=99.84
  Epoch 9: Semantic=93.10, Memory=99.76, Fusion=99.76
  Epoch 12: Semantic=94.25, Memory=99.76, Fusion=99.84
  Epoch 15: Semantic=94.05, Memory=99.76, Fusion=99.60
  Epoch 18: Semantic=94.40, Memory=99.76, Fusion=99.29
  Epoch 21: Semantic=95.24, Memory=99.76, Fusion=99.13
  Epoch 24: Semantic=96.03, Memory=99.76, Fusion=99.21
  Epoch 27: Semantic=96.90, Memory=99.76, Fusion=99.29
  Epoch 30: Semantic=97.62, Memory=99.76, Fusion=99.37
  Epoch 33: Semantic=98.10, Memory=99.76, Fusion=99.29
  Epoch 36: Semantic=98.17, Memory=99.76, Fusion=99.05
  Epoch 39: Semantic=98.25, Memory=99.76, Fusion=98.97
  Epoch 42: Semantic=98.53, Memory=99.76, Fusion=99.13
  Epoch 45: Semantic=98.65, Memory=99.76, Fusion=99.21
  Epoch 48: Semantic=98.85, Memory=99.76, Fusion=99.29
  Epoch 51: Semantic=98.97, Memory=99.76, Fusion=99.29
  Epoch 54: Semantic=99.05, Memory=99.76, Fusion=99.29
  Epoch 57: Semantic=99.17, Memory=99.76, Fusion=99.44
  Epoch 60: Semantic=99.13, Memory=99.76, Fusion=99.44
  Epoch 63: Semantic=99.29, Memory=99.76, Fusion=99.60
  Epoch 66: Semantic=99.44, Memory=99.76, Fusion=99.68
  Epoch 69: Semantic=99.44, Memory=99.76, Fusion=99.76
  Epoch 72: Semantic=99.33, Memory=99.76, Fusion=99.68
  Epoch 75: Semantic=99.33, Memory=99.76, Fusion=99.76
  Epoch 78: Semantic=99.37, Memory=99.76, Fusion=99.76
  Epoch 81: Semantic=99.37, Memory=99.76, Fusion=99.76
  Epoch 84: Semantic=99.37, Memory=99.76, Fusion=99.60
  Epoch 87: Semantic=99.37, Memory=99.76, Fusion=99.60
  Epoch 90: Semantic=99.37, Memory=99.76, Fusion=99.60
  Epoch 93: Semantic=99.37, Memory=99.76, Fusion=99.76
  Epoch 96: Semantic=99.37, Memory=99.76, Fusion=99.68
  Epoch 99: Semantic=99.37, Memory=99.76, Fusion=99.68
  Epoch 100: Semantic=99.37, Memory=99.76, Fusion=99.76
Object:bottle =========================== Fusion-AUROC:99.84, Semantic:97.1, Memory:99.76


============================================================
[Prompt Configuration] Class: wood
  - Mode: MAP+LAP (Baseline)
  - MAP prompts: 6
  - LAP prompts: 8 (generic anomaly templates)
============================================================


[PromptAD] Initializing with use_lap=True
  Epoch 3: Semantic=97.46, Memory=98.07, Fusion=98.07
  Epoch 6: Semantic=98.99, Memory=98.07, Fusion=98.25 *** Best ***
  Epoch 9: Semantic=98.86, Memory=98.07, Fusion=98.42 *** Best ***
  Epoch 12: Semantic=98.90, Memory=98.07, Fusion=98.60 *** Best ***
  Epoch 15: Semantic=98.16, Memory=98.07, Fusion=98.77 *** Best ***
  Epoch 18: Semantic=98.86, Memory=98.07, Fusion=98.77
  Epoch 21: Semantic=99.34, Memory=98.07, Fusion=98.95 *** Best ***
  Epoch 24: Semantic=99.47, Memory=98.07, Fusion=99.30 *** Best ***
  Epoch 27: Semantic=99.56, Memory=98.07, Fusion=99.30
  Epoch 30: Semantic=99.25, Memory=98.07, Fusion=99.30
  Epoch 33: Semantic=98.60, Memory=98.07, Fusion=99.12
  Epoch 36: Semantic=98.25, Memory=98.07, Fusion=98.68
  Epoch 39: Semantic=98.07, Memory=98.07, Fusion=98.16
  Epoch 42: Semantic=97.72, Memory=98.07, Fusion=97.89
  Epoch 45: Semantic=97.54, Memory=98.07, Fusion=97.63
  Epoch 48: Semantic=97.63, Memory=98.07, Fusion=97.54
  Epoch 51: Semantic=97.46, Memory=98.07, Fusion=97.46
  Epoch 54: Semantic=97.37, Memory=98.07, Fusion=97.46
  Epoch 57: Semantic=97.37, Memory=98.07, Fusion=97.37
  Epoch 60: Semantic=97.37, Memory=98.07, Fusion=97.37
  Epoch 63: Semantic=97.11, Memory=98.07, Fusion=97.37
  Epoch 66: Semantic=97.02, Memory=98.07, Fusion=97.28
  Epoch 69: Semantic=97.02, Memory=98.07, Fusion=97.19
  Epoch 72: Semantic=97.02, Memory=98.07, Fusion=97.19
  Epoch 75: Semantic=96.97, Memory=98.07, Fusion=97.19
  Epoch 78: Semantic=97.02, Memory=98.07, Fusion=97.11
  Epoch 81: Semantic=96.93, Memory=98.07, Fusion=97.02
  Epoch 84: Semantic=97.02, Memory=98.07, Fusion=97.11
  Epoch 87: Semantic=96.93, Memory=98.07, Fusion=97.02
  Epoch 90: Semantic=96.93, Memory=98.07, Fusion=97.02
  Epoch 93: Semantic=96.89, Memory=98.07, Fusion=96.93
  Epoch 96: Semantic=96.93, Memory=98.07, Fusion=97.02
  Epoch 99: Semantic=96.89, Memory=98.07, Fusion=97.02
  Epoch 100: Semantic=96.93, Memory=98.07, Fusion=97.02
Object:wood =========================== Fusion-AUROC:99.3, Semantic:99.47, Memory:98.07


============================================================
[Prompt Configuration] Class: capsule
  - Mode: MAP+LAP (Baseline)
  - MAP prompts: 7
  - LAP prompts: 8 (generic anomaly templates)
============================================================


[PromptAD] Initializing with use_lap=True
  Epoch 3: Semantic=72.56, Memory=61.79, Fusion=62.66
  Epoch 6: Semantic=71.92, Memory=61.79, Fusion=63.26 *** Best ***
  Epoch 9: Semantic=70.54, Memory=61.79, Fusion=63.78 *** Best ***
  Epoch 12: Semantic=69.37, Memory=61.79, Fusion=64.86 *** Best ***
  Epoch 15: Semantic=69.78, Memory=61.79, Fusion=65.94 *** Best ***
  Epoch 18: Semantic=70.84, Memory=61.79, Fusion=67.25 *** Best ***
  Epoch 21: Semantic=70.38, Memory=61.79, Fusion=68.53 *** Best ***
  Epoch 24: Semantic=69.78, Memory=61.79, Fusion=69.33 *** Best ***
  Epoch 27: Semantic=69.68, Memory=61.79, Fusion=69.53 *** Best ***
  Epoch 30: Semantic=70.54, Memory=61.79, Fusion=70.32 *** Best ***
  Epoch 33: Semantic=69.49, Memory=61.79, Fusion=69.80
  Epoch 36: Semantic=68.57, Memory=61.79, Fusion=69.13
  Epoch 39: Semantic=69.09, Memory=61.79, Fusion=69.53
  Epoch 42: Semantic=68.83, Memory=61.79, Fusion=69.13
  Epoch 45: Semantic=68.57, Memory=61.79, Fusion=69.25
  Epoch 48: Semantic=68.41, Memory=61.79, Fusion=68.85
  Epoch 51: Semantic=67.51, Memory=61.79, Fusion=68.25
  Epoch 54: Semantic=67.41, Memory=61.79, Fusion=67.93
  Epoch 57: Semantic=67.51, Memory=61.79, Fusion=67.93
  Epoch 60: Semantic=67.07, Memory=61.79, Fusion=67.61
  Epoch 63: Semantic=67.03, Memory=61.79, Fusion=67.45
  Epoch 66: Semantic=66.95, Memory=61.79, Fusion=67.29
  Epoch 69: Semantic=66.83, Memory=61.79, Fusion=67.13
  Epoch 72: Semantic=66.83, Memory=61.79, Fusion=67.17
  Epoch 75: Semantic=66.79, Memory=61.79, Fusion=67.13
  Epoch 78: Semantic=66.79, Memory=61.79, Fusion=67.13
  Epoch 81: Semantic=66.73, Memory=61.79, Fusion=66.97
  Epoch 84: Semantic=66.69, Memory=61.79, Fusion=67.05
  Epoch 87: Semantic=66.69, Memory=61.79, Fusion=67.01
  Epoch 90: Semantic=66.65, Memory=61.79, Fusion=66.97
  Epoch 93: Semantic=66.57, Memory=61.79, Fusion=66.89
  Epoch 96: Semantic=66.63, Memory=61.79, Fusion=67.01
  Epoch 99: Semantic=66.57, Memory=61.79, Fusion=67.01
  Epoch 100: Semantic=66.63, Memory=61.79, Fusion=67.01
Object:capsule =========================== Fusion-AUROC:70.32, Semantic:70.54, Memory:61.79


============================================================
[Prompt Configuration] Class: cable
  - Mode: MAP+LAP (Baseline)
  - MAP prompts: 7
  - LAP prompts: 8 (generic anomaly templates)
============================================================


[PromptAD] Initializing with use_lap=True
  Epoch 3: Semantic=81.96, Memory=89.17, Fusion=89.86
  Epoch 6: Semantic=82.98, Memory=89.17, Fusion=90.20 *** Best ***
  Epoch 9: Semantic=87.06, Memory=89.17, Fusion=91.02 *** Best ***
  Epoch 12: Semantic=85.14, Memory=89.17, Fusion=91.83 *** Best ***
  Epoch 15: Semantic=84.79, Memory=89.17, Fusion=92.56 *** Best ***
  Epoch 18: Semantic=84.93, Memory=89.17, Fusion=93.37 *** Best ***
  Epoch 21: Semantic=86.65, Memory=89.17, Fusion=93.23
  Epoch 24: Semantic=85.93, Memory=89.17, Fusion=90.82
  Epoch 27: Semantic=85.01, Memory=89.17, Fusion=88.55
  Epoch 30: Semantic=84.86, Memory=89.17, Fusion=87.09
  Epoch 33: Semantic=83.11, Memory=89.17, Fusion=85.12
  Epoch 36: Semantic=83.97, Memory=89.17, Fusion=85.18
  Epoch 39: Semantic=81.11, Memory=89.17, Fusion=82.18
  Epoch 42: Semantic=81.80, Memory=89.17, Fusion=82.57
  Epoch 45: Semantic=81.68, Memory=89.17, Fusion=82.50
  Epoch 48: Semantic=81.37, Memory=89.17, Fusion=81.88
  Epoch 51: Semantic=82.19, Memory=89.17, Fusion=82.81
  Epoch 54: Semantic=82.81, Memory=89.17, Fusion=83.23
  Epoch 57: Semantic=82.60, Memory=89.17, Fusion=82.83
  Epoch 60: Semantic=81.99, Memory=89.17, Fusion=82.44
  Epoch 63: Semantic=81.55, Memory=89.17, Fusion=81.99
  Epoch 66: Semantic=81.33, Memory=89.17, Fusion=81.60
  Epoch 69: Semantic=81.43, Memory=89.17, Fusion=81.62
  Epoch 72: Semantic=81.50, Memory=89.17, Fusion=81.77
  Epoch 75: Semantic=81.53, Memory=89.17, Fusion=81.77
  Epoch 78: Semantic=81.43, Memory=89.17, Fusion=81.73
  Epoch 81: Semantic=81.36, Memory=89.17, Fusion=81.60
  Epoch 84: Semantic=81.25, Memory=89.17, Fusion=81.45
  Epoch 87: Semantic=81.18, Memory=89.17, Fusion=81.37
  Epoch 90: Semantic=81.23, Memory=89.17, Fusion=81.43
  Epoch 93: Semantic=81.25, Memory=89.17, Fusion=81.43
  Epoch 96: Semantic=81.23, Memory=89.17, Fusion=81.39
  Epoch 99: Semantic=81.21, Memory=89.17, Fusion=81.45
  Epoch 100: Semantic=81.25, Memory=89.17, Fusion=81.41
Object:cable =========================== Fusion-AUROC:93.37, Semantic:84.93, Memory:89.17


============================================================
[Prompt Configuration] Class: metal nut
  - Mode: MAP+LAP (Baseline)
  - MAP prompts: 6
  - LAP prompts: 8 (generic anomaly templates)
============================================================


[PromptAD] Initializing with use_lap=True
  Epoch 3: Semantic=93.11, Memory=98.78, Fusion=98.88
  Epoch 6: Semantic=90.35, Memory=98.78, Fusion=98.88
  Epoch 9: Semantic=92.18, Memory=98.78, Fusion=98.92 *** Best ***
  Epoch 12: Semantic=91.47, Memory=98.78, Fusion=98.92
  Epoch 15: Semantic=93.04, Memory=98.78, Fusion=99.22 *** Best ***
  Epoch 18: Semantic=91.35, Memory=98.78, Fusion=98.68
  Epoch 21: Semantic=89.20, Memory=98.78, Fusion=97.95
  Epoch 24: Semantic=89.05, Memory=98.78, Fusion=96.04
  Epoch 27: Semantic=86.44, Memory=98.78, Fusion=92.52
  Epoch 30: Semantic=86.61, Memory=98.78, Fusion=91.20
  Epoch 33: Semantic=85.17, Memory=98.78, Fusion=89.78
  Epoch 36: Semantic=86.49, Memory=98.78, Fusion=89.78
  Epoch 39: Semantic=87.59, Memory=98.78, Fusion=89.93
  Epoch 42: Semantic=88.20, Memory=98.78, Fusion=89.93
  Epoch 45: Semantic=87.61, Memory=98.78, Fusion=89.44
  Epoch 48: Semantic=88.81, Memory=98.78, Fusion=89.98
  Epoch 51: Semantic=87.61, Memory=98.78, Fusion=89.00
  Epoch 54: Semantic=87.81, Memory=98.78, Fusion=89.39
  Epoch 57: Semantic=88.25, Memory=98.78, Fusion=89.05
  Epoch 60: Semantic=88.03, Memory=98.78, Fusion=88.95
  Epoch 63: Semantic=88.07, Memory=98.78, Fusion=89.05
  Epoch 66: Semantic=88.03, Memory=98.78, Fusion=88.81
  Epoch 69: Semantic=87.88, Memory=98.78, Fusion=88.61
  Epoch 72: Semantic=87.88, Memory=98.78, Fusion=88.56
  Epoch 75: Semantic=87.90, Memory=98.78, Fusion=88.81
  Epoch 78: Semantic=87.83, Memory=98.78, Fusion=88.61
  Epoch 81: Semantic=87.93, Memory=98.78, Fusion=88.61
  Epoch 84: Semantic=87.78, Memory=98.78, Fusion=88.42
  Epoch 87: Semantic=87.90, Memory=98.78, Fusion=88.61
  Epoch 90: Semantic=87.78, Memory=98.78, Fusion=88.61
  Epoch 93: Semantic=87.81, Memory=98.78, Fusion=88.56
  Epoch 96: Semantic=87.81, Memory=98.78, Fusion=88.66
  Epoch 99: Semantic=87.71, Memory=98.78, Fusion=88.47
  Epoch 100: Semantic=87.76, Memory=98.78, Fusion=88.51
Object:metal_nut =========================== Fusion-AUROC:99.22, Semantic:93.04, Memory:98.78


============================================================
[Prompt Configuration] Class: hazelnut
  - Mode: MAP+LAP (Baseline)
  - MAP prompts: 6
  - LAP prompts: 8 (generic anomaly templates)
============================================================


[PromptAD] Initializing with use_lap=True
  Epoch 3: Semantic=93.57, Memory=99.82, Fusion=99.75
  Epoch 6: Semantic=92.16, Memory=99.82, Fusion=99.75
  Epoch 9: Semantic=93.64, Memory=99.82, Fusion=99.75
  Epoch 12: Semantic=92.41, Memory=99.82, Fusion=99.71
  Epoch 15: Semantic=90.68, Memory=99.82, Fusion=99.61
  Epoch 18: Semantic=89.25, Memory=99.82, Fusion=99.46
  Epoch 21: Semantic=87.34, Memory=99.82, Fusion=99.04
  Epoch 24: Semantic=88.48, Memory=99.82, Fusion=98.32
  Epoch 27: Semantic=89.64, Memory=99.82, Fusion=97.61
  Epoch 30: Semantic=89.36, Memory=99.82, Fusion=95.93
  Epoch 33: Semantic=87.75, Memory=99.82, Fusion=92.64
  Epoch 36: Semantic=88.04, Memory=99.82, Fusion=90.75
  Epoch 39: Semantic=86.45, Memory=99.82, Fusion=88.75
  Epoch 42: Semantic=86.79, Memory=99.82, Fusion=88.50
  Epoch 45: Semantic=86.45, Memory=99.82, Fusion=87.79
  Epoch 48: Semantic=86.77, Memory=99.82, Fusion=87.64
  Epoch 51: Semantic=86.79, Memory=99.82, Fusion=87.43
  Epoch 54: Semantic=86.82, Memory=99.82, Fusion=87.57
  Epoch 57: Semantic=86.98, Memory=99.82, Fusion=87.61
  Epoch 60: Semantic=86.77, Memory=99.82, Fusion=87.39
  Epoch 63: Semantic=86.79, Memory=99.82, Fusion=87.32
  Epoch 66: Semantic=86.71, Memory=99.82, Fusion=87.43
  Epoch 69: Semantic=86.62, Memory=99.82, Fusion=87.18
  Epoch 72: Semantic=86.57, Memory=99.82, Fusion=87.11
  Epoch 75: Semantic=86.50, Memory=99.82, Fusion=87.00
  Epoch 78: Semantic=86.48, Memory=99.82, Fusion=86.82
  Epoch 81: Semantic=86.50, Memory=99.82, Fusion=86.82
  Epoch 84: Semantic=86.46, Memory=99.82, Fusion=86.79
  Epoch 87: Semantic=86.46, Memory=99.82, Fusion=86.79
  Epoch 90: Semantic=86.46, Memory=99.82, Fusion=86.86
  Epoch 93: Semantic=86.45, Memory=99.82, Fusion=86.75
  Epoch 96: Semantic=86.48, Memory=99.82, Fusion=86.75
  Epoch 99: Semantic=86.46, Memory=99.82, Fusion=86.75
  Epoch 100: Semantic=86.48, Memory=99.82, Fusion=86.71
Object:hazelnut =========================== Fusion-AUROC:99.75, Semantic:93.57, Memory:99.82


============================================================
[Prompt Configuration] Class: pill
  - Mode: MAP+LAP (Baseline)
  - MAP prompts: 8
  - LAP prompts: 8 (generic anomaly templates)
============================================================


[PromptAD] Initializing with use_lap=True
  Epoch 3: Semantic=82.97, Memory=93.37, Fusion=93.48
  Epoch 6: Semantic=85.47, Memory=93.37, Fusion=93.54 *** Best ***
  Epoch 9: Semantic=86.69, Memory=93.37, Fusion=93.54
  Epoch 12: Semantic=88.39, Memory=93.37, Fusion=93.86 *** Best ***
  Epoch 15: Semantic=88.12, Memory=93.37, Fusion=93.94 *** Best ***
  Epoch 18: Semantic=86.55, Memory=93.37, Fusion=94.05 *** Best ***
  Epoch 21: Semantic=85.90, Memory=93.37, Fusion=94.11 *** Best ***
  Epoch 24: Semantic=84.97, Memory=93.37, Fusion=94.05
  Epoch 27: Semantic=85.52, Memory=93.37, Fusion=93.81
  Epoch 30: Semantic=85.45, Memory=93.37, Fusion=93.54
  Epoch 33: Semantic=85.49, Memory=93.37, Fusion=92.99
  Epoch 36: Semantic=85.30, Memory=93.37, Fusion=92.28
  Epoch 39: Semantic=85.00, Memory=93.37, Fusion=91.49
  Epoch 42: Semantic=85.01, Memory=93.37, Fusion=90.73
  Epoch 45: Semantic=84.67, Memory=93.37, Fusion=89.77
  Epoch 48: Semantic=84.57, Memory=93.37, Fusion=89.03
  Epoch 51: Semantic=84.42, Memory=93.37, Fusion=88.84
  Epoch 54: Semantic=84.34, Memory=93.37, Fusion=88.30
  Epoch 57: Semantic=84.17, Memory=93.37, Fusion=87.97
  Epoch 60: Semantic=84.32, Memory=93.37, Fusion=87.56
  Epoch 63: Semantic=84.26, Memory=93.37, Fusion=87.42
  Epoch 66: Semantic=84.02, Memory=93.37, Fusion=87.23
  Epoch 69: Semantic=84.08, Memory=93.37, Fusion=87.15
  Epoch 72: Semantic=83.97, Memory=93.37, Fusion=86.91
  Epoch 75: Semantic=83.96, Memory=93.37, Fusion=86.72
  Epoch 78: Semantic=83.91, Memory=93.37, Fusion=86.61
  Epoch 81: Semantic=83.77, Memory=93.37, Fusion=86.58
  Epoch 84: Semantic=83.81, Memory=93.37, Fusion=86.69
  Epoch 87: Semantic=83.89, Memory=93.37, Fusion=86.50
  Epoch 90: Semantic=83.85, Memory=93.37, Fusion=86.69
  Epoch 93: Semantic=83.84, Memory=93.37, Fusion=86.69
  Epoch 96: Semantic=83.73, Memory=93.37, Fusion=86.47
  Epoch 99: Semantic=83.78, Memory=93.37, Fusion=86.63
  Epoch 100: Semantic=83.81, Memory=93.37, Fusion=86.69
Object:pill =========================== Fusion-AUROC:94.11, Semantic:85.9, Memory:93.37


============================================================
[Prompt Configuration] Class: screw
  - Mode: MAP+LAP (Baseline)
  - MAP prompts: 5
  - LAP prompts: 8 (generic anomaly templates)
============================================================


[PromptAD] Initializing with use_lap=True
  Epoch 3: Semantic=59.16, Memory=54.09, Fusion=53.95
  Epoch 6: Semantic=58.14, Memory=54.09, Fusion=54.33 *** Best ***
  Epoch 9: Semantic=57.15, Memory=54.09, Fusion=54.66 *** Best ***
  Epoch 12: Semantic=50.95, Memory=54.09, Fusion=53.45
  Epoch 15: Semantic=50.33, Memory=54.09, Fusion=53.13
  Epoch 18: Semantic=52.50, Memory=54.09, Fusion=53.62
  Epoch 21: Semantic=55.97, Memory=54.09, Fusion=56.26 *** Best ***
  Epoch 24: Semantic=50.61, Memory=54.09, Fusion=51.08
  Epoch 27: Semantic=49.62, Memory=54.09, Fusion=50.13
  Epoch 30: Semantic=48.74, Memory=54.09, Fusion=48.96
  Epoch 33: Semantic=47.85, Memory=54.09, Fusion=48.17
  Epoch 36: Semantic=47.24, Memory=54.09, Fusion=47.55
  Epoch 39: Semantic=46.05, Memory=54.09, Fusion=46.16
  Epoch 42: Semantic=46.29, Memory=54.09, Fusion=46.36
  Epoch 45: Semantic=46.41, Memory=54.09, Fusion=46.55
  Epoch 48: Semantic=46.10, Memory=54.09, Fusion=46.16
  Epoch 51: Semantic=45.77, Memory=54.09, Fusion=45.75
  Epoch 54: Semantic=45.27, Memory=54.09, Fusion=45.26
  Epoch 57: Semantic=44.98, Memory=54.09, Fusion=45.05
  Epoch 60: Semantic=44.80, Memory=54.09, Fusion=44.82
  Epoch 63: Semantic=44.73, Memory=54.09, Fusion=44.78
  Epoch 66: Semantic=44.54, Memory=54.09, Fusion=44.66
  Epoch 69: Semantic=44.28, Memory=54.09, Fusion=44.33
  Epoch 72: Semantic=44.12, Memory=54.09, Fusion=44.13
  Epoch 75: Semantic=44.09, Memory=54.09, Fusion=44.13
  Epoch 78: Semantic=44.09, Memory=54.09, Fusion=44.15
  Epoch 81: Semantic=44.12, Memory=54.09, Fusion=44.19
  Epoch 84: Semantic=44.08, Memory=54.09, Fusion=44.21
  Epoch 87: Semantic=44.00, Memory=54.09, Fusion=44.07
  Epoch 90: Semantic=44.02, Memory=54.09, Fusion=44.17
  Epoch 93: Semantic=44.00, Memory=54.09, Fusion=44.17
  Epoch 96: Semantic=44.06, Memory=54.09, Fusion=44.13
  Epoch 99: Semantic=43.98, Memory=54.09, Fusion=44.11
  Epoch 100: Semantic=44.05, Memory=54.09, Fusion=44.09
Object:screw =========================== Fusion-AUROC:56.26, Semantic:55.97, Memory:54.09


============================================================
[Prompt Configuration] Class: toothbrush
  - Mode: MAP+LAP (Baseline)
  - MAP prompts: 4
  - LAP prompts: 8 (generic anomaly templates)
============================================================


[PromptAD] Initializing with use_lap=True
  Epoch 3: Semantic=73.89, Memory=94.44, Fusion=94.17
  Epoch 6: Semantic=69.31, Memory=94.44, Fusion=93.89
  Epoch 9: Semantic=67.22, Memory=94.44, Fusion=93.61
  Epoch 12: Semantic=66.11, Memory=94.44, Fusion=93.33
  Epoch 15: Semantic=69.44, Memory=94.44, Fusion=93.06
  Epoch 18: Semantic=70.28, Memory=94.44, Fusion=92.22
  Epoch 21: Semantic=68.47, Memory=94.44, Fusion=92.50
  Epoch 24: Semantic=73.33, Memory=94.44, Fusion=88.61
  Epoch 27: Semantic=71.81, Memory=94.44, Fusion=82.78
  Epoch 30: Semantic=73.33, Memory=94.44, Fusion=80.00
  Epoch 33: Semantic=72.22, Memory=94.44, Fusion=77.22
  Epoch 36: Semantic=72.50, Memory=94.44, Fusion=76.67
  Epoch 39: Semantic=74.03, Memory=94.44, Fusion=76.94
  Epoch 42: Semantic=75.28, Memory=94.44, Fusion=77.22
  Epoch 45: Semantic=75.28, Memory=94.44, Fusion=77.50
  Epoch 48: Semantic=75.28, Memory=94.44, Fusion=76.94
  Epoch 51: Semantic=74.72, Memory=94.44, Fusion=76.11
  Epoch 54: Semantic=74.86, Memory=94.44, Fusion=75.83
  Epoch 57: Semantic=74.58, Memory=94.44, Fusion=75.83
  Epoch 60: Semantic=74.44, Memory=94.44, Fusion=75.56
  Epoch 63: Semantic=74.72, Memory=94.44, Fusion=75.56
  Epoch 66: Semantic=75.00, Memory=94.44, Fusion=75.83
  Epoch 69: Semantic=75.00, Memory=94.44, Fusion=75.83
  Epoch 72: Semantic=75.00, Memory=94.44, Fusion=75.83
  Epoch 75: Semantic=75.14, Memory=94.44, Fusion=75.83
  Epoch 78: Semantic=75.28, Memory=94.44, Fusion=75.83
  Epoch 81: Semantic=75.28, Memory=94.44, Fusion=75.83
  Epoch 84: Semantic=75.28, Memory=94.44, Fusion=75.83
  Epoch 87: Semantic=75.14, Memory=94.44, Fusion=75.83
  Epoch 90: Semantic=75.28, Memory=94.44, Fusion=75.83
  Epoch 93: Semantic=75.28, Memory=94.44, Fusion=75.83
  Epoch 96: Semantic=75.14, Memory=94.44, Fusion=75.83
  Epoch 99: Semantic=75.28, Memory=94.44, Fusion=75.83
  Epoch 100: Semantic=75.14, Memory=94.44, Fusion=75.83
Object:toothbrush =========================== Fusion-AUROC:94.17, Semantic:73.89, Memory:94.44


============================================================
[Prompt Configuration] Class: transistor
  - Mode: MAP+LAP (Baseline)
  - MAP prompts: 6
  - LAP prompts: 8 (generic anomaly templates)
============================================================


[PromptAD] Initializing with use_lap=True
  Epoch 3: Semantic=88.52, Memory=67.12, Fusion=70.08
  Epoch 6: Semantic=91.04, Memory=67.12, Fusion=71.33 *** Best ***
  Epoch 9: Semantic=89.21, Memory=67.12, Fusion=72.33 *** Best ***
  Epoch 12: Semantic=86.58, Memory=67.12, Fusion=74.38 *** Best ***
  Epoch 15: Semantic=88.38, Memory=67.12, Fusion=76.83 *** Best ***
  Epoch 18: Semantic=85.79, Memory=67.12, Fusion=78.54 *** Best ***
  Epoch 21: Semantic=84.23, Memory=67.12, Fusion=80.42 *** Best ***
  Epoch 24: Semantic=84.46, Memory=67.12, Fusion=82.42 *** Best ***
  Epoch 27: Semantic=80.92, Memory=67.12, Fusion=81.67
  Epoch 30: Semantic=81.85, Memory=67.12, Fusion=82.58 *** Best ***
  Epoch 33: Semantic=82.62, Memory=67.12, Fusion=83.25 *** Best ***
  Epoch 36: Semantic=80.90, Memory=67.12, Fusion=82.33
  Epoch 39: Semantic=80.73, Memory=67.12, Fusion=82.33
  Epoch 42: Semantic=81.06, Memory=67.12, Fusion=82.25
  Epoch 45: Semantic=81.94, Memory=67.12, Fusion=82.58
  Epoch 48: Semantic=82.12, Memory=67.12, Fusion=82.58
  Epoch 51: Semantic=82.46, Memory=67.12, Fusion=82.54
  Epoch 54: Semantic=82.15, Memory=67.12, Fusion=82.25
  Epoch 57: Semantic=81.83, Memory=67.12, Fusion=81.67
  Epoch 60: Semantic=81.79, Memory=67.12, Fusion=82.00
  Epoch 63: Semantic=81.27, Memory=67.12, Fusion=81.58
  Epoch 66: Semantic=81.00, Memory=67.12, Fusion=81.33
  Epoch 69: Semantic=80.79, Memory=67.12, Fusion=81.42
  Epoch 72: Semantic=80.81, Memory=67.12, Fusion=81.21
  Epoch 75: Semantic=80.75, Memory=67.12, Fusion=81.08
  Epoch 78: Semantic=80.79, Memory=67.12, Fusion=81.21
  Epoch 81: Semantic=80.71, Memory=67.12, Fusion=81.17
  Epoch 84: Semantic=80.69, Memory=67.12, Fusion=80.92
  Epoch 87: Semantic=80.73, Memory=67.12, Fusion=81.08
  Epoch 90: Semantic=80.67, Memory=67.12, Fusion=81.04
  Epoch 93: Semantic=80.62, Memory=67.12, Fusion=81.00
  Epoch 96: Semantic=80.54, Memory=67.12, Fusion=81.04
  Epoch 99: Semantic=80.56, Memory=67.12, Fusion=80.92
  Epoch 100: Semantic=80.52, Memory=67.12, Fusion=81.04
Object:transistor =========================== Fusion-AUROC:83.25, Semantic:82.62, Memory:67.12


============================================================
[Prompt Configuration] Class: zipper
  - Mode: MAP+LAP (Baseline)
  - MAP prompts: 8
  - LAP prompts: 8 (generic anomaly templates)
============================================================


[PromptAD] Initializing with use_lap=True
  Epoch 3: Semantic=74.02, Memory=92.20, Fusion=92.20
  Epoch 6: Semantic=80.02, Memory=92.20, Fusion=92.46 *** Best ***
  Epoch 9: Semantic=87.07, Memory=92.20, Fusion=92.80 *** Best ***
  Epoch 12: Semantic=84.76, Memory=92.20, Fusion=92.70
  Epoch 15: Semantic=92.49, Memory=92.20, Fusion=93.78 *** Best ***
  Epoch 18: Semantic=90.07, Memory=92.20, Fusion=93.83 *** Best ***
  Epoch 21: Semantic=91.43, Memory=92.20, Fusion=94.67 *** Best ***
  Epoch 24: Semantic=91.41, Memory=92.20, Fusion=95.93 *** Best ***
  Epoch 27: Semantic=94.05, Memory=92.20, Fusion=96.72 *** Best ***
  Epoch 30: Semantic=93.53, Memory=92.20, Fusion=95.64
  Epoch 33: Semantic=95.75, Memory=92.20, Fusion=96.90 *** Best ***
  Epoch 36: Semantic=96.15, Memory=92.20, Fusion=96.66
  Epoch 39: Semantic=96.26, Memory=92.20, Fusion=96.85
  Epoch 42: Semantic=96.56, Memory=92.20, Fusion=97.01 *** Best ***
  Epoch 45: Semantic=95.97, Memory=92.20, Fusion=96.30
  Epoch 48: Semantic=95.67, Memory=92.20, Fusion=95.80
  Epoch 51: Semantic=95.34, Memory=92.20, Fusion=95.51
  Epoch 54: Semantic=95.51, Memory=92.20, Fusion=95.61
  Epoch 57: Semantic=95.38, Memory=92.20, Fusion=95.40
  Epoch 60: Semantic=95.06, Memory=92.20, Fusion=95.12
  Epoch 63: Semantic=94.92, Memory=92.20, Fusion=95.06
  Epoch 66: Semantic=94.77, Memory=92.20, Fusion=95.04
  Epoch 69: Semantic=94.71, Memory=92.20, Fusion=94.83
  Epoch 72: Semantic=94.76, Memory=92.20, Fusion=94.93
  Epoch 75: Semantic=94.85, Memory=92.20, Fusion=95.06
  Epoch 78: Semantic=94.64, Memory=92.20, Fusion=94.88
  Epoch 81: Semantic=94.67, Memory=92.20, Fusion=94.88
  Epoch 84: Semantic=94.68, Memory=92.20, Fusion=94.83
  Epoch 87: Semantic=94.62, Memory=92.20, Fusion=94.93
  Epoch 90: Semantic=94.63, Memory=92.20, Fusion=94.96
  Epoch 93: Semantic=94.63, Memory=92.20, Fusion=94.91
  Epoch 96: Semantic=94.67, Memory=92.20, Fusion=94.96
  Epoch 99: Semantic=94.67, Memory=92.20, Fusion=94.96
  Epoch 100: Semantic=94.64, Memory=92.20, Fusion=94.98
Object:zipper =========================== Fusion-AUROC:97.01, Semantic:96.56, Memory:92.2


============================================================
[Prompt Configuration] Class: capsules
  - Mode: MAP+LAP (Baseline)
  - MAP prompts: 7
  - LAP prompts: 8 (generic anomaly templates)
============================================================


[PromptAD] Initializing with use_lap=True
  Epoch 3: Semantic=57.77, Memory=74.16, Fusion=74.00
  Epoch 6: Semantic=54.60, Memory=74.16, Fusion=73.97
  Epoch 9: Semantic=54.57, Memory=74.16, Fusion=73.93
  Epoch 12: Semantic=58.40, Memory=74.16, Fusion=73.87
  Epoch 15: Semantic=57.33, Memory=74.16, Fusion=72.93
  Epoch 18: Semantic=58.76, Memory=74.16, Fusion=71.95
  Epoch 21: Semantic=56.55, Memory=74.16, Fusion=70.15
  Epoch 24: Semantic=55.69, Memory=74.16, Fusion=67.10
  Epoch 27: Semantic=54.89, Memory=74.16, Fusion=63.15
  Epoch 30: Semantic=53.52, Memory=74.16, Fusion=60.09
  Epoch 33: Semantic=53.39, Memory=74.16, Fusion=58.68
  Epoch 36: Semantic=53.75, Memory=74.16, Fusion=57.82
  Epoch 39: Semantic=53.97, Memory=74.16, Fusion=57.13
  Epoch 42: Semantic=55.30, Memory=74.16, Fusion=57.60
  Epoch 45: Semantic=56.80, Memory=74.16, Fusion=58.61
  Epoch 48: Semantic=58.66, Memory=74.16, Fusion=60.02
  Epoch 51: Semantic=60.55, Memory=74.16, Fusion=61.59
  Epoch 54: Semantic=60.60, Memory=74.16, Fusion=61.57
  Epoch 57: Semantic=61.00, Memory=74.16, Fusion=61.74
  Epoch 60: Semantic=61.13, Memory=74.16, Fusion=61.77
  Epoch 63: Semantic=61.14, Memory=74.16, Fusion=61.78
  Epoch 66: Semantic=61.19, Memory=74.16, Fusion=61.84
  Epoch 69: Semantic=61.12, Memory=74.16, Fusion=61.72
  Epoch 72: Semantic=61.34, Memory=74.16, Fusion=61.83
  Epoch 75: Semantic=61.34, Memory=74.16, Fusion=61.85
  Epoch 78: Semantic=61.34, Memory=74.16, Fusion=61.82
  Epoch 81: Semantic=61.31, Memory=74.16, Fusion=61.87
  Epoch 84: Semantic=61.38, Memory=74.16, Fusion=61.91
  Epoch 87: Semantic=61.42, Memory=74.16, Fusion=61.94
  Epoch 90: Semantic=61.44, Memory=74.16, Fusion=61.96
  Epoch 93: Semantic=61.43, Memory=74.16, Fusion=61.92
  Epoch 96: Semantic=61.39, Memory=74.16, Fusion=61.93
  Epoch 99: Semantic=61.48, Memory=74.16, Fusion=61.96
  Epoch 100: Semantic=61.42, Memory=74.16, Fusion=61.89
Object:capsules =========================== Fusion-AUROC:74.0, Semantic:57.77, Memory:74.16


============================================================
[Prompt Configuration] Class: candle
  - Mode: MAP+LAP (Baseline)
  - MAP prompts: 9
  - LAP prompts: 8 (generic anomaly templates)
============================================================


[PromptAD] Initializing with use_lap=True
  Epoch 3: Semantic=94.67, Memory=88.68, Fusion=89.04
  Epoch 6: Semantic=93.23, Memory=88.68, Fusion=89.15 *** Best ***
  Epoch 9: Semantic=94.70, Memory=88.68, Fusion=89.51 *** Best ***
  Epoch 12: Semantic=95.13, Memory=88.68, Fusion=89.87 *** Best ***
  Epoch 15: Semantic=95.28, Memory=88.68, Fusion=90.38 *** Best ***
  Epoch 18: Semantic=94.86, Memory=88.68, Fusion=91.14 *** Best ***
  Epoch 21: Semantic=94.74, Memory=88.68, Fusion=92.30 *** Best ***
  Epoch 24: Semantic=94.59, Memory=88.68, Fusion=93.35 *** Best ***
  Epoch 27: Semantic=95.01, Memory=88.68, Fusion=94.58 *** Best ***
  Epoch 30: Semantic=95.30, Memory=88.68, Fusion=95.36 *** Best ***
  Epoch 33: Semantic=95.37, Memory=88.68, Fusion=96.05 *** Best ***
  Epoch 36: Semantic=95.69, Memory=88.68, Fusion=95.83
  Epoch 39: Semantic=95.53, Memory=88.68, Fusion=95.56
  Epoch 42: Semantic=96.68, Memory=88.68, Fusion=94.72
  Epoch 45: Semantic=96.59, Memory=88.68, Fusion=95.37
  Epoch 48: Semantic=96.36, Memory=88.68, Fusion=95.79
  Epoch 51: Semantic=96.47, Memory=88.68, Fusion=96.33 *** Best ***
  Epoch 54: Semantic=96.44, Memory=88.68, Fusion=96.64 *** Best ***
  Epoch 57: Semantic=96.44, Memory=88.68, Fusion=96.89 *** Best ***
  Epoch 60: Semantic=96.30, Memory=88.68, Fusion=96.92 *** Best ***
  Epoch 63: Semantic=96.41, Memory=88.68, Fusion=97.04 *** Best ***
  Epoch 66: Semantic=96.23, Memory=88.68, Fusion=96.97
  Epoch 69: Semantic=96.18, Memory=88.68, Fusion=96.94
  Epoch 72: Semantic=96.22, Memory=88.68, Fusion=96.95
  Epoch 75: Semantic=96.15, Memory=88.68, Fusion=96.93
  Epoch 78: Semantic=96.17, Memory=88.68, Fusion=96.91
  Epoch 81: Semantic=96.18, Memory=88.68, Fusion=96.89
  Epoch 84: Semantic=96.16, Memory=88.68, Fusion=96.88
  Epoch 87: Semantic=96.13, Memory=88.68, Fusion=96.86
  Epoch 90: Semantic=96.14, Memory=88.68, Fusion=96.85
  Epoch 93: Semantic=96.12, Memory=88.68, Fusion=96.83
  Epoch 96: Semantic=96.14, Memory=88.68, Fusion=96.85
  Epoch 99: Semantic=96.17, Memory=88.68, Fusion=96.88
  Epoch 100: Semantic=96.13, Memory=88.68, Fusion=96.85
Object:candle =========================== Fusion-AUROC:97.04, Semantic:96.41, Memory:88.68


============================================================
[Prompt Configuration] Class: cashew
  - Mode: MAP+LAP (Baseline)
  - MAP prompts: 7
  - LAP prompts: 8 (generic anomaly templates)
============================================================


[PromptAD] Initializing with use_lap=True
  Epoch 3: Semantic=91.04, Memory=84.73, Fusion=85.31
  Epoch 6: Semantic=91.36, Memory=84.73, Fusion=85.49 *** Best ***
  Epoch 9: Semantic=90.88, Memory=84.73, Fusion=85.86 *** Best ***
  Epoch 12: Semantic=85.64, Memory=84.73, Fusion=85.72
  Epoch 15: Semantic=88.34, Memory=84.73, Fusion=86.65 *** Best ***
  Epoch 18: Semantic=89.03, Memory=84.73, Fusion=87.87 *** Best ***
  Epoch 21: Semantic=87.74, Memory=84.73, Fusion=88.42 *** Best ***
  Epoch 24: Semantic=88.20, Memory=84.73, Fusion=89.68 *** Best ***
  Epoch 27: Semantic=88.74, Memory=84.73, Fusion=90.14 *** Best ***
  Epoch 30: Semantic=88.09, Memory=84.73, Fusion=89.88
  Epoch 33: Semantic=88.87, Memory=84.73, Fusion=90.36 *** Best ***
  Epoch 36: Semantic=88.90, Memory=84.73, Fusion=90.30
  Epoch 39: Semantic=88.70, Memory=84.73, Fusion=90.01
  Epoch 42: Semantic=88.94, Memory=84.73, Fusion=90.00
  Epoch 45: Semantic=88.59, Memory=84.73, Fusion=89.59
  Epoch 48: Semantic=88.63, Memory=84.73, Fusion=89.45
  Epoch 51: Semantic=88.58, Memory=84.73, Fusion=89.28
  Epoch 54: Semantic=88.24, Memory=84.73, Fusion=88.93
  Epoch 57: Semantic=88.21, Memory=84.73, Fusion=88.82
  Epoch 60: Semantic=88.45, Memory=84.73, Fusion=89.03
  Epoch 63: Semantic=88.59, Memory=84.73, Fusion=89.11
  Epoch 66: Semantic=88.70, Memory=84.73, Fusion=89.15
  Epoch 69: Semantic=88.74, Memory=84.73, Fusion=89.17
  Epoch 72: Semantic=88.71, Memory=84.73, Fusion=89.08
  Epoch 75: Semantic=88.65, Memory=84.73, Fusion=89.05
  Epoch 78: Semantic=88.66, Memory=84.73, Fusion=89.04
  Epoch 81: Semantic=88.66, Memory=84.73, Fusion=89.02
  Epoch 84: Semantic=88.68, Memory=84.73, Fusion=89.05
  Epoch 87: Semantic=88.67, Memory=84.73, Fusion=89.03
  Epoch 90: Semantic=88.66, Memory=84.73, Fusion=89.00
  Epoch 93: Semantic=88.59, Memory=84.73, Fusion=88.97
  Epoch 96: Semantic=88.68, Memory=84.73, Fusion=89.04
  Epoch 99: Semantic=88.68, Memory=84.73, Fusion=89.06
  Epoch 100: Semantic=88.67, Memory=84.73, Fusion=89.04
Object:cashew =========================== Fusion-AUROC:90.36, Semantic:88.87, Memory:84.73


============================================================
[Prompt Configuration] Class: chewing gum
  - Mode: MAP+LAP (Baseline)
  - MAP prompts: 7
  - LAP prompts: 8 (generic anomaly templates)
============================================================


[PromptAD] Initializing with use_lap=True
  Epoch 3: Semantic=95.81, Memory=92.43, Fusion=92.83
  Epoch 6: Semantic=95.32, Memory=92.43, Fusion=92.97 *** Best ***
  Epoch 9: Semantic=94.67, Memory=92.43, Fusion=93.35 *** Best ***
  Epoch 12: Semantic=93.40, Memory=92.43, Fusion=93.74 *** Best ***
  Epoch 15: Semantic=91.86, Memory=92.43, Fusion=94.11 *** Best ***
  Epoch 18: Semantic=92.75, Memory=92.43, Fusion=94.71 *** Best ***
  Epoch 21: Semantic=92.52, Memory=92.43, Fusion=94.37
  Epoch 24: Semantic=91.70, Memory=92.43, Fusion=93.41
  Epoch 27: Semantic=91.95, Memory=92.43, Fusion=93.12
  Epoch 30: Semantic=92.00, Memory=92.43, Fusion=92.85
  Epoch 33: Semantic=92.31, Memory=92.43, Fusion=93.05
  Epoch 36: Semantic=92.35, Memory=92.43, Fusion=92.88
  Epoch 39: Semantic=92.09, Memory=92.43, Fusion=92.60
  Epoch 42: Semantic=91.71, Memory=92.43, Fusion=92.18
  Epoch 45: Semantic=91.51, Memory=92.43, Fusion=91.93
  Epoch 48: Semantic=91.44, Memory=92.43, Fusion=91.79
  Epoch 51: Semantic=91.37, Memory=92.43, Fusion=91.72
  Epoch 54: Semantic=91.39, Memory=92.43, Fusion=91.72
  Epoch 57: Semantic=91.45, Memory=92.43, Fusion=91.74
  Epoch 60: Semantic=91.44, Memory=92.43, Fusion=91.71
  Epoch 63: Semantic=91.43, Memory=92.43, Fusion=91.67
  Epoch 66: Semantic=91.46, Memory=92.43, Fusion=91.70
  Epoch 69: Semantic=91.48, Memory=92.43, Fusion=91.69
  Epoch 72: Semantic=91.47, Memory=92.43, Fusion=91.68
  Epoch 75: Semantic=91.46, Memory=92.43, Fusion=91.65
  Epoch 78: Semantic=91.50, Memory=92.43, Fusion=91.67
  Epoch 81: Semantic=91.47, Memory=92.43, Fusion=91.66
  Epoch 84: Semantic=91.49, Memory=92.43, Fusion=91.68
  Epoch 87: Semantic=91.44, Memory=92.43, Fusion=91.63
  Epoch 90: Semantic=91.44, Memory=92.43, Fusion=91.61
  Epoch 93: Semantic=91.45, Memory=92.43, Fusion=91.65
  Epoch 96: Semantic=91.44, Memory=92.43, Fusion=91.61
  Epoch 99: Semantic=91.45, Memory=92.43, Fusion=91.66
  Epoch 100: Semantic=91.45, Memory=92.43, Fusion=91.62
Object:chewinggum =========================== Fusion-AUROC:94.71, Semantic:92.75, Memory:92.43


============================================================
[Prompt Configuration] Class: fryum
  - Mode: MAP+LAP (Baseline)
  - MAP prompts: 8
  - LAP prompts: 8 (generic anomaly templates)
============================================================


[PromptAD] Initializing with use_lap=True
  Epoch 3: Semantic=75.91, Memory=84.05, Fusion=84.43
  Epoch 6: Semantic=77.31, Memory=84.05, Fusion=84.63 *** Best ***
  Epoch 9: Semantic=76.94, Memory=84.05, Fusion=85.05 *** Best ***
  Epoch 12: Semantic=79.11, Memory=84.05, Fusion=85.68 *** Best ***
  Epoch 15: Semantic=82.09, Memory=84.05, Fusion=87.03 *** Best ***
  Epoch 18: Semantic=82.69, Memory=84.05, Fusion=86.97
  Epoch 21: Semantic=84.33, Memory=84.05, Fusion=87.46 *** Best ***
  Epoch 24: Semantic=84.29, Memory=84.05, Fusion=86.88
  Epoch 27: Semantic=84.03, Memory=84.05, Fusion=86.37
  Epoch 30: Semantic=83.83, Memory=84.05, Fusion=85.75
  Epoch 33: Semantic=83.70, Memory=84.05, Fusion=85.24
  Epoch 36: Semantic=84.33, Memory=84.05, Fusion=85.63
  Epoch 39: Semantic=84.71, Memory=84.05, Fusion=85.80
  Epoch 42: Semantic=84.80, Memory=84.05, Fusion=85.78
  Epoch 45: Semantic=85.18, Memory=84.05, Fusion=86.05
  Epoch 48: Semantic=85.23, Memory=84.05, Fusion=85.91
  Epoch 51: Semantic=85.18, Memory=84.05, Fusion=85.86
  Epoch 54: Semantic=85.32, Memory=84.05, Fusion=85.89
  Epoch 57: Semantic=85.37, Memory=84.05, Fusion=85.90
  Epoch 60: Semantic=85.48, Memory=84.05, Fusion=85.97
  Epoch 63: Semantic=85.49, Memory=84.05, Fusion=86.02
  Epoch 66: Semantic=85.65, Memory=84.05, Fusion=86.09
  Epoch 69: Semantic=85.72, Memory=84.05, Fusion=86.14
  Epoch 72: Semantic=85.71, Memory=84.05, Fusion=86.16
  Epoch 75: Semantic=85.73, Memory=84.05, Fusion=86.19
  Epoch 78: Semantic=85.78, Memory=84.05, Fusion=86.23
  Epoch 81: Semantic=85.77, Memory=84.05, Fusion=86.19
  Epoch 84: Semantic=85.77, Memory=84.05, Fusion=86.20
  Epoch 87: Semantic=85.79, Memory=84.05, Fusion=86.19
  Epoch 90: Semantic=85.78, Memory=84.05, Fusion=86.19
  Epoch 93: Semantic=85.80, Memory=84.05, Fusion=86.17
  Epoch 96: Semantic=85.79, Memory=84.05, Fusion=86.17
  Epoch 99: Semantic=85.81, Memory=84.05, Fusion=86.20
  Epoch 100: Semantic=85.82, Memory=84.05, Fusion=86.25
Object:fryum =========================== Fusion-AUROC:87.46, Semantic:84.33, Memory:84.05


============================================================
[Prompt Configuration] Class: macaroni
  - Mode: MAP+LAP (Baseline)
  - MAP prompts: 7
  - LAP prompts: 8 (generic anomaly templates)
============================================================


[PromptAD] Initializing with use_lap=True
  Epoch 3: Semantic=79.05, Memory=76.70, Fusion=77.27
  Epoch 6: Semantic=70.53, Memory=76.70, Fusion=77.11
  Epoch 9: Semantic=71.53, Memory=76.70, Fusion=77.13
  Epoch 12: Semantic=70.75, Memory=76.70, Fusion=77.13
  Epoch 15: Semantic=67.97, Memory=76.70, Fusion=76.84
  Epoch 18: Semantic=73.91, Memory=76.70, Fusion=77.83 *** Best ***
  Epoch 21: Semantic=69.88, Memory=76.70, Fusion=77.04
  Epoch 24: Semantic=73.02, Memory=76.70, Fusion=77.94 *** Best ***
  Epoch 27: Semantic=72.03, Memory=76.70, Fusion=77.05
  Epoch 30: Semantic=68.19, Memory=76.70, Fusion=73.84
  Epoch 33: Semantic=66.63, Memory=76.70, Fusion=71.33
  Epoch 36: Semantic=64.86, Memory=76.70, Fusion=68.88
  Epoch 39: Semantic=66.46, Memory=76.70, Fusion=69.42
  Epoch 42: Semantic=64.86, Memory=76.70, Fusion=67.55
  Epoch 45: Semantic=65.95, Memory=76.70, Fusion=68.10
  Epoch 48: Semantic=64.06, Memory=76.70, Fusion=65.94
  Epoch 51: Semantic=64.91, Memory=76.70, Fusion=66.50
  Epoch 54: Semantic=64.96, Memory=76.70, Fusion=66.32
  Epoch 57: Semantic=64.26, Memory=76.70, Fusion=65.59
  Epoch 60: Semantic=64.44, Memory=76.70, Fusion=65.63
  Epoch 63: Semantic=64.22, Memory=76.70, Fusion=65.32
  Epoch 66: Semantic=63.71, Memory=76.70, Fusion=64.79
  Epoch 69: Semantic=63.79, Memory=76.70, Fusion=64.78
  Epoch 72: Semantic=63.87, Memory=76.70, Fusion=64.81
  Epoch 75: Semantic=63.86, Memory=76.70, Fusion=64.79
  Epoch 78: Semantic=63.61, Memory=76.70, Fusion=64.47
  Epoch 81: Semantic=63.52, Memory=76.70, Fusion=64.40
  Epoch 84: Semantic=63.47, Memory=76.70, Fusion=64.37
  Epoch 87: Semantic=63.47, Memory=76.70, Fusion=64.34
  Epoch 90: Semantic=63.39, Memory=76.70, Fusion=64.26
  Epoch 93: Semantic=63.46, Memory=76.70, Fusion=64.32
  Epoch 96: Semantic=63.50, Memory=76.70, Fusion=64.35
  Epoch 99: Semantic=63.49, Memory=76.70, Fusion=64.36
  Epoch 100: Semantic=63.49, Memory=76.70, Fusion=64.35
Object:macaroni1 =========================== Fusion-AUROC:77.94, Semantic:73.02, Memory:76.7


============================================================
[Prompt Configuration] Class: macaroni
  - Mode: MAP+LAP (Baseline)
  - MAP prompts: 7
  - LAP prompts: 8 (generic anomaly templates)
============================================================


[PromptAD] Initializing with use_lap=True
  Epoch 3: Semantic=65.75, Memory=66.98, Fusion=67.64
  Epoch 6: Semantic=66.53, Memory=66.98, Fusion=67.84 *** Best ***
  Epoch 9: Semantic=68.13, Memory=66.98, Fusion=68.39 *** Best ***
  Epoch 12: Semantic=65.40, Memory=66.98, Fusion=68.54 *** Best ***
  Epoch 15: Semantic=65.21, Memory=66.98, Fusion=68.90 *** Best ***
  Epoch 18: Semantic=64.78, Memory=66.98, Fusion=69.17 *** Best ***
  Epoch 21: Semantic=64.43, Memory=66.98, Fusion=69.14
  Epoch 24: Semantic=63.21, Memory=66.98, Fusion=67.67
  Epoch 27: Semantic=62.28, Memory=66.98, Fusion=65.70
  Epoch 30: Semantic=63.22, Memory=66.98, Fusion=65.62
  Epoch 33: Semantic=61.85, Memory=66.98, Fusion=63.75
  Epoch 36: Semantic=61.13, Memory=66.98, Fusion=62.56
  Epoch 39: Semantic=60.30, Memory=66.98, Fusion=61.42
  Epoch 42: Semantic=59.34, Memory=66.98, Fusion=60.20
  Epoch 45: Semantic=58.67, Memory=66.98, Fusion=59.34
  Epoch 48: Semantic=58.02, Memory=66.98, Fusion=58.64
  Epoch 51: Semantic=57.56, Memory=66.98, Fusion=58.10
  Epoch 54: Semantic=57.35, Memory=66.98, Fusion=57.83
  Epoch 57: Semantic=57.15, Memory=66.98, Fusion=57.60
  Epoch 60: Semantic=56.90, Memory=66.98, Fusion=57.35
  Epoch 63: Semantic=56.69, Memory=66.98, Fusion=57.09
  Epoch 66: Semantic=56.55, Memory=66.98, Fusion=56.93
  Epoch 69: Semantic=56.41, Memory=66.98, Fusion=56.76
  Epoch 72: Semantic=56.28, Memory=66.98, Fusion=56.67
  Epoch 75: Semantic=56.21, Memory=66.98, Fusion=56.61
  Epoch 78: Semantic=56.12, Memory=66.98, Fusion=56.51
  Epoch 81: Semantic=56.04, Memory=66.98, Fusion=56.43
  Epoch 84: Semantic=56.03, Memory=66.98, Fusion=56.40
  Epoch 87: Semantic=56.02, Memory=66.98, Fusion=56.40
  Epoch 90: Semantic=55.98, Memory=66.98, Fusion=56.36
  Epoch 93: Semantic=56.01, Memory=66.98, Fusion=56.40
  Epoch 96: Semantic=55.97, Memory=66.98, Fusion=56.34
  Epoch 99: Semantic=55.97, Memory=66.98, Fusion=56.32
  Epoch 100: Semantic=56.01, Memory=66.98, Fusion=56.38
Object:macaroni2 =========================== Fusion-AUROC:69.17, Semantic:64.78, Memory:66.98


============================================================
[Prompt Configuration] Class: printed circuit board
  - Mode: MAP+LAP (Baseline)
  - MAP prompts: 6
  - LAP prompts: 8 (generic anomaly templates)
============================================================


[PromptAD] Initializing with use_lap=True
  Epoch 3: Semantic=48.77, Memory=92.25, Fusion=92.22
  Epoch 6: Semantic=74.30, Memory=92.25, Fusion=92.37 *** Best ***
  Epoch 9: Semantic=82.23, Memory=92.25, Fusion=92.50 *** Best ***
  Epoch 12: Semantic=83.42, Memory=92.25, Fusion=92.54 *** Best ***
  Epoch 15: Semantic=85.99, Memory=92.25, Fusion=92.73 *** Best ***
  Epoch 18: Semantic=87.92, Memory=92.25, Fusion=93.10 *** Best ***
  Epoch 21: Semantic=88.87, Memory=92.25, Fusion=93.50 *** Best ***
  Epoch 24: Semantic=89.76, Memory=92.25, Fusion=94.07 *** Best ***
  Epoch 27: Semantic=89.46, Memory=92.25, Fusion=94.20 *** Best ***
  Epoch 30: Semantic=89.57, Memory=92.25, Fusion=94.18
  Epoch 33: Semantic=90.07, Memory=92.25, Fusion=94.02
  Epoch 36: Semantic=90.08, Memory=92.25, Fusion=93.49
  Epoch 39: Semantic=90.27, Memory=92.25, Fusion=93.04
  Epoch 42: Semantic=90.26, Memory=92.25, Fusion=92.43
  Epoch 45: Semantic=90.32, Memory=92.25, Fusion=92.01
  Epoch 48: Semantic=90.48, Memory=92.25, Fusion=91.86
  Epoch 51: Semantic=90.54, Memory=92.25, Fusion=91.69
  Epoch 54: Semantic=90.54, Memory=92.25, Fusion=91.50
  Epoch 57: Semantic=90.67, Memory=92.25, Fusion=91.51
  Epoch 60: Semantic=90.75, Memory=92.25, Fusion=91.50
  Epoch 63: Semantic=90.74, Memory=92.25, Fusion=91.40
  Epoch 66: Semantic=90.72, Memory=92.25, Fusion=91.34
  Epoch 69: Semantic=90.73, Memory=92.25, Fusion=91.32
  Epoch 72: Semantic=90.74, Memory=92.25, Fusion=91.30
  Epoch 75: Semantic=90.76, Memory=92.25, Fusion=91.31
  Epoch 78: Semantic=90.79, Memory=92.25, Fusion=91.33
  Epoch 81: Semantic=90.82, Memory=92.25, Fusion=91.34
  Epoch 84: Semantic=90.82, Memory=92.25, Fusion=91.33
  Epoch 87: Semantic=90.83, Memory=92.25, Fusion=91.31
  Epoch 90: Semantic=90.85, Memory=92.25, Fusion=91.32
  Epoch 93: Semantic=90.84, Memory=92.25, Fusion=91.30
  Epoch 96: Semantic=90.85, Memory=92.25, Fusion=91.33
  Epoch 99: Semantic=90.85, Memory=92.25, Fusion=91.33
  Epoch 100: Semantic=90.85, Memory=92.25, Fusion=91.33
Object:pcb1 =========================== Fusion-AUROC:94.2, Semantic:89.46, Memory:92.25


============================================================
[Prompt Configuration] Class: printed circuit board
  - Mode: MAP+LAP (Baseline)
  - MAP prompts: 6
  - LAP prompts: 8 (generic anomaly templates)
============================================================


[PromptAD] Initializing with use_lap=True
  Epoch 3: Semantic=57.76, Memory=78.02, Fusion=78.13
  Epoch 6: Semantic=58.76, Memory=78.02, Fusion=78.22 *** Best ***
  Epoch 9: Semantic=60.63, Memory=78.02, Fusion=78.31 *** Best ***
  Epoch 12: Semantic=61.84, Memory=78.02, Fusion=78.41 *** Best ***
  Epoch 15: Semantic=64.34, Memory=78.02, Fusion=78.47 *** Best ***
  Epoch 18: Semantic=62.74, Memory=78.02, Fusion=78.50 *** Best ***
  Epoch 21: Semantic=60.96, Memory=78.02, Fusion=78.51 *** Best ***
  Epoch 24: Semantic=61.17, Memory=78.02, Fusion=78.60 *** Best ***
  Epoch 27: Semantic=62.90, Memory=78.02, Fusion=78.99 *** Best ***
  Epoch 30: Semantic=65.67, Memory=78.02, Fusion=79.63 *** Best ***
  Epoch 33: Semantic=65.70, Memory=78.02, Fusion=79.89 *** Best ***
  Epoch 36: Semantic=66.17, Memory=78.02, Fusion=80.10 *** Best ***
  Epoch 39: Semantic=66.51, Memory=78.02, Fusion=80.15 *** Best ***
  Epoch 42: Semantic=66.73, Memory=78.02, Fusion=79.86
  Epoch 45: Semantic=67.01, Memory=78.02, Fusion=79.22
  Epoch 48: Semantic=68.20, Memory=78.02, Fusion=79.05
  Epoch 51: Semantic=68.72, Memory=78.02, Fusion=78.57
  Epoch 54: Semantic=68.94, Memory=78.02, Fusion=77.85
  Epoch 57: Semantic=69.60, Memory=78.02, Fusion=77.35
  Epoch 60: Semantic=70.35, Memory=78.02, Fusion=77.05
  Epoch 63: Semantic=70.72, Memory=78.02, Fusion=76.67
  Epoch 66: Semantic=71.06, Memory=78.02, Fusion=76.45
  Epoch 69: Semantic=71.49, Memory=78.02, Fusion=76.27
  Epoch 72: Semantic=71.78, Memory=78.02, Fusion=76.14
  Epoch 75: Semantic=72.17, Memory=78.02, Fusion=76.17
  Epoch 78: Semantic=72.19, Memory=78.02, Fusion=76.00
  Epoch 81: Semantic=72.32, Memory=78.02, Fusion=75.93
  Epoch 84: Semantic=72.47, Memory=78.02, Fusion=75.94
  Epoch 87: Semantic=72.51, Memory=78.02, Fusion=75.87
  Epoch 90: Semantic=72.60, Memory=78.02, Fusion=75.91
  Epoch 93: Semantic=72.59, Memory=78.02, Fusion=75.92
  Epoch 96: Semantic=72.53, Memory=78.02, Fusion=75.80
  Epoch 99: Semantic=72.57, Memory=78.02, Fusion=75.86
  Epoch 100: Semantic=72.58, Memory=78.02, Fusion=75.85
Object:pcb2 =========================== Fusion-AUROC:80.15, Semantic:66.51, Memory:78.02


============================================================
[Prompt Configuration] Class: printed circuit board
  - Mode: MAP+LAP (Baseline)
  - MAP prompts: 6
  - LAP prompts: 8 (generic anomaly templates)
============================================================


[PromptAD] Initializing with use_lap=True
  Epoch 3: Semantic=70.42, Memory=70.98, Fusion=71.24
  Epoch 6: Semantic=72.61, Memory=70.98, Fusion=71.34 *** Best ***
  Epoch 9: Semantic=70.85, Memory=70.98, Fusion=71.33
  Epoch 12: Semantic=70.05, Memory=70.98, Fusion=71.38 *** Best ***
  Epoch 15: Semantic=71.35, Memory=70.98, Fusion=71.52 *** Best ***
  Epoch 18: Semantic=72.39, Memory=70.98, Fusion=71.72 *** Best ***
  Epoch 21: Semantic=72.40, Memory=70.98, Fusion=72.01 *** Best ***
  Epoch 24: Semantic=72.92, Memory=70.98, Fusion=72.33 *** Best ***
  Epoch 27: Semantic=73.08, Memory=70.98, Fusion=72.76 *** Best ***
  Epoch 30: Semantic=72.75, Memory=70.98, Fusion=73.11 *** Best ***
  Epoch 33: Semantic=72.79, Memory=70.98, Fusion=73.63 *** Best ***
  Epoch 36: Semantic=72.66, Memory=70.98, Fusion=73.97 *** Best ***
  Epoch 39: Semantic=72.46, Memory=70.98, Fusion=74.20 *** Best ***
  Epoch 42: Semantic=71.85, Memory=70.98, Fusion=73.97
  Epoch 45: Semantic=71.76, Memory=70.98, Fusion=73.88
  Epoch 48: Semantic=71.12, Memory=70.98, Fusion=73.33
  Epoch 51: Semantic=70.84, Memory=70.98, Fusion=72.99
  Epoch 54: Semantic=70.60, Memory=70.98, Fusion=72.51
  Epoch 57: Semantic=70.57, Memory=70.98, Fusion=72.35
  Epoch 60: Semantic=70.48, Memory=70.98, Fusion=72.13
  Epoch 63: Semantic=70.29, Memory=70.98, Fusion=71.85
  Epoch 66: Semantic=70.12, Memory=70.98, Fusion=71.54
  Epoch 69: Semantic=70.15, Memory=70.98, Fusion=71.45
  Epoch 72: Semantic=70.04, Memory=70.98, Fusion=71.26
  Epoch 75: Semantic=70.11, Memory=70.98, Fusion=71.20
  Epoch 78: Semantic=70.02, Memory=70.98, Fusion=71.08
  Epoch 81: Semantic=69.99, Memory=70.98, Fusion=71.04
  Epoch 84: Semantic=69.99, Memory=70.98, Fusion=71.01
  Epoch 87: Semantic=69.94, Memory=70.98, Fusion=70.90
  Epoch 90: Semantic=69.86, Memory=70.98, Fusion=70.88
  Epoch 93: Semantic=69.94, Memory=70.98, Fusion=70.90
  Epoch 96: Semantic=69.84, Memory=70.98, Fusion=70.83
  Epoch 99: Semantic=69.83, Memory=70.98, Fusion=70.84
  Epoch 100: Semantic=69.88, Memory=70.98, Fusion=70.87
Object:pcb3 =========================== Fusion-AUROC:74.2, Semantic:72.46, Memory:70.98


============================================================
[Prompt Configuration] Class: printed circuit board
  - Mode: MAP+LAP (Baseline)
  - MAP prompts: 9
  - LAP prompts: 8 (generic anomaly templates)
============================================================


[PromptAD] Initializing with use_lap=True
  Epoch 3: Semantic=85.61, Memory=81.65, Fusion=82.90
  Epoch 6: Semantic=87.73, Memory=81.65, Fusion=83.68 *** Best ***
  Epoch 9: Semantic=86.54, Memory=81.65, Fusion=84.19 *** Best ***
  Epoch 12: Semantic=87.35, Memory=81.65, Fusion=85.13 *** Best ***
  Epoch 15: Semantic=89.13, Memory=81.65, Fusion=86.09 *** Best ***
  Epoch 18: Semantic=88.56, Memory=81.65, Fusion=87.08 *** Best ***
  Epoch 21: Semantic=89.36, Memory=81.65, Fusion=89.00 *** Best ***
  Epoch 24: Semantic=87.56, Memory=81.65, Fusion=89.44 *** Best ***
  Epoch 27: Semantic=87.47, Memory=81.65, Fusion=90.13 *** Best ***
  Epoch 30: Semantic=87.44, Memory=81.65, Fusion=90.56 *** Best ***
  Epoch 33: Semantic=87.47, Memory=81.65, Fusion=90.65 *** Best ***
  Epoch 36: Semantic=87.21, Memory=81.65, Fusion=90.15
  Epoch 39: Semantic=87.58, Memory=81.65, Fusion=90.08
  Epoch 42: Semantic=87.46, Memory=81.65, Fusion=89.69
  Epoch 45: Semantic=87.39, Memory=81.65, Fusion=89.45
  Epoch 48: Semantic=87.06, Memory=81.65, Fusion=88.89
  Epoch 51: Semantic=87.10, Memory=81.65, Fusion=88.68
  Epoch 54: Semantic=87.22, Memory=81.65, Fusion=88.63
  Epoch 57: Semantic=87.21, Memory=81.65, Fusion=88.41
  Epoch 60: Semantic=87.47, Memory=81.65, Fusion=88.48
  Epoch 63: Semantic=87.69, Memory=81.65, Fusion=88.61
  Epoch 66: Semantic=87.81, Memory=81.65, Fusion=88.62
  Epoch 69: Semantic=87.97, Memory=81.65, Fusion=88.73
  Epoch 72: Semantic=88.01, Memory=81.65, Fusion=88.72
  Epoch 75: Semantic=88.19, Memory=81.65, Fusion=88.84
  Epoch 78: Semantic=88.28, Memory=81.65, Fusion=88.91
  Epoch 81: Semantic=88.36, Memory=81.65, Fusion=88.96
  Epoch 84: Semantic=88.36, Memory=81.65, Fusion=88.94
  Epoch 87: Semantic=88.41, Memory=81.65, Fusion=88.98
  Epoch 90: Semantic=88.45, Memory=81.65, Fusion=89.00
  Epoch 93: Semantic=88.46, Memory=81.65, Fusion=89.01
  Epoch 96: Semantic=88.47, Memory=81.65, Fusion=89.02
  Epoch 99: Semantic=88.48, Memory=81.65, Fusion=89.02
  Epoch 100: Semantic=88.44, Memory=81.65, Fusion=89.00
Object:pcb4 =========================== Fusion-AUROC:90.65, Semantic:87.47, Memory:81.65


============================================================
[Prompt Configuration] Class: pipe fryum
  - Mode: MAP+LAP (Baseline)
  - MAP prompts: 8
  - LAP prompts: 8 (generic anomaly templates)
============================================================


[PromptAD] Initializing with use_lap=True
  Epoch 3: Semantic=75.43, Memory=99.22, Fusion=99.21
  Epoch 6: Semantic=77.51, Memory=99.22, Fusion=99.19
  Epoch 9: Semantic=78.07, Memory=99.22, Fusion=99.17
  Epoch 12: Semantic=79.45, Memory=99.22, Fusion=99.11
  Epoch 15: Semantic=82.91, Memory=99.22, Fusion=99.06
  Epoch 18: Semantic=84.58, Memory=99.22, Fusion=98.92
  Epoch 21: Semantic=86.40, Memory=99.22, Fusion=98.66
  Epoch 24: Semantic=87.48, Memory=99.22, Fusion=98.28
  Epoch 27: Semantic=85.34, Memory=99.22, Fusion=97.52
  Epoch 30: Semantic=85.72, Memory=99.22, Fusion=96.13
  Epoch 33: Semantic=86.65, Memory=99.22, Fusion=95.04
  Epoch 36: Semantic=88.13, Memory=99.22, Fusion=94.26
  Epoch 39: Semantic=89.17, Memory=99.22, Fusion=94.06
  Epoch 42: Semantic=88.71, Memory=99.22, Fusion=92.89
  Epoch 45: Semantic=88.83, Memory=99.22, Fusion=92.32
  Epoch 48: Semantic=89.45, Memory=99.22, Fusion=92.21
  Epoch 51: Semantic=89.57, Memory=99.22, Fusion=91.97
  Epoch 54: Semantic=90.00, Memory=99.22, Fusion=92.00
  Epoch 57: Semantic=90.32, Memory=99.22, Fusion=92.07
  Epoch 60: Semantic=90.32, Memory=99.22, Fusion=91.96
  Epoch 63: Semantic=90.37, Memory=99.22, Fusion=91.82
  Epoch 66: Semantic=90.47, Memory=99.22, Fusion=91.80
  Epoch 69: Semantic=90.55, Memory=99.22, Fusion=91.80
  Epoch 72: Semantic=90.59, Memory=99.22, Fusion=91.79
  Epoch 75: Semantic=90.60, Memory=99.22, Fusion=91.75
  Epoch 78: Semantic=90.65, Memory=99.22, Fusion=91.80
  Epoch 81: Semantic=90.67, Memory=99.22, Fusion=91.80
  Epoch 84: Semantic=90.61, Memory=99.22, Fusion=91.77
  Epoch 87: Semantic=90.63, Memory=99.22, Fusion=91.77
  Epoch 90: Semantic=90.63, Memory=99.22, Fusion=91.74
  Epoch 93: Semantic=90.63, Memory=99.22, Fusion=91.76
  Epoch 96: Semantic=90.62, Memory=99.22, Fusion=91.74
  Epoch 99: Semantic=90.62, Memory=99.22, Fusion=91.73
  Epoch 100: Semantic=90.67, Memory=99.22, Fusion=91.78
Object:pipe_fryum =========================== Fusion-AUROC:99.21, Semantic:75.43, Memory:99.22


============================================================
[Prompt Configuration] Class: grid
  - Mode: MAP+LAP (Baseline)
  - MAP prompts: 8
  - LAP prompts: 8 (generic anomaly templates)
============================================================


[PromptAD] Initializing with use_lap=True
  Epoch 3: Semantic=98.83, Memory=95.32, Fusion=95.91
  Epoch 6: Semantic=99.75, Memory=95.32, Fusion=95.99 *** Best ***
  Epoch 9: Semantic=99.67, Memory=95.32, Fusion=96.24 *** Best ***
  Epoch 12: Semantic=99.29, Memory=95.32, Fusion=96.83 *** Best ***
  Epoch 15: Semantic=98.66, Memory=95.32, Fusion=97.24 *** Best ***
  Epoch 18: Semantic=98.50, Memory=95.32, Fusion=97.83 *** Best ***
  Epoch 21: Semantic=98.08, Memory=95.32, Fusion=97.99 *** Best ***
  Epoch 24: Semantic=98.50, Memory=95.32, Fusion=98.66 *** Best ***
  Epoch 27: Semantic=98.71, Memory=95.32, Fusion=98.83 *** Best ***
  Epoch 30: Semantic=99.25, Memory=95.32, Fusion=99.08 *** Best ***
  Epoch 33: Semantic=99.25, Memory=95.32, Fusion=99.16 *** Best ***
  Epoch 36: Semantic=99.08, Memory=95.32, Fusion=99.16
  Epoch 39: Semantic=99.25, Memory=95.32, Fusion=99.16
  Epoch 42: Semantic=99.16, Memory=95.32, Fusion=99.25 *** Best ***
  Epoch 45: Semantic=99.16, Memory=95.32, Fusion=99.16
  Epoch 48: Semantic=99.00, Memory=95.32, Fusion=99.08
  Epoch 51: Semantic=99.16, Memory=95.32, Fusion=99.08
  Epoch 54: Semantic=99.16, Memory=95.32, Fusion=99.25
  Epoch 57: Semantic=99.08, Memory=95.32, Fusion=99.08
  Epoch 60: Semantic=99.08, Memory=95.32, Fusion=99.25
  Epoch 63: Semantic=99.08, Memory=95.32, Fusion=99.25
  Epoch 66: Semantic=99.12, Memory=95.32, Fusion=99.25
  Epoch 69: Semantic=99.29, Memory=95.32, Fusion=99.42 *** Best ***
  Epoch 72: Semantic=99.29, Memory=95.32, Fusion=99.42
  Epoch 75: Semantic=99.21, Memory=95.32, Fusion=99.33
  Epoch 78: Semantic=99.37, Memory=95.32, Fusion=99.42
  Epoch 81: Semantic=99.33, Memory=95.32, Fusion=99.42
  Epoch 84: Semantic=99.33, Memory=95.32, Fusion=99.42
  Epoch 87: Semantic=99.29, Memory=95.32, Fusion=99.42
  Epoch 90: Semantic=99.42, Memory=95.32, Fusion=99.42
  Epoch 93: Semantic=99.37, Memory=95.32, Fusion=99.42
  Epoch 96: Semantic=99.37, Memory=95.32, Fusion=99.42
  Epoch 99: Semantic=99.42, Memory=95.32, Fusion=99.42
  Epoch 100: Semantic=99.33, Memory=95.32, Fusion=99.33
Object:grid =========================== Fusion-AUROC:99.42, Semantic:99.29, Memory:95.32


============================================================
[Prompt Configuration] Class: carpet
  - Mode: MAP+LAP (Baseline)
  - MAP prompts: 8
  - LAP prompts: 8 (generic anomaly templates)
============================================================


[PromptAD] Initializing with use_lap=True
  Epoch 3: Semantic=99.86, Memory=99.88, Fusion=99.92
  Epoch 6: Semantic=99.88, Memory=99.88, Fusion=99.92
  Epoch 9: Semantic=99.96, Memory=99.88, Fusion=100.00 *** Best ***
  Epoch 12: Semantic=100.00, Memory=99.88, Fusion=100.00
  Epoch 15: Semantic=99.96, Memory=99.88, Fusion=100.00
  Epoch 18: Semantic=100.00, Memory=99.88, Fusion=100.00
  Epoch 21: Semantic=99.96, Memory=99.88, Fusion=100.00
  Epoch 24: Semantic=99.96, Memory=99.88, Fusion=100.00
  Epoch 27: Semantic=99.96, Memory=99.88, Fusion=100.00
  Epoch 30: Semantic=99.96, Memory=99.88, Fusion=100.00
  Epoch 33: Semantic=99.96, Memory=99.88, Fusion=100.00
  Epoch 36: Semantic=99.96, Memory=99.88, Fusion=100.00
  Epoch 39: Semantic=99.96, Memory=99.88, Fusion=100.00
  Epoch 42: Semantic=99.96, Memory=99.88, Fusion=99.96
  Epoch 45: Semantic=99.92, Memory=99.88, Fusion=99.96
  Epoch 48: Semantic=99.92, Memory=99.88, Fusion=99.96
  Epoch 51: Semantic=99.92, Memory=99.88, Fusion=99.96
  Epoch 54: Semantic=99.92, Memory=99.88, Fusion=99.92
  Epoch 57: Semantic=99.92, Memory=99.88, Fusion=99.92
  Epoch 60: Semantic=99.92, Memory=99.88, Fusion=99.92
  Epoch 63: Semantic=99.92, Memory=99.88, Fusion=99.92
  Epoch 66: Semantic=99.92, Memory=99.88, Fusion=99.92
  Epoch 69: Semantic=99.92, Memory=99.88, Fusion=99.92
  Epoch 72: Semantic=99.92, Memory=99.88, Fusion=99.92
  Epoch 75: Semantic=99.92, Memory=99.88, Fusion=99.92
  Epoch 78: Semantic=99.92, Memory=99.88, Fusion=99.92
  Epoch 81: Semantic=99.90, Memory=99.88, Fusion=99.92
  Epoch 84: Semantic=99.92, Memory=99.88, Fusion=99.92
  Epoch 87: Semantic=99.92, Memory=99.88, Fusion=99.92
  Epoch 90: Semantic=99.92, Memory=99.88, Fusion=99.92
  Epoch 93: Semantic=99.92, Memory=99.88, Fusion=99.92
  Epoch 96: Semantic=99.88, Memory=99.88, Fusion=99.92
  Epoch 99: Semantic=99.88, Memory=99.88, Fusion=99.92
  Epoch 100: Semantic=99.92, Memory=99.88, Fusion=99.92
Object:carpet =========================== Fusion-AUROC:100.0, Semantic:99.96, Memory:99.88


============================================================
[Prompt Configuration] Class: leather
  - Mode: MAP+LAP (Baseline)
  - MAP prompts: 7
  - LAP prompts: 8 (generic anomaly templates)
============================================================


[PromptAD] Initializing with use_lap=True
  Epoch 3: Semantic=100.00, Memory=99.08, Fusion=99.29
  Epoch 6: Semantic=100.00, Memory=99.08, Fusion=99.46 *** Best ***
  Epoch 9: Semantic=100.00, Memory=99.08, Fusion=99.69 *** Best ***
  Epoch 12: Semantic=100.00, Memory=99.08, Fusion=99.80 *** Best ***
  Epoch 15: Semantic=100.00, Memory=99.08, Fusion=99.93 *** Best ***
  Epoch 18: Semantic=100.00, Memory=99.08, Fusion=99.97 *** Best ***
  Epoch 21: Semantic=100.00, Memory=99.08, Fusion=100.00 *** Best ***
  Epoch 24: Semantic=100.00, Memory=99.08, Fusion=100.00
  Epoch 27: Semantic=100.00, Memory=99.08, Fusion=100.00
  Epoch 30: Semantic=100.00, Memory=99.08, Fusion=100.00
  Epoch 33: Semantic=100.00, Memory=99.08, Fusion=100.00
  Epoch 36: Semantic=100.00, Memory=99.08, Fusion=100.00
  Epoch 39: Semantic=100.00, Memory=99.08, Fusion=100.00
  Epoch 42: Semantic=100.00, Memory=99.08, Fusion=100.00
  Epoch 45: Semantic=100.00, Memory=99.08, Fusion=100.00
  Epoch 48: Semantic=100.00, Memory=99.08, Fusion=100.00
  Epoch 51: Semantic=100.00, Memory=99.08, Fusion=100.00
  Epoch 54: Semantic=100.00, Memory=99.08, Fusion=100.00
  Epoch 57: Semantic=100.00, Memory=99.08, Fusion=100.00
  Epoch 60: Semantic=100.00, Memory=99.08, Fusion=100.00
  Epoch 63: Semantic=100.00, Memory=99.08, Fusion=100.00
  Epoch 66: Semantic=100.00, Memory=99.08, Fusion=100.00
  Epoch 69: Semantic=100.00, Memory=99.08, Fusion=100.00
  Epoch 72: Semantic=100.00, Memory=99.08, Fusion=100.00
  Epoch 75: Semantic=100.00, Memory=99.08, Fusion=100.00
  Epoch 78: Semantic=100.00, Memory=99.08, Fusion=100.00
  Epoch 81: Semantic=100.00, Memory=99.08, Fusion=100.00
  Epoch 84: Semantic=100.00, Memory=99.08, Fusion=100.00
  Epoch 87: Semantic=100.00, Memory=99.08, Fusion=100.00
  Epoch 90: Semantic=100.00, Memory=99.08, Fusion=100.00
  Epoch 93: Semantic=100.00, Memory=99.08, Fusion=100.00
  Epoch 96: Semantic=100.00, Memory=99.08, Fusion=100.00
  Epoch 99: Semantic=100.00, Memory=99.08, Fusion=100.00
  Epoch 100: Semantic=100.00, Memory=99.08, Fusion=100.00
Object:leather =========================== Fusion-AUROC:100.0, Semantic:100.0, Memory:99.08


============================================================
[Prompt Configuration] Class: tile
  - Mode: MAP+LAP (Baseline)
  - MAP prompts: 7
  - LAP prompts: 8 (generic anomaly templates)
============================================================


[PromptAD] Initializing with use_lap=True
  Epoch 3: Semantic=100.00, Memory=100.00, Fusion=100.00
  Epoch 6: Semantic=100.00, Memory=100.00, Fusion=100.00
  Epoch 9: Semantic=100.00, Memory=100.00, Fusion=100.00
  Epoch 12: Semantic=100.00, Memory=100.00, Fusion=100.00
  Epoch 15: Semantic=100.00, Memory=100.00, Fusion=100.00
  Epoch 18: Semantic=100.00, Memory=100.00, Fusion=100.00
  Epoch 21: Semantic=100.00, Memory=100.00, Fusion=100.00
  Epoch 24: Semantic=100.00, Memory=100.00, Fusion=100.00
  Epoch 27: Semantic=100.00, Memory=100.00, Fusion=100.00
  Epoch 30: Semantic=100.00, Memory=100.00, Fusion=100.00
  Epoch 33: Semantic=100.00, Memory=100.00, Fusion=100.00
  Epoch 36: Semantic=99.96, Memory=100.00, Fusion=100.00
  Epoch 39: Semantic=100.00, Memory=100.00, Fusion=100.00
  Epoch 42: Semantic=100.00, Memory=100.00, Fusion=100.00
  Epoch 45: Semantic=100.00, Memory=100.00, Fusion=100.00
  Epoch 48: Semantic=100.00, Memory=100.00, Fusion=100.00
  Epoch 51: Semantic=100.00, Memory=100.00, Fusion=100.00
  Epoch 54: Semantic=100.00, Memory=100.00, Fusion=100.00
  Epoch 57: Semantic=100.00, Memory=100.00, Fusion=100.00
  Epoch 60: Semantic=100.00, Memory=100.00, Fusion=100.00
  Epoch 63: Semantic=100.00, Memory=100.00, Fusion=100.00
  Epoch 66: Semantic=100.00, Memory=100.00, Fusion=100.00
  Epoch 69: Semantic=100.00, Memory=100.00, Fusion=100.00
  Epoch 72: Semantic=100.00, Memory=100.00, Fusion=100.00
  Epoch 75: Semantic=100.00, Memory=100.00, Fusion=100.00
  Epoch 78: Semantic=100.00, Memory=100.00, Fusion=100.00
  Epoch 81: Semantic=100.00, Memory=100.00, Fusion=100.00
  Epoch 84: Semantic=100.00, Memory=100.00, Fusion=100.00
  Epoch 87: Semantic=100.00, Memory=100.00, Fusion=100.00
  Epoch 90: Semantic=100.00, Memory=100.00, Fusion=100.00
  Epoch 93: Semantic=100.00, Memory=100.00, Fusion=100.00
  Epoch 96: Semantic=100.00, Memory=100.00, Fusion=100.00
  Epoch 99: Semantic=100.00, Memory=100.00, Fusion=100.00
  Epoch 100: Semantic=100.00, Memory=100.00, Fusion=100.00
Object:tile =========================== Fusion-AUROC:100.0, Semantic:100.0, Memory:100.0


============================================================
[Prompt Configuration] Class: wood
  - Mode: MAP+LAP (Baseline)
  - MAP prompts: 6
  - LAP prompts: 8 (generic anomaly templates)
============================================================


[PromptAD] Initializing with use_lap=True
  Epoch 3: Semantic=96.89, Memory=98.42, Fusion=98.60
  Epoch 6: Semantic=98.51, Memory=98.42, Fusion=98.60
  Epoch 9: Semantic=97.98, Memory=98.42, Fusion=98.60
  Epoch 12: Semantic=97.41, Memory=98.42, Fusion=98.77 *** Best ***
  Epoch 15: Semantic=97.41, Memory=98.42, Fusion=98.77 *** Best ***
  Epoch 18: Semantic=98.20, Memory=98.42, Fusion=99.04 *** Best ***
  Epoch 21: Semantic=97.98, Memory=98.42, Fusion=98.86
  Epoch 24: Semantic=97.85, Memory=98.42, Fusion=98.86
  Epoch 27: Semantic=97.76, Memory=98.42, Fusion=98.68
  Epoch 30: Semantic=97.81, Memory=98.42, Fusion=98.42
  Epoch 33: Semantic=97.46, Memory=98.42, Fusion=97.98
  Epoch 36: Semantic=97.72, Memory=98.42, Fusion=98.07
  Epoch 39: Semantic=97.37, Memory=98.42, Fusion=97.37
  Epoch 42: Semantic=97.02, Memory=98.42, Fusion=97.46
  Epoch 45: Semantic=97.11, Memory=98.42, Fusion=97.28
  Epoch 48: Semantic=97.28, Memory=98.42, Fusion=97.72
  Epoch 51: Semantic=97.24, Memory=98.42, Fusion=97.46
  Epoch 54: Semantic=97.15, Memory=98.42, Fusion=97.37
  Epoch 57: Semantic=97.11, Memory=98.42, Fusion=97.37
  Epoch 60: Semantic=97.46, Memory=98.42, Fusion=97.54
  Epoch 63: Semantic=97.15, Memory=98.42, Fusion=97.46
  Epoch 66: Semantic=97.24, Memory=98.42, Fusion=97.54
  Epoch 69: Semantic=97.19, Memory=98.42, Fusion=97.46
  Epoch 72: Semantic=97.11, Memory=98.42, Fusion=97.37
  Epoch 75: Semantic=97.11, Memory=98.42, Fusion=97.54
  Epoch 78: Semantic=97.19, Memory=98.42, Fusion=97.54
  Epoch 81: Semantic=97.11, Memory=98.42, Fusion=97.46
  Epoch 84: Semantic=97.11, Memory=98.42, Fusion=97.28
  Epoch 87: Semantic=97.02, Memory=98.42, Fusion=97.37
  Epoch 90: Semantic=97.06, Memory=98.42, Fusion=97.37
  Epoch 93: Semantic=97.11, Memory=98.42, Fusion=97.28
  Epoch 96: Semantic=97.11, Memory=98.42, Fusion=97.28
  Epoch 99: Semantic=97.11, Memory=98.42, Fusion=97.28
  Epoch 100: Semantic=97.11, Memory=98.42, Fusion=97.28
Object:wood =========================== Fusion-AUROC:99.04, Semantic:98.2, Memory:98.42


============================================================
[Prompt Configuration] Class: bottle
  - Mode: MAP+LAP (Baseline)
  - MAP prompts: 5
  - LAP prompts: 8 (generic anomaly templates)
============================================================


[PromptAD] Initializing with use_lap=True
  Epoch 3: Semantic=97.38, Memory=99.68, Fusion=99.68
  Epoch 6: Semantic=95.00, Memory=99.68, Fusion=99.60
  Epoch 9: Semantic=92.66, Memory=99.68, Fusion=99.60
  Epoch 12: Semantic=95.56, Memory=99.68, Fusion=99.60
  Epoch 15: Semantic=94.92, Memory=99.68, Fusion=99.60
  Epoch 18: Semantic=95.40, Memory=99.68, Fusion=99.52
  Epoch 21: Semantic=95.79, Memory=99.68, Fusion=99.37
  Epoch 24: Semantic=96.67, Memory=99.68, Fusion=99.29
  Epoch 27: Semantic=97.54, Memory=99.68, Fusion=99.52
  Epoch 30: Semantic=97.98, Memory=99.68, Fusion=99.37
  Epoch 33: Semantic=98.21, Memory=99.68, Fusion=99.37
  Epoch 36: Semantic=98.25, Memory=99.68, Fusion=99.37
  Epoch 39: Semantic=98.37, Memory=99.68, Fusion=99.21
  Epoch 42: Semantic=98.41, Memory=99.68, Fusion=99.13
  Epoch 45: Semantic=98.49, Memory=99.68, Fusion=99.13
  Epoch 48: Semantic=98.61, Memory=99.68, Fusion=99.05
  Epoch 51: Semantic=98.65, Memory=99.68, Fusion=99.13
  Epoch 54: Semantic=98.69, Memory=99.68, Fusion=99.13
  Epoch 57: Semantic=98.57, Memory=99.68, Fusion=98.97
  Epoch 60: Semantic=98.65, Memory=99.68, Fusion=98.97
  Epoch 63: Semantic=98.57, Memory=99.68, Fusion=99.05
  Epoch 66: Semantic=98.73, Memory=99.68, Fusion=99.05
  Epoch 69: Semantic=98.69, Memory=99.68, Fusion=99.05
  Epoch 72: Semantic=98.77, Memory=99.68, Fusion=99.05
  Epoch 75: Semantic=98.77, Memory=99.68, Fusion=99.05
  Epoch 78: Semantic=98.81, Memory=99.68, Fusion=99.05
  Epoch 81: Semantic=98.81, Memory=99.68, Fusion=99.05
  Epoch 84: Semantic=98.77, Memory=99.68, Fusion=98.97
  Epoch 87: Semantic=98.81, Memory=99.68, Fusion=99.05
  Epoch 90: Semantic=98.77, Memory=99.68, Fusion=98.97
  Epoch 93: Semantic=98.77, Memory=99.68, Fusion=98.97
  Epoch 96: Semantic=98.81, Memory=99.68, Fusion=98.97
  Epoch 99: Semantic=98.77, Memory=99.68, Fusion=98.97
  Epoch 100: Semantic=98.77, Memory=99.68, Fusion=98.97
Object:bottle =========================== Fusion-AUROC:99.68, Semantic:97.38, Memory:99.68


============================================================
[Prompt Configuration] Class: capsule
  - Mode: MAP+LAP (Baseline)
  - MAP prompts: 7
  - LAP prompts: 8 (generic anomaly templates)
============================================================


[PromptAD] Initializing with use_lap=True
  Epoch 3: Semantic=88.53, Memory=84.16, Fusion=84.56
  Epoch 6: Semantic=88.07, Memory=84.16, Fusion=84.88 *** Best ***
  Epoch 9: Semantic=91.86, Memory=84.16, Fusion=85.00 *** Best ***
  Epoch 12: Semantic=92.46, Memory=84.16, Fusion=85.52 *** Best ***
  Epoch 15: Semantic=92.38, Memory=84.16, Fusion=86.28 *** Best ***
  Epoch 18: Semantic=91.78, Memory=84.16, Fusion=87.51 *** Best ***
  Epoch 21: Semantic=90.95, Memory=84.16, Fusion=89.87 *** Best ***
  Epoch 24: Semantic=91.14, Memory=84.16, Fusion=91.50 *** Best ***
  Epoch 27: Semantic=92.18, Memory=84.16, Fusion=92.42 *** Best ***
  Epoch 30: Semantic=92.76, Memory=84.16, Fusion=92.74 *** Best ***
  Epoch 33: Semantic=92.52, Memory=84.16, Fusion=92.94 *** Best ***
  Epoch 36: Semantic=91.46, Memory=84.16, Fusion=92.98 *** Best ***
  Epoch 39: Semantic=91.42, Memory=84.16, Fusion=93.62 *** Best ***
  Epoch 42: Semantic=91.50, Memory=84.16, Fusion=93.66 *** Best ***
  Epoch 45: Semantic=90.21, Memory=84.16, Fusion=92.62
  Epoch 48: Semantic=90.73, Memory=84.16, Fusion=93.06
  Epoch 51: Semantic=89.35, Memory=84.16, Fusion=92.50
  Epoch 54: Semantic=89.51, Memory=84.16, Fusion=92.22
  Epoch 57: Semantic=89.47, Memory=84.16, Fusion=91.98
  Epoch 60: Semantic=89.07, Memory=84.16, Fusion=91.54
  Epoch 63: Semantic=88.71, Memory=84.16, Fusion=91.34
  Epoch 66: Semantic=88.91, Memory=84.16, Fusion=91.30
  Epoch 69: Semantic=88.67, Memory=84.16, Fusion=90.87
  Epoch 72: Semantic=88.57, Memory=84.16, Fusion=90.59
  Epoch 75: Semantic=88.49, Memory=84.16, Fusion=90.43
  Epoch 78: Semantic=88.45, Memory=84.16, Fusion=90.51
  Epoch 81: Semantic=88.33, Memory=84.16, Fusion=90.39
  Epoch 84: Semantic=88.37, Memory=84.16, Fusion=90.35
  Epoch 87: Semantic=88.31, Memory=84.16, Fusion=90.23
  Epoch 90: Semantic=88.29, Memory=84.16, Fusion=90.27
  Epoch 93: Semantic=88.25, Memory=84.16, Fusion=90.23
  Epoch 96: Semantic=88.25, Memory=84.16, Fusion=90.23
  Epoch 99: Semantic=88.29, Memory=84.16, Fusion=90.19
  Epoch 100: Semantic=88.35, Memory=84.16, Fusion=90.27
Object:capsule =========================== Fusion-AUROC:93.66, Semantic:91.5, Memory:84.16


============================================================
[Prompt Configuration] Class: cable
  - Mode: MAP+LAP (Baseline)
  - MAP prompts: 7
  - LAP prompts: 8 (generic anomaly templates)
============================================================


[PromptAD] Initializing with use_lap=True
  Epoch 3: Semantic=82.19, Memory=95.43, Fusion=95.50
  Epoch 6: Semantic=86.15, Memory=95.43, Fusion=95.75 *** Best ***
  Epoch 9: Semantic=88.73, Memory=95.43, Fusion=96.31 *** Best ***
  Epoch 12: Semantic=87.51, Memory=95.43, Fusion=96.98 *** Best ***
  Epoch 15: Semantic=88.50, Memory=95.43, Fusion=97.68 *** Best ***
  Epoch 18: Semantic=87.65, Memory=95.43, Fusion=97.43
  Epoch 21: Semantic=87.59, Memory=95.43, Fusion=96.76
  Epoch 24: Semantic=89.05, Memory=95.43, Fusion=95.69
  Epoch 27: Semantic=88.25, Memory=95.43, Fusion=95.13
  Epoch 30: Semantic=90.38, Memory=95.43, Fusion=94.58
  Epoch 33: Semantic=91.11, Memory=95.43, Fusion=94.08
  Epoch 36: Semantic=91.28, Memory=95.43, Fusion=93.38
  Epoch 39: Semantic=90.49, Memory=95.43, Fusion=92.35
  Epoch 42: Semantic=91.44, Memory=95.43, Fusion=92.93
  Epoch 45: Semantic=91.08, Memory=95.43, Fusion=92.37
  Epoch 48: Semantic=91.61, Memory=95.43, Fusion=92.73
  Epoch 51: Semantic=91.63, Memory=95.43, Fusion=92.62
  Epoch 54: Semantic=91.63, Memory=95.43, Fusion=92.50
  Epoch 57: Semantic=91.35, Memory=95.43, Fusion=92.15
  Epoch 60: Semantic=91.45, Memory=95.43, Fusion=92.13
  Epoch 63: Semantic=91.36, Memory=95.43, Fusion=92.09
  Epoch 66: Semantic=91.30, Memory=95.43, Fusion=92.09
  Epoch 69: Semantic=91.36, Memory=95.43, Fusion=92.00
  Epoch 72: Semantic=91.34, Memory=95.43, Fusion=91.92
  Epoch 75: Semantic=91.38, Memory=95.43, Fusion=91.98
  Epoch 78: Semantic=91.43, Memory=95.43, Fusion=92.00
  Epoch 81: Semantic=91.44, Memory=95.43, Fusion=92.02
  Epoch 84: Semantic=91.42, Memory=95.43, Fusion=91.96
  Epoch 87: Semantic=91.42, Memory=95.43, Fusion=91.96
  Epoch 90: Semantic=91.42, Memory=95.43, Fusion=91.92
  Epoch 93: Semantic=91.41, Memory=95.43, Fusion=91.94
  Epoch 96: Semantic=91.44, Memory=95.43, Fusion=91.94
  Epoch 99: Semantic=91.42, Memory=95.43, Fusion=91.96
  Epoch 100: Semantic=91.44, Memory=95.43, Fusion=91.98
Object:cable =========================== Fusion-AUROC:97.68, Semantic:88.5, Memory:95.43


============================================================
[Prompt Configuration] Class: metal nut
  - Mode: MAP+LAP (Baseline)
  - MAP prompts: 6
  - LAP prompts: 8 (generic anomaly templates)
============================================================


[PromptAD] Initializing with use_lap=True
  Epoch 3: Semantic=91.94, Memory=100.00, Fusion=100.00
  Epoch 6: Semantic=87.51, Memory=100.00, Fusion=100.00
  Epoch 9: Semantic=87.19, Memory=100.00, Fusion=100.00
  Epoch 12: Semantic=86.12, Memory=100.00, Fusion=100.00
  Epoch 15: Semantic=89.05, Memory=100.00, Fusion=100.00
  Epoch 18: Semantic=95.09, Memory=100.00, Fusion=100.00
  Epoch 21: Semantic=92.13, Memory=100.00, Fusion=100.00
  Epoch 24: Semantic=92.42, Memory=100.00, Fusion=99.95
  Epoch 27: Semantic=93.13, Memory=100.00, Fusion=99.27
  Epoch 30: Semantic=92.45, Memory=100.00, Fusion=98.78
  Epoch 33: Semantic=92.57, Memory=100.00, Fusion=98.00
  Epoch 36: Semantic=92.64, Memory=100.00, Fusion=97.31
  Epoch 39: Semantic=92.55, Memory=100.00, Fusion=95.99
  Epoch 42: Semantic=92.72, Memory=100.00, Fusion=95.80
  Epoch 45: Semantic=93.60, Memory=100.00, Fusion=95.80
  Epoch 48: Semantic=93.26, Memory=100.00, Fusion=95.26
  Epoch 51: Semantic=93.08, Memory=100.00, Fusion=94.97
  Epoch 54: Semantic=93.28, Memory=100.00, Fusion=94.87
  Epoch 57: Semantic=92.86, Memory=100.00, Fusion=94.53
  Epoch 60: Semantic=93.04, Memory=100.00, Fusion=94.57
  Epoch 63: Semantic=93.18, Memory=100.00, Fusion=94.62
  Epoch 66: Semantic=92.91, Memory=100.00, Fusion=94.43
  Epoch 69: Semantic=92.74, Memory=100.00, Fusion=94.13
  Epoch 72: Semantic=92.89, Memory=100.00, Fusion=94.28
  Epoch 75: Semantic=92.91, Memory=100.00, Fusion=94.18
  Epoch 78: Semantic=92.82, Memory=100.00, Fusion=94.13
  Epoch 81: Semantic=92.94, Memory=100.00, Fusion=94.09
  Epoch 84: Semantic=92.79, Memory=100.00, Fusion=94.09
  Epoch 87: Semantic=92.69, Memory=100.00, Fusion=94.04
  Epoch 90: Semantic=92.50, Memory=100.00, Fusion=93.84
  Epoch 93: Semantic=92.77, Memory=100.00, Fusion=94.04
  Epoch 96: Semantic=92.72, Memory=100.00, Fusion=94.13
  Epoch 99: Semantic=92.74, Memory=100.00, Fusion=94.09
  Epoch 100: Semantic=92.69, Memory=100.00, Fusion=93.99
Object:metal_nut =========================== Fusion-AUROC:100.0, Semantic:91.94, Memory:100.0


============================================================
[Prompt Configuration] Class: hazelnut
  - Mode: MAP+LAP (Baseline)
  - MAP prompts: 6
  - LAP prompts: 8 (generic anomaly templates)
============================================================


[PromptAD] Initializing with use_lap=True
  Epoch 3: Semantic=92.79, Memory=100.00, Fusion=100.00
  Epoch 6: Semantic=91.80, Memory=100.00, Fusion=99.96
  Epoch 9: Semantic=92.55, Memory=100.00, Fusion=100.00
  Epoch 12: Semantic=91.93, Memory=100.00, Fusion=100.00
  Epoch 15: Semantic=90.16, Memory=100.00, Fusion=99.96
  Epoch 18: Semantic=85.77, Memory=100.00, Fusion=99.71
  Epoch 21: Semantic=86.23, Memory=100.00, Fusion=99.18
  Epoch 24: Semantic=86.70, Memory=100.00, Fusion=97.64
  Epoch 27: Semantic=86.71, Memory=100.00, Fusion=95.93
  Epoch 30: Semantic=86.68, Memory=100.00, Fusion=93.71
  Epoch 33: Semantic=86.43, Memory=100.00, Fusion=91.61
  Epoch 36: Semantic=87.20, Memory=100.00, Fusion=90.82
  Epoch 39: Semantic=87.04, Memory=100.00, Fusion=89.64
  Epoch 42: Semantic=86.91, Memory=100.00, Fusion=88.86
  Epoch 45: Semantic=86.86, Memory=100.00, Fusion=88.39
  Epoch 48: Semantic=86.88, Memory=100.00, Fusion=88.04
  Epoch 51: Semantic=86.95, Memory=100.00, Fusion=87.82
  Epoch 54: Semantic=87.18, Memory=100.00, Fusion=87.82
  Epoch 57: Semantic=87.20, Memory=100.00, Fusion=87.61
  Epoch 60: Semantic=87.18, Memory=100.00, Fusion=87.71
  Epoch 63: Semantic=87.05, Memory=100.00, Fusion=87.71
  Epoch 66: Semantic=87.14, Memory=100.00, Fusion=87.68
  Epoch 69: Semantic=87.09, Memory=100.00, Fusion=87.54
  Epoch 72: Semantic=87.09, Memory=100.00, Fusion=87.68
  Epoch 75: Semantic=87.12, Memory=100.00, Fusion=87.68
  Epoch 78: Semantic=87.09, Memory=100.00, Fusion=87.71
  Epoch 81: Semantic=87.00, Memory=100.00, Fusion=87.57
  Epoch 84: Semantic=87.04, Memory=100.00, Fusion=87.68
  Epoch 87: Semantic=87.00, Memory=100.00, Fusion=87.71
  Epoch 90: Semantic=87.07, Memory=100.00, Fusion=87.57
  Epoch 93: Semantic=87.04, Memory=100.00, Fusion=87.64
  Epoch 96: Semantic=87.00, Memory=100.00, Fusion=87.64
  Epoch 99: Semantic=86.96, Memory=100.00, Fusion=87.64
  Epoch 100: Semantic=87.04, Memory=100.00, Fusion=87.64
Object:hazelnut =========================== Fusion-AUROC:100.0, Semantic:92.79, Memory:100.0


============================================================
[Prompt Configuration] Class: pill
  - Mode: MAP+LAP (Baseline)
  - MAP prompts: 8
  - LAP prompts: 8 (generic anomaly templates)
============================================================


[PromptAD] Initializing with use_lap=True
  Epoch 3: Semantic=84.34, Memory=94.79, Fusion=95.09
  Epoch 6: Semantic=86.44, Memory=94.79, Fusion=95.20 *** Best ***
  Epoch 9: Semantic=86.33, Memory=94.79, Fusion=95.25 *** Best ***
  Epoch 12: Semantic=90.33, Memory=94.79, Fusion=95.36 *** Best ***
  Epoch 15: Semantic=89.83, Memory=94.79, Fusion=95.34
  Epoch 18: Semantic=88.98, Memory=94.79, Fusion=95.31
  Epoch 21: Semantic=88.22, Memory=94.79, Fusion=95.23
  Epoch 24: Semantic=89.05, Memory=94.79, Fusion=95.34
  Epoch 27: Semantic=88.07, Memory=94.79, Fusion=95.72 *** Best ***
  Epoch 30: Semantic=88.00, Memory=94.79, Fusion=95.66
  Epoch 33: Semantic=88.00, Memory=94.79, Fusion=95.06
  Epoch 36: Semantic=88.03, Memory=94.79, Fusion=94.84
  Epoch 39: Semantic=88.18, Memory=94.79, Fusion=94.68
  Epoch 42: Semantic=87.82, Memory=94.79, Fusion=93.84
  Epoch 45: Semantic=87.86, Memory=94.79, Fusion=93.24
  Epoch 48: Semantic=87.63, Memory=94.79, Fusion=92.74
  Epoch 51: Semantic=87.49, Memory=94.79, Fusion=92.14
  Epoch 54: Semantic=87.49, Memory=94.79, Fusion=91.76
  Epoch 57: Semantic=87.03, Memory=94.79, Fusion=91.03
  Epoch 60: Semantic=87.22, Memory=94.79, Fusion=90.89
  Epoch 63: Semantic=87.06, Memory=94.79, Fusion=90.45
  Epoch 66: Semantic=86.84, Memory=94.79, Fusion=90.21
  Epoch 69: Semantic=87.00, Memory=94.79, Fusion=90.07
  Epoch 72: Semantic=86.82, Memory=94.79, Fusion=89.93
  Epoch 75: Semantic=86.99, Memory=94.79, Fusion=89.91
  Epoch 78: Semantic=86.87, Memory=94.79, Fusion=89.85
  Epoch 81: Semantic=86.84, Memory=94.79, Fusion=89.58
  Epoch 84: Semantic=86.70, Memory=94.79, Fusion=89.53
  Epoch 87: Semantic=86.81, Memory=94.79, Fusion=89.50
  Epoch 90: Semantic=86.62, Memory=94.79, Fusion=89.42
  Epoch 93: Semantic=86.77, Memory=94.79, Fusion=89.50
  Epoch 96: Semantic=86.65, Memory=94.79, Fusion=89.42
  Epoch 99: Semantic=86.69, Memory=94.79, Fusion=89.61
  Epoch 100: Semantic=86.78, Memory=94.79, Fusion=89.50
Object:pill =========================== Fusion-AUROC:95.72, Semantic:88.07, Memory:94.79


============================================================
[Prompt Configuration] Class: screw
  - Mode: MAP+LAP (Baseline)
  - MAP prompts: 5
  - LAP prompts: 8 (generic anomaly templates)
============================================================


[PromptAD] Initializing with use_lap=True
  Epoch 3: Semantic=66.18, Memory=66.20, Fusion=66.82
  Epoch 6: Semantic=64.75, Memory=66.20, Fusion=67.02 *** Best ***
  Epoch 9: Semantic=59.90, Memory=66.20, Fusion=67.06 *** Best ***
  Epoch 12: Semantic=59.50, Memory=66.20, Fusion=66.90
  Epoch 15: Semantic=59.12, Memory=66.20, Fusion=65.34
  Epoch 18: Semantic=58.60, Memory=66.20, Fusion=62.45
  Epoch 21: Semantic=54.46, Memory=66.20, Fusion=58.97
  Epoch 24: Semantic=54.49, Memory=66.20, Fusion=57.80
  Epoch 27: Semantic=55.75, Memory=66.20, Fusion=58.09
  Epoch 30: Semantic=55.46, Memory=66.20, Fusion=57.08
  Epoch 33: Semantic=54.72, Memory=66.20, Fusion=55.79
  Epoch 36: Semantic=54.32, Memory=66.20, Fusion=55.28
  Epoch 39: Semantic=54.82, Memory=66.20, Fusion=55.52
  Epoch 42: Semantic=54.58, Memory=66.20, Fusion=55.40
  Epoch 45: Semantic=54.15, Memory=66.20, Fusion=54.68
  Epoch 48: Semantic=54.29, Memory=66.20, Fusion=54.66
  Epoch 51: Semantic=54.36, Memory=66.20, Fusion=54.97
  Epoch 54: Semantic=54.64, Memory=66.20, Fusion=55.22
  Epoch 57: Semantic=54.89, Memory=66.20, Fusion=55.38
  Epoch 60: Semantic=54.96, Memory=66.20, Fusion=55.22
  Epoch 63: Semantic=54.94, Memory=66.20, Fusion=55.34
  Epoch 66: Semantic=54.98, Memory=66.20, Fusion=55.34
  Epoch 69: Semantic=54.93, Memory=66.20, Fusion=55.36
  Epoch 72: Semantic=55.03, Memory=66.20, Fusion=55.36
  Epoch 75: Semantic=55.21, Memory=66.20, Fusion=55.56
  Epoch 78: Semantic=55.36, Memory=66.20, Fusion=55.65
  Epoch 81: Semantic=55.22, Memory=66.20, Fusion=55.61
  Epoch 84: Semantic=55.18, Memory=66.20, Fusion=55.61
  Epoch 87: Semantic=55.19, Memory=66.20, Fusion=55.63
  Epoch 90: Semantic=55.13, Memory=66.20, Fusion=55.52
  Epoch 93: Semantic=55.27, Memory=66.20, Fusion=55.67
  Epoch 96: Semantic=55.28, Memory=66.20, Fusion=55.65
  Epoch 99: Semantic=55.26, Memory=66.20, Fusion=55.63
  Epoch 100: Semantic=55.33, Memory=66.20, Fusion=55.73
Object:screw =========================== Fusion-AUROC:67.06, Semantic:59.9, Memory:66.2


============================================================
[Prompt Configuration] Class: toothbrush
  - Mode: MAP+LAP (Baseline)
  - MAP prompts: 4
  - LAP prompts: 8 (generic anomaly templates)
============================================================


[PromptAD] Initializing with use_lap=True
  Epoch 3: Semantic=76.81, Memory=97.22, Fusion=97.22
  Epoch 6: Semantic=78.89, Memory=97.22, Fusion=97.22
  Epoch 9: Semantic=76.53, Memory=97.22, Fusion=97.22
  Epoch 12: Semantic=80.97, Memory=97.22, Fusion=97.22
  Epoch 15: Semantic=84.17, Memory=97.22, Fusion=97.22
  Epoch 18: Semantic=86.94, Memory=97.22, Fusion=97.50 *** Best ***
  Epoch 21: Semantic=87.36, Memory=97.22, Fusion=97.22
  Epoch 24: Semantic=86.94, Memory=97.22, Fusion=96.67
  Epoch 27: Semantic=83.47, Memory=97.22, Fusion=95.56
  Epoch 30: Semantic=86.39, Memory=97.22, Fusion=95.00
  Epoch 33: Semantic=83.89, Memory=97.22, Fusion=92.78
  Epoch 36: Semantic=85.56, Memory=97.22, Fusion=90.56
  Epoch 39: Semantic=85.83, Memory=97.22, Fusion=90.56
  Epoch 42: Semantic=85.56, Memory=97.22, Fusion=90.28
  Epoch 45: Semantic=86.25, Memory=97.22, Fusion=89.44
  Epoch 48: Semantic=86.39, Memory=97.22, Fusion=88.89
  Epoch 51: Semantic=87.22, Memory=97.22, Fusion=88.89
  Epoch 54: Semantic=88.61, Memory=97.22, Fusion=89.72
  Epoch 57: Semantic=88.89, Memory=97.22, Fusion=89.72
  Epoch 60: Semantic=88.89, Memory=97.22, Fusion=89.72
  Epoch 63: Semantic=89.72, Memory=97.22, Fusion=90.00
  Epoch 66: Semantic=89.58, Memory=97.22, Fusion=90.00
  Epoch 69: Semantic=90.00, Memory=97.22, Fusion=90.00
  Epoch 72: Semantic=89.72, Memory=97.22, Fusion=90.00
  Epoch 75: Semantic=89.72, Memory=97.22, Fusion=90.28
  Epoch 78: Semantic=89.72, Memory=97.22, Fusion=90.00
  Epoch 81: Semantic=89.72, Memory=97.22, Fusion=90.00
  Epoch 84: Semantic=89.72, Memory=97.22, Fusion=90.00
  Epoch 87: Semantic=89.72, Memory=97.22, Fusion=90.28
  Epoch 90: Semantic=89.72, Memory=97.22, Fusion=90.28
  Epoch 93: Semantic=89.72, Memory=97.22, Fusion=90.28
  Epoch 96: Semantic=89.72, Memory=97.22, Fusion=90.28
  Epoch 99: Semantic=89.72, Memory=97.22, Fusion=90.28
  Epoch 100: Semantic=89.72, Memory=97.22, Fusion=90.28
Object:toothbrush =========================== Fusion-AUROC:97.5, Semantic:86.94, Memory:97.22


============================================================
[Prompt Configuration] Class: transistor
  - Mode: MAP+LAP (Baseline)
  - MAP prompts: 6
  - LAP prompts: 8 (generic anomaly templates)
============================================================


[PromptAD] Initializing with use_lap=True
  Epoch 3: Semantic=88.98, Memory=87.54, Fusion=88.08
  Epoch 6: Semantic=90.83, Memory=87.54, Fusion=88.25 *** Best ***
  Epoch 9: Semantic=91.31, Memory=87.54, Fusion=88.62 *** Best ***
  Epoch 12: Semantic=92.46, Memory=87.54, Fusion=89.04 *** Best ***
  Epoch 15: Semantic=92.81, Memory=87.54, Fusion=89.67 *** Best ***
  Epoch 18: Semantic=92.98, Memory=87.54, Fusion=90.88 *** Best ***
  Epoch 21: Semantic=91.98, Memory=87.54, Fusion=91.25 *** Best ***
  Epoch 24: Semantic=91.27, Memory=87.54, Fusion=91.96 *** Best ***
  Epoch 27: Semantic=90.92, Memory=87.54, Fusion=93.00 *** Best ***
  Epoch 30: Semantic=91.00, Memory=87.54, Fusion=93.25 *** Best ***
  Epoch 33: Semantic=90.77, Memory=87.54, Fusion=93.33 *** Best ***
  Epoch 36: Semantic=91.25, Memory=87.54, Fusion=93.71 *** Best ***
  Epoch 39: Semantic=91.04, Memory=87.54, Fusion=93.88 *** Best ***
  Epoch 42: Semantic=90.92, Memory=87.54, Fusion=93.88
  Epoch 45: Semantic=91.00, Memory=87.54, Fusion=93.50
  Epoch 48: Semantic=91.00, Memory=87.54, Fusion=93.25
  Epoch 51: Semantic=90.83, Memory=87.54, Fusion=92.92
  Epoch 54: Semantic=90.92, Memory=87.54, Fusion=92.83
  Epoch 57: Semantic=91.02, Memory=87.54, Fusion=92.71
  Epoch 60: Semantic=91.02, Memory=87.54, Fusion=92.54
  Epoch 63: Semantic=90.90, Memory=87.54, Fusion=92.67
  Epoch 66: Semantic=90.81, Memory=87.54, Fusion=92.58
  Epoch 69: Semantic=90.92, Memory=87.54, Fusion=92.42
  Epoch 72: Semantic=90.85, Memory=87.54, Fusion=92.21
  Epoch 75: Semantic=91.04, Memory=87.54, Fusion=92.29
  Epoch 78: Semantic=90.92, Memory=87.54, Fusion=92.17
  Epoch 81: Semantic=90.92, Memory=87.54, Fusion=92.21
  Epoch 84: Semantic=90.85, Memory=87.54, Fusion=92.12
  Epoch 87: Semantic=90.90, Memory=87.54, Fusion=92.17
  Epoch 90: Semantic=90.75, Memory=87.54, Fusion=92.12
  Epoch 93: Semantic=90.73, Memory=87.54, Fusion=92.08
  Epoch 96: Semantic=90.79, Memory=87.54, Fusion=92.08
  Epoch 99: Semantic=90.79, Memory=87.54, Fusion=92.12
  Epoch 100: Semantic=90.62, Memory=87.54, Fusion=92.04
Object:transistor =========================== Fusion-AUROC:93.88, Semantic:91.04, Memory:87.54


============================================================
[Prompt Configuration] Class: zipper
  - Mode: MAP+LAP (Baseline)
  - MAP prompts: 8
  - LAP prompts: 8 (generic anomaly templates)
============================================================


[PromptAD] Initializing with use_lap=True
  Epoch 3: Semantic=78.76, Memory=91.89, Fusion=91.94
  Epoch 6: Semantic=87.26, Memory=91.89, Fusion=92.12 *** Best ***
  Epoch 9: Semantic=88.34, Memory=91.89, Fusion=92.23 *** Best ***
  Epoch 12: Semantic=89.98, Memory=91.89, Fusion=92.65 *** Best ***
  Epoch 15: Semantic=93.97, Memory=91.89, Fusion=93.54 *** Best ***
  Epoch 18: Semantic=93.87, Memory=91.89, Fusion=94.33 *** Best ***
  Epoch 21: Semantic=97.18, Memory=91.89, Fusion=96.64 *** Best ***
  Epoch 24: Semantic=97.24, Memory=91.89, Fusion=97.77 *** Best ***
  Epoch 27: Semantic=97.28, Memory=91.89, Fusion=97.87 *** Best ***
  Epoch 30: Semantic=97.40, Memory=91.89, Fusion=97.90 *** Best ***
  Epoch 33: Semantic=97.20, Memory=91.89, Fusion=97.74
  Epoch 36: Semantic=96.95, Memory=91.89, Fusion=97.53
  Epoch 39: Semantic=97.01, Memory=91.89, Fusion=97.51
  Epoch 42: Semantic=97.07, Memory=91.89, Fusion=97.43
  Epoch 45: Semantic=97.27, Memory=91.89, Fusion=97.56
  Epoch 48: Semantic=97.22, Memory=91.89, Fusion=97.51
  Epoch 51: Semantic=97.26, Memory=91.89, Fusion=97.43
  Epoch 54: Semantic=97.22, Memory=91.89, Fusion=97.51
  Epoch 57: Semantic=97.26, Memory=91.89, Fusion=97.48
  Epoch 60: Semantic=97.16, Memory=91.89, Fusion=97.43
  Epoch 63: Semantic=97.14, Memory=91.89, Fusion=97.37
  Epoch 66: Semantic=97.09, Memory=91.89, Fusion=97.35
  Epoch 69: Semantic=97.06, Memory=91.89, Fusion=97.35
  Epoch 72: Semantic=97.11, Memory=91.89, Fusion=97.35
  Epoch 75: Semantic=97.07, Memory=91.89, Fusion=97.32
  Epoch 78: Semantic=97.05, Memory=91.89, Fusion=97.24
  Epoch 81: Semantic=97.05, Memory=91.89, Fusion=97.32
  Epoch 84: Semantic=97.07, Memory=91.89, Fusion=97.30
  Epoch 87: Semantic=96.99, Memory=91.89, Fusion=97.32
  Epoch 90: Semantic=97.02, Memory=91.89, Fusion=97.30
  Epoch 93: Semantic=97.06, Memory=91.89, Fusion=97.30
  Epoch 96: Semantic=96.99, Memory=91.89, Fusion=97.27
  Epoch 99: Semantic=97.03, Memory=91.89, Fusion=97.30
  Epoch 100: Semantic=97.02, Memory=91.89, Fusion=97.27
Object:zipper =========================== Fusion-AUROC:97.9, Semantic:97.4, Memory:91.89


============================================================
[Prompt Configuration] Class: capsules
  - Mode: MAP+LAP (Baseline)
  - MAP prompts: 7
  - LAP prompts: 8 (generic anomaly templates)
============================================================


[PromptAD] Initializing with use_lap=True
  Epoch 3: Semantic=58.36, Memory=70.26, Fusion=70.13
  Epoch 6: Semantic=56.77, Memory=70.26, Fusion=70.17 *** Best ***
  Epoch 9: Semantic=55.55, Memory=70.26, Fusion=69.98
  Epoch 12: Semantic=61.55, Memory=70.26, Fusion=70.34 *** Best ***
  Epoch 15: Semantic=56.37, Memory=70.26, Fusion=69.56
  Epoch 18: Semantic=57.19, Memory=70.26, Fusion=68.94
  Epoch 21: Semantic=54.41, Memory=70.26, Fusion=68.47
  Epoch 24: Semantic=49.71, Memory=70.26, Fusion=64.17
  Epoch 27: Semantic=49.23, Memory=70.26, Fusion=62.28
  Epoch 30: Semantic=49.20, Memory=70.26, Fusion=59.73
  Epoch 33: Semantic=50.43, Memory=70.26, Fusion=58.51
  Epoch 36: Semantic=50.87, Memory=70.26, Fusion=57.15
  Epoch 39: Semantic=51.63, Memory=70.26, Fusion=56.64
  Epoch 42: Semantic=53.28, Memory=70.26, Fusion=57.21
  Epoch 45: Semantic=55.19, Memory=70.26, Fusion=58.45
  Epoch 48: Semantic=56.58, Memory=70.26, Fusion=59.23
  Epoch 51: Semantic=57.51, Memory=70.26, Fusion=59.79
  Epoch 54: Semantic=58.59, Memory=70.26, Fusion=60.55
  Epoch 57: Semantic=59.50, Memory=70.26, Fusion=61.19
  Epoch 60: Semantic=59.66, Memory=70.26, Fusion=61.19
  Epoch 63: Semantic=60.14, Memory=70.26, Fusion=61.56
  Epoch 66: Semantic=60.26, Memory=70.26, Fusion=61.53
  Epoch 69: Semantic=60.56, Memory=70.26, Fusion=61.85
  Epoch 72: Semantic=60.69, Memory=70.26, Fusion=61.89
  Epoch 75: Semantic=60.94, Memory=70.26, Fusion=62.11
  Epoch 78: Semantic=61.16, Memory=70.26, Fusion=62.28
  Epoch 81: Semantic=61.15, Memory=70.26, Fusion=62.33
  Epoch 84: Semantic=61.36, Memory=70.26, Fusion=62.44
  Epoch 87: Semantic=61.38, Memory=70.26, Fusion=62.43
  Epoch 90: Semantic=61.50, Memory=70.26, Fusion=62.59
  Epoch 93: Semantic=61.54, Memory=70.26, Fusion=62.59
  Epoch 96: Semantic=61.43, Memory=70.26, Fusion=62.50
  Epoch 99: Semantic=61.48, Memory=70.26, Fusion=62.54
  Epoch 100: Semantic=61.44, Memory=70.26, Fusion=62.55
Object:capsules =========================== Fusion-AUROC:70.34, Semantic:61.55, Memory:70.26


============================================================
[Prompt Configuration] Class: candle
  - Mode: MAP+LAP (Baseline)
  - MAP prompts: 9
  - LAP prompts: 8 (generic anomaly templates)
============================================================


[PromptAD] Initializing with use_lap=True
  Epoch 3: Semantic=95.08, Memory=86.08, Fusion=86.41
  Epoch 6: Semantic=93.44, Memory=86.08, Fusion=86.42 *** Best ***
  Epoch 9: Semantic=95.23, Memory=86.08, Fusion=86.72 *** Best ***
  Epoch 12: Semantic=95.43, Memory=86.08, Fusion=86.98 *** Best ***
  Epoch 15: Semantic=94.92, Memory=86.08, Fusion=87.15 *** Best ***
  Epoch 18: Semantic=94.65, Memory=86.08, Fusion=87.59 *** Best ***
  Epoch 21: Semantic=94.84, Memory=86.08, Fusion=88.52 *** Best ***
  Epoch 24: Semantic=94.75, Memory=86.08, Fusion=89.60 *** Best ***
  Epoch 27: Semantic=94.95, Memory=86.08, Fusion=90.97 *** Best ***
  Epoch 30: Semantic=95.17, Memory=86.08, Fusion=92.37 *** Best ***
  Epoch 33: Semantic=95.28, Memory=86.08, Fusion=90.61
  Epoch 36: Semantic=94.93, Memory=86.08, Fusion=90.69
  Epoch 39: Semantic=95.22, Memory=86.08, Fusion=92.11
  Epoch 42: Semantic=95.44, Memory=86.08, Fusion=93.71 *** Best ***
  Epoch 45: Semantic=95.23, Memory=86.08, Fusion=95.03 *** Best ***
  Epoch 48: Semantic=95.04, Memory=86.08, Fusion=95.43 *** Best ***
  Epoch 51: Semantic=95.00, Memory=86.08, Fusion=95.58 *** Best ***
  Epoch 54: Semantic=94.82, Memory=86.08, Fusion=95.47
  Epoch 57: Semantic=94.71, Memory=86.08, Fusion=95.43
  Epoch 60: Semantic=94.62, Memory=86.08, Fusion=95.35
  Epoch 63: Semantic=94.52, Memory=86.08, Fusion=95.22
  Epoch 66: Semantic=94.41, Memory=86.08, Fusion=95.11
  Epoch 69: Semantic=94.24, Memory=86.08, Fusion=94.94
  Epoch 72: Semantic=94.13, Memory=86.08, Fusion=94.82
  Epoch 75: Semantic=94.04, Memory=86.08, Fusion=94.75
  Epoch 78: Semantic=93.99, Memory=86.08, Fusion=94.67
  Epoch 81: Semantic=93.91, Memory=86.08, Fusion=94.60
  Epoch 84: Semantic=93.91, Memory=86.08, Fusion=94.56
  Epoch 87: Semantic=93.86, Memory=86.08, Fusion=94.56
  Epoch 90: Semantic=93.85, Memory=86.08, Fusion=94.52
  Epoch 93: Semantic=93.83, Memory=86.08, Fusion=94.51
  Epoch 96: Semantic=93.83, Memory=86.08, Fusion=94.51
  Epoch 99: Semantic=93.81, Memory=86.08, Fusion=94.51
  Epoch 100: Semantic=93.84, Memory=86.08, Fusion=94.53
Object:candle =========================== Fusion-AUROC:95.58, Semantic:95.0, Memory:86.08


============================================================
[Prompt Configuration] Class: cashew
  - Mode: MAP+LAP (Baseline)
  - MAP prompts: 7
  - LAP prompts: 8 (generic anomaly templates)
============================================================


[PromptAD] Initializing with use_lap=True
  Epoch 3: Semantic=90.34, Memory=83.43, Fusion=84.11
  Epoch 6: Semantic=89.20, Memory=83.43, Fusion=84.26 *** Best ***
  Epoch 9: Semantic=88.57, Memory=83.43, Fusion=84.59 *** Best ***
  Epoch 12: Semantic=82.12, Memory=83.43, Fusion=84.22
  Epoch 15: Semantic=83.84, Memory=83.43, Fusion=84.93 *** Best ***
  Epoch 18: Semantic=85.13, Memory=83.43, Fusion=86.10 *** Best ***
  Epoch 21: Semantic=85.01, Memory=83.43, Fusion=87.55 *** Best ***
  Epoch 24: Semantic=84.93, Memory=83.43, Fusion=88.02 *** Best ***
  Epoch 27: Semantic=84.56, Memory=83.43, Fusion=87.92
  Epoch 30: Semantic=86.74, Memory=83.43, Fusion=88.92 *** Best ***
  Epoch 33: Semantic=86.96, Memory=83.43, Fusion=88.85
  Epoch 36: Semantic=85.87, Memory=83.43, Fusion=87.84
  Epoch 39: Semantic=85.76, Memory=83.43, Fusion=87.55
  Epoch 42: Semantic=85.77, Memory=83.43, Fusion=87.35
  Epoch 45: Semantic=85.63, Memory=83.43, Fusion=87.01
  Epoch 48: Semantic=85.52, Memory=83.43, Fusion=86.73
  Epoch 51: Semantic=85.65, Memory=83.43, Fusion=86.66
  Epoch 54: Semantic=85.67, Memory=83.43, Fusion=86.58
  Epoch 57: Semantic=85.86, Memory=83.43, Fusion=86.65
  Epoch 60: Semantic=85.79, Memory=83.43, Fusion=86.60
  Epoch 63: Semantic=85.90, Memory=83.43, Fusion=86.64
  Epoch 66: Semantic=85.96, Memory=83.43, Fusion=86.65
  Epoch 69: Semantic=86.01, Memory=83.43, Fusion=86.71
  Epoch 72: Semantic=86.00, Memory=83.43, Fusion=86.64
  Epoch 75: Semantic=86.07, Memory=83.43, Fusion=86.67
  Epoch 78: Semantic=86.15, Memory=83.43, Fusion=86.70
  Epoch 81: Semantic=86.06, Memory=83.43, Fusion=86.67
  Epoch 84: Semantic=86.05, Memory=83.43, Fusion=86.60
  Epoch 87: Semantic=86.16, Memory=83.43, Fusion=86.70
  Epoch 90: Semantic=86.18, Memory=83.43, Fusion=86.70
  Epoch 93: Semantic=86.15, Memory=83.43, Fusion=86.69
  Epoch 96: Semantic=86.18, Memory=83.43, Fusion=86.74
  Epoch 99: Semantic=86.16, Memory=83.43, Fusion=86.71
  Epoch 100: Semantic=86.16, Memory=83.43, Fusion=86.68
Object:cashew =========================== Fusion-AUROC:88.92, Semantic:86.74, Memory:83.43


============================================================
[Prompt Configuration] Class: chewing gum
  - Mode: MAP+LAP (Baseline)
  - MAP prompts: 7
  - LAP prompts: 8 (generic anomaly templates)
============================================================


[PromptAD] Initializing with use_lap=True
  Epoch 3: Semantic=95.93, Memory=94.66, Fusion=94.85
  Epoch 6: Semantic=95.68, Memory=94.66, Fusion=94.93 *** Best ***
  Epoch 9: Semantic=95.44, Memory=94.66, Fusion=95.08 *** Best ***
  Epoch 12: Semantic=94.83, Memory=94.66, Fusion=95.40 *** Best ***
  Epoch 15: Semantic=94.13, Memory=94.66, Fusion=95.68 *** Best ***
  Epoch 18: Semantic=93.48, Memory=94.66, Fusion=95.71 *** Best ***
  Epoch 21: Semantic=92.78, Memory=94.66, Fusion=95.36
  Epoch 24: Semantic=93.04, Memory=94.66, Fusion=94.96
  Epoch 27: Semantic=92.64, Memory=94.66, Fusion=94.34
  Epoch 30: Semantic=93.27, Memory=94.66, Fusion=94.50
  Epoch 33: Semantic=93.96, Memory=94.66, Fusion=94.79
  Epoch 36: Semantic=93.82, Memory=94.66, Fusion=94.50
  Epoch 39: Semantic=93.88, Memory=94.66, Fusion=94.44
  Epoch 42: Semantic=93.72, Memory=94.66, Fusion=94.29
  Epoch 45: Semantic=93.63, Memory=94.66, Fusion=94.03
  Epoch 48: Semantic=93.56, Memory=94.66, Fusion=93.95
  Epoch 51: Semantic=93.54, Memory=94.66, Fusion=93.86
  Epoch 54: Semantic=93.54, Memory=94.66, Fusion=93.88
  Epoch 57: Semantic=93.52, Memory=94.66, Fusion=93.82
  Epoch 60: Semantic=93.53, Memory=94.66, Fusion=93.81
  Epoch 63: Semantic=93.57, Memory=94.66, Fusion=93.84
  Epoch 66: Semantic=93.56, Memory=94.66, Fusion=93.80
  Epoch 69: Semantic=93.53, Memory=94.66, Fusion=93.77
  Epoch 72: Semantic=93.52, Memory=94.66, Fusion=93.78
  Epoch 75: Semantic=93.51, Memory=94.66, Fusion=93.75
  Epoch 78: Semantic=93.51, Memory=94.66, Fusion=93.73
  Epoch 81: Semantic=93.52, Memory=94.66, Fusion=93.76
  Epoch 84: Semantic=93.52, Memory=94.66, Fusion=93.74
  Epoch 87: Semantic=93.50, Memory=94.66, Fusion=93.74
  Epoch 90: Semantic=93.50, Memory=94.66, Fusion=93.75
  Epoch 93: Semantic=93.50, Memory=94.66, Fusion=93.74
  Epoch 96: Semantic=93.52, Memory=94.66, Fusion=93.76
  Epoch 99: Semantic=93.51, Memory=94.66, Fusion=93.73
  Epoch 100: Semantic=93.51, Memory=94.66, Fusion=93.76
Object:chewinggum =========================== Fusion-AUROC:95.71, Semantic:93.48, Memory:94.66


============================================================
[Prompt Configuration] Class: fryum
  - Mode: MAP+LAP (Baseline)
  - MAP prompts: 8
  - LAP prompts: 8 (generic anomaly templates)
============================================================


[PromptAD] Initializing with use_lap=True
  Epoch 3: Semantic=77.31, Memory=89.01, Fusion=89.21
  Epoch 6: Semantic=78.21, Memory=89.01, Fusion=89.35 *** Best ***
  Epoch 9: Semantic=76.75, Memory=89.01, Fusion=89.62 *** Best ***
  Epoch 12: Semantic=78.83, Memory=89.01, Fusion=90.30 *** Best ***
  Epoch 15: Semantic=82.36, Memory=89.01, Fusion=91.05 *** Best ***
  Epoch 18: Semantic=84.32, Memory=89.01, Fusion=91.36 *** Best ***
  Epoch 21: Semantic=84.43, Memory=89.01, Fusion=90.68
  Epoch 24: Semantic=86.71, Memory=89.01, Fusion=90.60
  Epoch 27: Semantic=87.22, Memory=89.01, Fusion=90.33
  Epoch 30: Semantic=87.79, Memory=89.01, Fusion=90.36
  Epoch 33: Semantic=87.14, Memory=89.01, Fusion=89.38
  Epoch 36: Semantic=87.54, Memory=89.01, Fusion=89.47
  Epoch 39: Semantic=87.30, Memory=89.01, Fusion=89.07
  Epoch 42: Semantic=87.82, Memory=89.01, Fusion=89.31
  Epoch 45: Semantic=87.56, Memory=89.01, Fusion=88.98
  Epoch 48: Semantic=87.55, Memory=89.01, Fusion=88.82
  Epoch 51: Semantic=87.18, Memory=89.01, Fusion=88.44
  Epoch 54: Semantic=87.12, Memory=89.01, Fusion=88.31
  Epoch 57: Semantic=87.04, Memory=89.01, Fusion=88.15
  Epoch 60: Semantic=87.15, Memory=89.01, Fusion=88.24
  Epoch 63: Semantic=87.28, Memory=89.01, Fusion=88.28
  Epoch 66: Semantic=87.31, Memory=89.01, Fusion=88.32
  Epoch 69: Semantic=87.25, Memory=89.01, Fusion=88.20
  Epoch 72: Semantic=87.37, Memory=89.01, Fusion=88.26
  Epoch 75: Semantic=87.40, Memory=89.01, Fusion=88.29
  Epoch 78: Semantic=87.38, Memory=89.01, Fusion=88.22
  Epoch 81: Semantic=87.39, Memory=89.01, Fusion=88.23
  Epoch 84: Semantic=87.39, Memory=89.01, Fusion=88.23
  Epoch 87: Semantic=87.44, Memory=89.01, Fusion=88.29
  Epoch 90: Semantic=87.41, Memory=89.01, Fusion=88.21
  Epoch 93: Semantic=87.42, Memory=89.01, Fusion=88.26
  Epoch 96: Semantic=87.41, Memory=89.01, Fusion=88.24
  Epoch 99: Semantic=87.44, Memory=89.01, Fusion=88.29
  Epoch 100: Semantic=87.44, Memory=89.01, Fusion=88.27
Object:fryum =========================== Fusion-AUROC:91.36, Semantic:84.32, Memory:89.01


============================================================
[Prompt Configuration] Class: macaroni
  - Mode: MAP+LAP (Baseline)
  - MAP prompts: 7
  - LAP prompts: 8 (generic anomaly templates)
============================================================


[PromptAD] Initializing with use_lap=True
  Epoch 3: Semantic=80.59, Memory=83.50, Fusion=83.80
  Epoch 6: Semantic=77.16, Memory=83.50, Fusion=83.81 *** Best ***
  Epoch 9: Semantic=80.08, Memory=83.50, Fusion=83.95 *** Best ***
  Epoch 12: Semantic=81.86, Memory=83.50, Fusion=84.25 *** Best ***
  Epoch 15: Semantic=80.39, Memory=83.50, Fusion=84.58 *** Best ***
  Epoch 18: Semantic=83.95, Memory=83.50, Fusion=86.12 *** Best ***
  Epoch 21: Semantic=84.73, Memory=83.50, Fusion=87.62 *** Best ***
  Epoch 24: Semantic=85.78, Memory=83.50, Fusion=88.83 *** Best ***
  Epoch 27: Semantic=85.93, Memory=83.50, Fusion=89.18 *** Best ***
  Epoch 30: Semantic=86.23, Memory=83.50, Fusion=89.60 *** Best ***
  Epoch 33: Semantic=84.10, Memory=83.50, Fusion=87.64
  Epoch 36: Semantic=85.81, Memory=83.50, Fusion=88.50
  Epoch 39: Semantic=83.90, Memory=83.50, Fusion=86.55
  Epoch 42: Semantic=84.83, Memory=83.50, Fusion=87.09
  Epoch 45: Semantic=84.08, Memory=83.50, Fusion=86.02
  Epoch 48: Semantic=84.28, Memory=83.50, Fusion=85.92
  Epoch 51: Semantic=84.12, Memory=83.50, Fusion=85.59
  Epoch 54: Semantic=83.78, Memory=83.50, Fusion=85.17
  Epoch 57: Semantic=83.79, Memory=83.50, Fusion=85.06
  Epoch 60: Semantic=83.64, Memory=83.50, Fusion=84.82
  Epoch 63: Semantic=83.42, Memory=83.50, Fusion=84.53
  Epoch 66: Semantic=83.55, Memory=83.50, Fusion=84.62
  Epoch 69: Semantic=83.83, Memory=83.50, Fusion=84.84
  Epoch 72: Semantic=83.75, Memory=83.50, Fusion=84.73
  Epoch 75: Semantic=83.70, Memory=83.50, Fusion=84.65
  Epoch 78: Semantic=83.58, Memory=83.50, Fusion=84.53
  Epoch 81: Semantic=83.67, Memory=83.50, Fusion=84.58
  Epoch 84: Semantic=83.62, Memory=83.50, Fusion=84.52
  Epoch 87: Semantic=83.62, Memory=83.50, Fusion=84.55
  Epoch 90: Semantic=83.66, Memory=83.50, Fusion=84.55
  Epoch 93: Semantic=83.69, Memory=83.50, Fusion=84.57
  Epoch 96: Semantic=83.60, Memory=83.50, Fusion=84.50
  Epoch 99: Semantic=83.66, Memory=83.50, Fusion=84.53
  Epoch 100: Semantic=83.71, Memory=83.50, Fusion=84.58
Object:macaroni1 =========================== Fusion-AUROC:89.6, Semantic:86.23, Memory:83.5


============================================================
[Prompt Configuration] Class: macaroni
  - Mode: MAP+LAP (Baseline)
  - MAP prompts: 7
  - LAP prompts: 8 (generic anomaly templates)
============================================================


[PromptAD] Initializing with use_lap=True
  Epoch 3: Semantic=66.50, Memory=73.26, Fusion=73.51
  Epoch 6: Semantic=65.79, Memory=73.26, Fusion=73.59 *** Best ***
  Epoch 9: Semantic=66.77, Memory=73.26, Fusion=73.74 *** Best ***
  Epoch 12: Semantic=65.34, Memory=73.26, Fusion=73.64
  Epoch 15: Semantic=64.64, Memory=73.26, Fusion=73.43
  Epoch 18: Semantic=62.31, Memory=73.26, Fusion=72.73
  Epoch 21: Semantic=63.76, Memory=73.26, Fusion=72.21
  Epoch 24: Semantic=64.03, Memory=73.26, Fusion=70.80
  Epoch 27: Semantic=63.44, Memory=73.26, Fusion=68.47
  Epoch 30: Semantic=61.47, Memory=73.26, Fusion=65.56
  Epoch 33: Semantic=61.73, Memory=73.26, Fusion=64.39
  Epoch 36: Semantic=63.67, Memory=73.26, Fusion=65.74
  Epoch 39: Semantic=60.15, Memory=73.26, Fusion=61.98
  Epoch 42: Semantic=61.71, Memory=73.26, Fusion=63.03
  Epoch 45: Semantic=61.33, Memory=73.26, Fusion=62.39
  Epoch 48: Semantic=60.57, Memory=73.26, Fusion=61.53
  Epoch 51: Semantic=60.92, Memory=73.26, Fusion=61.79
  Epoch 54: Semantic=60.54, Memory=73.26, Fusion=61.26
  Epoch 57: Semantic=60.10, Memory=73.26, Fusion=60.83
  Epoch 60: Semantic=60.43, Memory=73.26, Fusion=61.09
  Epoch 63: Semantic=60.75, Memory=73.26, Fusion=61.39
  Epoch 66: Semantic=60.61, Memory=73.26, Fusion=61.24
  Epoch 69: Semantic=60.38, Memory=73.26, Fusion=60.99
  Epoch 72: Semantic=60.44, Memory=73.26, Fusion=61.00
  Epoch 75: Semantic=60.60, Memory=73.26, Fusion=61.14
  Epoch 78: Semantic=60.74, Memory=73.26, Fusion=61.28
  Epoch 81: Semantic=60.79, Memory=73.26, Fusion=61.32
  Epoch 84: Semantic=60.75, Memory=73.26, Fusion=61.32
  Epoch 87: Semantic=60.71, Memory=73.26, Fusion=61.27
  Epoch 90: Semantic=60.69, Memory=73.26, Fusion=61.27
  Epoch 93: Semantic=60.69, Memory=73.26, Fusion=61.25
  Epoch 96: Semantic=60.63, Memory=73.26, Fusion=61.19
  Epoch 99: Semantic=60.67, Memory=73.26, Fusion=61.22
  Epoch 100: Semantic=60.69, Memory=73.26, Fusion=61.25
Object:macaroni2 =========================== Fusion-AUROC:73.74, Semantic:66.77, Memory:73.26


============================================================
[Prompt Configuration] Class: printed circuit board
  - Mode: MAP+LAP (Baseline)
  - MAP prompts: 6
  - LAP prompts: 8 (generic anomaly templates)
============================================================


[PromptAD] Initializing with use_lap=True
  Epoch 3: Semantic=48.69, Memory=93.68, Fusion=93.65
  Epoch 6: Semantic=75.51, Memory=93.68, Fusion=93.72 *** Best ***
  Epoch 9: Semantic=83.46, Memory=93.68, Fusion=93.77 *** Best ***
  Epoch 12: Semantic=84.59, Memory=93.68, Fusion=93.80 *** Best ***
  Epoch 15: Semantic=86.75, Memory=93.68, Fusion=93.89 *** Best ***
  Epoch 18: Semantic=88.55, Memory=93.68, Fusion=94.06 *** Best ***
  Epoch 21: Semantic=89.68, Memory=93.68, Fusion=94.36 *** Best ***
  Epoch 24: Semantic=90.12, Memory=93.68, Fusion=94.63 *** Best ***
  Epoch 27: Semantic=89.90, Memory=93.68, Fusion=94.77 *** Best ***
  Epoch 30: Semantic=90.31, Memory=93.68, Fusion=94.84 *** Best ***
  Epoch 33: Semantic=90.26, Memory=93.68, Fusion=94.62
  Epoch 36: Semantic=90.55, Memory=93.68, Fusion=94.34
  Epoch 39: Semantic=90.97, Memory=93.68, Fusion=94.15
  Epoch 42: Semantic=91.23, Memory=93.68, Fusion=93.89
  Epoch 45: Semantic=91.23, Memory=93.68, Fusion=93.44
  Epoch 48: Semantic=91.21, Memory=93.68, Fusion=93.05
  Epoch 51: Semantic=91.26, Memory=93.68, Fusion=92.86
  Epoch 54: Semantic=91.41, Memory=93.68, Fusion=92.78
  Epoch 57: Semantic=91.43, Memory=93.68, Fusion=92.66
  Epoch 60: Semantic=91.48, Memory=93.68, Fusion=92.54
  Epoch 63: Semantic=91.45, Memory=93.68, Fusion=92.43
  Epoch 66: Semantic=91.48, Memory=93.68, Fusion=92.38
  Epoch 69: Semantic=91.52, Memory=93.68, Fusion=92.34
  Epoch 72: Semantic=91.58, Memory=93.68, Fusion=92.35
  Epoch 75: Semantic=91.57, Memory=93.68, Fusion=92.33
  Epoch 78: Semantic=91.64, Memory=93.68, Fusion=92.34
  Epoch 81: Semantic=91.63, Memory=93.68, Fusion=92.31
  Epoch 84: Semantic=91.64, Memory=93.68, Fusion=92.33
  Epoch 87: Semantic=91.64, Memory=93.68, Fusion=92.29
  Epoch 90: Semantic=91.63, Memory=93.68, Fusion=92.31
  Epoch 93: Semantic=91.63, Memory=93.68, Fusion=92.27
  Epoch 96: Semantic=91.65, Memory=93.68, Fusion=92.30
  Epoch 99: Semantic=91.64, Memory=93.68, Fusion=92.29
  Epoch 100: Semantic=91.66, Memory=93.68, Fusion=92.32
Object:pcb1 =========================== Fusion-AUROC:94.84, Semantic:90.31, Memory:93.68


============================================================
[Prompt Configuration] Class: printed circuit board
  - Mode: MAP+LAP (Baseline)
  - MAP prompts: 6
  - LAP prompts: 8 (generic anomaly templates)
============================================================


[PromptAD] Initializing with use_lap=True
  Epoch 3: Semantic=57.59, Memory=75.67, Fusion=75.75
  Epoch 6: Semantic=59.74, Memory=75.67, Fusion=75.85 *** Best ***
  Epoch 9: Semantic=61.46, Memory=75.67, Fusion=75.90 *** Best ***
  Epoch 12: Semantic=61.69, Memory=75.67, Fusion=75.96 *** Best ***
  Epoch 15: Semantic=62.79, Memory=75.67, Fusion=76.07 *** Best ***
  Epoch 18: Semantic=61.12, Memory=75.67, Fusion=76.06
  Epoch 21: Semantic=60.76, Memory=75.67, Fusion=76.08 *** Best ***
  Epoch 24: Semantic=61.49, Memory=75.67, Fusion=76.17 *** Best ***
  Epoch 27: Semantic=62.38, Memory=75.67, Fusion=76.45 *** Best ***
  Epoch 30: Semantic=62.87, Memory=75.67, Fusion=76.77 *** Best ***
  Epoch 33: Semantic=65.09, Memory=75.67, Fusion=77.38 *** Best ***
  Epoch 36: Semantic=64.59, Memory=75.67, Fusion=77.46 *** Best ***
  Epoch 39: Semantic=65.83, Memory=75.67, Fusion=77.84 *** Best ***
  Epoch 42: Semantic=66.54, Memory=75.67, Fusion=77.91 *** Best ***
  Epoch 45: Semantic=67.17, Memory=75.67, Fusion=77.80
  Epoch 48: Semantic=67.75, Memory=75.67, Fusion=77.38
  Epoch 51: Semantic=67.91, Memory=75.67, Fusion=76.78
  Epoch 54: Semantic=68.45, Memory=75.67, Fusion=76.51
  Epoch 57: Semantic=69.15, Memory=75.67, Fusion=76.17
  Epoch 60: Semantic=69.40, Memory=75.67, Fusion=75.62
  Epoch 63: Semantic=69.70, Memory=75.67, Fusion=75.21
  Epoch 66: Semantic=70.10, Memory=75.67, Fusion=75.09
  Epoch 69: Semantic=70.15, Memory=75.67, Fusion=74.84
  Epoch 72: Semantic=70.42, Memory=75.67, Fusion=74.72
  Epoch 75: Semantic=70.39, Memory=75.67, Fusion=74.38
  Epoch 78: Semantic=70.62, Memory=75.67, Fusion=74.37
  Epoch 81: Semantic=70.68, Memory=75.67, Fusion=74.26
  Epoch 84: Semantic=70.68, Memory=75.67, Fusion=74.16
  Epoch 87: Semantic=70.73, Memory=75.67, Fusion=74.10
  Epoch 90: Semantic=70.82, Memory=75.67, Fusion=74.17
  Epoch 93: Semantic=70.76, Memory=75.67, Fusion=74.03
  Epoch 96: Semantic=70.64, Memory=75.67, Fusion=73.93
  Epoch 99: Semantic=70.74, Memory=75.67, Fusion=74.05
  Epoch 100: Semantic=70.83, Memory=75.67, Fusion=74.14
Object:pcb2 =========================== Fusion-AUROC:77.91, Semantic:66.54, Memory:75.67


============================================================
[Prompt Configuration] Class: printed circuit board
  - Mode: MAP+LAP (Baseline)
  - MAP prompts: 6
  - LAP prompts: 8 (generic anomaly templates)
============================================================


[PromptAD] Initializing with use_lap=True
  Epoch 3: Semantic=70.82, Memory=80.15, Fusion=80.25
  Epoch 6: Semantic=72.09, Memory=80.15, Fusion=80.28 *** Best ***
  Epoch 9: Semantic=70.89, Memory=80.15, Fusion=80.27
  Epoch 12: Semantic=70.72, Memory=80.15, Fusion=80.31 *** Best ***
  Epoch 15: Semantic=71.23, Memory=80.15, Fusion=80.35 *** Best ***
  Epoch 18: Semantic=72.18, Memory=80.15, Fusion=80.42 *** Best ***
  Epoch 21: Semantic=72.59, Memory=80.15, Fusion=80.54 *** Best ***
  Epoch 24: Semantic=72.81, Memory=80.15, Fusion=80.76 *** Best ***
  Epoch 27: Semantic=72.68, Memory=80.15, Fusion=80.96 *** Best ***
  Epoch 30: Semantic=71.81, Memory=80.15, Fusion=81.15 *** Best ***
  Epoch 33: Semantic=72.20, Memory=80.15, Fusion=81.53 *** Best ***
  Epoch 36: Semantic=72.82, Memory=80.15, Fusion=81.90 *** Best ***
  Epoch 39: Semantic=72.87, Memory=80.15, Fusion=82.26 *** Best ***
  Epoch 42: Semantic=72.91, Memory=80.15, Fusion=82.41 *** Best ***
  Epoch 45: Semantic=73.16, Memory=80.15, Fusion=82.37
  Epoch 48: Semantic=73.29, Memory=80.15, Fusion=82.30
  Epoch 51: Semantic=73.06, Memory=80.15, Fusion=81.82
  Epoch 54: Semantic=72.82, Memory=80.15, Fusion=81.06
  Epoch 57: Semantic=72.58, Memory=80.15, Fusion=80.25
  Epoch 60: Semantic=72.43, Memory=80.15, Fusion=79.50
  Epoch 63: Semantic=72.56, Memory=80.15, Fusion=78.97
  Epoch 66: Semantic=72.37, Memory=80.15, Fusion=78.33
  Epoch 69: Semantic=72.15, Memory=80.15, Fusion=77.66
  Epoch 72: Semantic=72.11, Memory=80.15, Fusion=77.26
  Epoch 75: Semantic=71.89, Memory=80.15, Fusion=76.79
  Epoch 78: Semantic=71.66, Memory=80.15, Fusion=76.37
  Epoch 81: Semantic=71.56, Memory=80.15, Fusion=76.10
  Epoch 84: Semantic=71.55, Memory=80.15, Fusion=75.94
  Epoch 87: Semantic=71.33, Memory=80.15, Fusion=75.72
  Epoch 90: Semantic=71.35, Memory=80.15, Fusion=75.64
  Epoch 93: Semantic=71.25, Memory=80.15, Fusion=75.53
  Epoch 96: Semantic=71.30, Memory=80.15, Fusion=75.53
  Epoch 99: Semantic=71.33, Memory=80.15, Fusion=75.55
  Epoch 100: Semantic=71.28, Memory=80.15, Fusion=75.54
Object:pcb3 =========================== Fusion-AUROC:82.41, Semantic:72.91, Memory:80.15


============================================================
[Prompt Configuration] Class: printed circuit board
  - Mode: MAP+LAP (Baseline)
  - MAP prompts: 9
  - LAP prompts: 8 (generic anomaly templates)
============================================================


[PromptAD] Initializing with use_lap=True
  Epoch 3: Semantic=85.31, Memory=86.36, Fusion=86.74
  Epoch 6: Semantic=86.59, Memory=86.36, Fusion=86.98 *** Best ***
  Epoch 9: Semantic=85.00, Memory=86.36, Fusion=87.11 *** Best ***
  Epoch 12: Semantic=86.31, Memory=86.36, Fusion=87.38 *** Best ***
  Epoch 15: Semantic=87.66, Memory=86.36, Fusion=87.65 *** Best ***
  Epoch 18: Semantic=86.30, Memory=86.36, Fusion=87.95 *** Best ***
  Epoch 21: Semantic=86.08, Memory=86.36, Fusion=88.49 *** Best ***
  Epoch 24: Semantic=85.73, Memory=86.36, Fusion=89.03 *** Best ***
  Epoch 27: Semantic=85.25, Memory=86.36, Fusion=89.44 *** Best ***
  Epoch 30: Semantic=85.04, Memory=86.36, Fusion=89.80 *** Best ***
  Epoch 33: Semantic=84.80, Memory=86.36, Fusion=89.87 *** Best ***
  Epoch 36: Semantic=84.06, Memory=86.36, Fusion=89.32
  Epoch 39: Semantic=84.23, Memory=86.36, Fusion=89.01
  Epoch 42: Semantic=84.51, Memory=86.36, Fusion=88.74
  Epoch 45: Semantic=84.29, Memory=86.36, Fusion=88.13
  Epoch 48: Semantic=84.16, Memory=86.36, Fusion=87.54
  Epoch 51: Semantic=83.72, Memory=86.36, Fusion=86.77
  Epoch 54: Semantic=83.36, Memory=86.36, Fusion=86.13
  Epoch 57: Semantic=83.27, Memory=86.36, Fusion=85.69
  Epoch 60: Semantic=83.40, Memory=86.36, Fusion=85.48
  Epoch 63: Semantic=83.46, Memory=86.36, Fusion=85.34
  Epoch 66: Semantic=83.29, Memory=86.36, Fusion=85.05
  Epoch 69: Semantic=83.19, Memory=86.36, Fusion=84.87
  Epoch 72: Semantic=83.04, Memory=86.36, Fusion=84.62
  Epoch 75: Semantic=83.05, Memory=86.36, Fusion=84.51
  Epoch 78: Semantic=83.12, Memory=86.36, Fusion=84.54
  Epoch 81: Semantic=83.13, Memory=86.36, Fusion=84.51
  Epoch 84: Semantic=83.14, Memory=86.36, Fusion=84.44
  Epoch 87: Semantic=83.13, Memory=86.36, Fusion=84.40
  Epoch 90: Semantic=83.08, Memory=86.36, Fusion=84.36
  Epoch 93: Semantic=83.09, Memory=86.36, Fusion=84.37
  Epoch 96: Semantic=83.05, Memory=86.36, Fusion=84.33
  Epoch 99: Semantic=83.06, Memory=86.36, Fusion=84.34
  Epoch 100: Semantic=83.08, Memory=86.36, Fusion=84.36
Object:pcb4 =========================== Fusion-AUROC:89.87, Semantic:84.8, Memory:86.36


============================================================
[Prompt Configuration] Class: pipe fryum
  - Mode: MAP+LAP (Baseline)
  - MAP prompts: 8
  - LAP prompts: 8 (generic anomaly templates)
============================================================


[PromptAD] Initializing with use_lap=True
  Epoch 3: Semantic=74.17, Memory=98.60, Fusion=98.61
  Epoch 6: Semantic=78.74, Memory=98.60, Fusion=98.63 *** Best ***
  Epoch 9: Semantic=77.54, Memory=98.60, Fusion=98.62
  Epoch 12: Semantic=75.46, Memory=98.60, Fusion=98.61
  Epoch 15: Semantic=72.24, Memory=98.60, Fusion=98.52
  Epoch 18: Semantic=78.27, Memory=98.60, Fusion=98.42
  Epoch 21: Semantic=80.33, Memory=98.60, Fusion=98.12
  Epoch 24: Semantic=75.07, Memory=98.60, Fusion=96.95
  Epoch 27: Semantic=78.88, Memory=98.60, Fusion=97.22
  Epoch 30: Semantic=79.78, Memory=98.60, Fusion=94.63
  Epoch 33: Semantic=82.46, Memory=98.60, Fusion=93.13
  Epoch 36: Semantic=84.87, Memory=98.60, Fusion=92.79
  Epoch 39: Semantic=85.30, Memory=98.60, Fusion=91.62
  Epoch 42: Semantic=85.99, Memory=98.60, Fusion=90.99
  Epoch 45: Semantic=85.19, Memory=98.60, Fusion=89.52
  Epoch 48: Semantic=86.35, Memory=98.60, Fusion=89.61
  Epoch 51: Semantic=87.83, Memory=98.60, Fusion=90.24
  Epoch 54: Semantic=86.88, Memory=98.60, Fusion=89.15
  Epoch 57: Semantic=87.11, Memory=98.60, Fusion=89.15
  Epoch 60: Semantic=87.92, Memory=98.60, Fusion=89.69
  Epoch 63: Semantic=87.91, Memory=98.60, Fusion=89.57
  Epoch 66: Semantic=87.57, Memory=98.60, Fusion=89.13
  Epoch 69: Semantic=87.68, Memory=98.60, Fusion=89.14
  Epoch 72: Semantic=87.65, Memory=98.60, Fusion=89.05
  Epoch 75: Semantic=87.72, Memory=98.60, Fusion=89.05
  Epoch 78: Semantic=87.79, Memory=98.60, Fusion=89.06
  Epoch 81: Semantic=87.76, Memory=98.60, Fusion=89.02
  Epoch 84: Semantic=87.74, Memory=98.60, Fusion=89.00
  Epoch 87: Semantic=87.73, Memory=98.60, Fusion=88.97
  Epoch 90: Semantic=87.71, Memory=98.60, Fusion=88.98
  Epoch 93: Semantic=87.72, Memory=98.60, Fusion=88.94
  Epoch 96: Semantic=87.73, Memory=98.60, Fusion=88.95
  Epoch 99: Semantic=87.72, Memory=98.60, Fusion=88.96
  Epoch 100: Semantic=87.71, Memory=98.60, Fusion=88.94
Object:pipe_fryum =========================== Fusion-AUROC:98.63, Semantic:78.74, Memory:98.6

python train_cls.py --dataset mvtec --gpu-id 0 --k-shot 4 --class_name transistor --root-dir ./result/baseline_reducedprompt
python train_cls.py --dataset mvtec --gpu-id 0 --k-shot 4 --class_name zipper --root-dir ./result/baseline_reducedprompt
python train_cls.py --dataset visa --gpu-id 0 --k-shot 4 --class_name candle --root-dir ./result/baseline_reducedprompt
python train_cls.py --dataset visa --gpu-id 0 --k-shot 4 --class_name capsules --root-dir ./result/baseline_reducedprompt
python train_cls.py --dataset visa --gpu-id 0 --k-shot 4 --class_name cashew --root-dir ./result/baseline_reducedprompt
python train_cls.py --dataset visa --gpu-id 0 --k-shot 4 --class_name chewinggum --root-dir ./result/baseline_reducedprompt
python train_cls.py --dataset visa --gpu-id 0 --k-shot 4 --class_name fryum --root-dir ./result/baseline_reducedprompt
python train_cls.py --dataset visa --gpu-id 0 --k-shot 4 --class_name macaroni1 --root-dir ./result/baseline_reducedprompt
python train_cls.py --dataset visa --gpu-id 0 --k-shot 4 --class_name macaroni2 --root-dir ./result/baseline_reducedprompt
python train_cls.py --dataset visa --gpu-id 0 --k-shot 4 --class_name pcb1 --root-dir ./result/baseline_reducedprompt
python train_cls.py --dataset visa --gpu-id 0 --k-shot 4 --class_name pcb2 --root-dir ./result/baseline_reducedprompt
python train_cls.py --dataset visa --gpu-id 0 --k-shot 4 --class_name pcb3 --root-dir ./result/baseline_reducedprompt
python train_cls.py --dataset visa --gpu-id 0 --k-shot 4 --class_name pcb4 --root-dir ./result/baseline_reducedprompt
python train_cls.py --dataset visa --gpu-id 0 --k-shot 4 --class_name pipe_fryum --root-dir ./result/baseline_reducedprompt
python train_cls.py --dataset mvtec --gpu-id 0 --k-shot 2 --class_name carpet --root-dir ./result/baseline_reducedprompt2
python train_cls.py --dataset mvtec --gpu-id 0 --k-shot 2 --class_name grid --root-dir ./result/baseline_reducedprompt2
python train_cls.py --dataset mvtec --gpu-id 0 --k-shot 2 --class_name leather --root-dir ./result/baseline_reducedprompt2
python train_cls.py --dataset mvtec --gpu-id 0 --k-shot 2 --class_name tile --root-dir ./result/baseline_reducedprompt2
python train_cls.py --dataset mvtec --gpu-id 0 --k-shot 2 --class_name wood --root-dir ./result/baseline_reducedprompt2
python train_cls.py --dataset mvtec --gpu-id 0 --k-shot 2 --class_name bottle --root-dir ./result/baseline_reducedprompt2
python train_cls.py --dataset mvtec --gpu-id 0 --k-shot 2 --class_name cable --root-dir ./result/baseline_reducedprompt2
python train_cls.py --dataset mvtec --gpu-id 0 --k-shot 2 --class_name capsule --root-dir ./result/baseline_reducedprompt2
python train_cls.py --dataset mvtec --gpu-id 0 --k-shot 2 --class_name hazelnut --root-dir ./result/baseline_reducedprompt2
python train_cls.py --dataset mvtec --gpu-id 0 --k-shot 2 --class_name metal_nut --root-dir ./result/baseline_reducedprompt2
python train_cls.py --dataset mvtec --gpu-id 0 --k-shot 2 --class_name pill --root-dir ./result/baseline_reducedprompt2
python train_cls.py --dataset mvtec --gpu-id 0 --k-shot 2 --class_name screw --root-dir ./result/baseline_reducedprompt2
python train_cls.py --dataset mvtec --gpu-id 0 --k-shot 2 --class_name toothbrush --root-dir ./result/baseline_reducedprompt2
python train_cls.py --dataset mvtec --gpu-id 0 --k-shot 2 --class_name transistor --root-dir ./result/baseline_reducedprompt2
python train_cls.py --dataset mvtec --gpu-id 0 --k-shot 2 --class_name zipper --root-dir ./result/baseline_reducedprompt2
python train_cls.py --dataset visa --gpu-id 0 --k-shot 2 --class_name candle --root-dir ./result/baseline_reducedprompt2
python train_cls.py --dataset visa --gpu-id 0 --k-shot 2 --class_name capsules --root-dir ./result/baseline_reducedprompt2
python train_cls.py --dataset visa --gpu-id 0 --k-shot 2 --class_name cashew --root-dir ./result/baseline_reducedprompt2
python train_cls.py --dataset visa --gpu-id 0 --k-shot 2 --class_name chewinggum --root-dir ./result/baseline_reducedprompt2
python train_cls.py --dataset visa --gpu-id 0 --k-shot 2 --class_name fryum --root-dir ./result/baseline_reducedprompt2
python train_cls.py --dataset visa --gpu-id 0 --k-shot 2 --class_name macaroni1 --root-dir ./result/baseline_reducedprompt2
python train_cls.py --dataset visa --gpu-id 0 --k-shot 2 --class_name macaroni2 --root-dir ./result/baseline_reducedprompt2
python train_cls.py --dataset visa --gpu-id 0 --k-shot 2 --class_name pcb1 --root-dir ./result/baseline_reducedprompt2
python train_cls.py --dataset visa --gpu-id 0 --k-shot 2 --class_name pcb2 --root-dir ./result/baseline_reducedprompt2
python train_cls.py --dataset visa --gpu-id 0 --k-shot 2 --class_name pcb3 --root-dir ./result/baseline_reducedprompt2
python train_cls.py --dataset visa --gpu-id 0 --k-shot 2 --class_name pcb4 --root-dir ./result/baseline_reducedprompt2
python train_cls.py --dataset visa --gpu-id 0 --k-shot 2 --class_name pipe_fryum --root-dir ./result/baseline_reducedprompt2
python train_cls.py --dataset mvtec --gpu-id 0 --k-shot 1 --class_name carpet --root-dir ./result/baseline_reducedprompt2
python train_cls.py --dataset mvtec --gpu-id 0 --k-shot 1 --class_name grid --root-dir ./result/baseline_reducedprompt2
python train_cls.py --dataset mvtec --gpu-id 0 --k-shot 1 --class_name leather --root-dir ./result/baseline_reducedprompt2
python train_cls.py --dataset mvtec --gpu-id 0 --k-shot 1 --class_name tile --root-dir ./result/baseline_reducedprompt2
python train_cls.py --dataset mvtec --gpu-id 0 --k-shot 1 --class_name wood --root-dir ./result/baseline_reducedprompt2
python train_cls.py --dataset mvtec --gpu-id 0 --k-shot 1 --class_name bottle --root-dir ./result/baseline_reducedprompt2
python train_cls.py --dataset mvtec --gpu-id 0 --k-shot 1 --class_name cable --root-dir ./result/baseline_reducedprompt2
python train_cls.py --dataset mvtec --gpu-id 0 --k-shot 1 --class_name capsule --root-dir ./result/baseline_reducedprompt2
python train_cls.py --dataset mvtec --gpu-id 0 --k-shot 1 --class_name hazelnut --root-dir ./result/baseline_reducedprompt2
python train_cls.py --dataset mvtec --gpu-id 0 --k-shot 1 --class_name metal_nut --root-dir ./result/baseline_reducedprompt2
python train_cls.py --dataset mvtec --gpu-id 0 --k-shot 1 --class_name pill --root-dir ./result/baseline_reducedprompt2
python train_cls.py --dataset mvtec --gpu-id 0 --k-shot 1 --class_name screw --root-dir ./result/baseline_reducedprompt2
python train_cls.py --dataset mvtec --gpu-id 0 --k-shot 1 --class_name toothbrush --root-dir ./result/baseline_reducedprompt2
python train_cls.py --dataset mvtec --gpu-id 0 --k-shot 1 --class_name transistor --root-dir ./result/baseline_reducedprompt2
python train_cls.py --dataset mvtec --gpu-id 0 --k-shot 1 --class_name zipper --root-dir ./result/baseline_reducedprompt2
python train_cls.py --dataset visa --gpu-id 0 --k-shot 1 --class_name candle --root-dir ./result/baseline_reducedprompt2
python train_cls.py --dataset visa --gpu-id 0 --k-shot 1 --class_name capsules --root-dir ./result/baseline_reducedprompt2
python train_cls.py --dataset visa --gpu-id 0 --k-shot 1 --class_name cashew --root-dir ./result/baseline_reducedprompt2
python train_cls.py --dataset visa --gpu-id 0 --k-shot 1 --class_name chewinggum --root-dir ./result/baseline_reducedprompt2
python train_cls.py --dataset visa --gpu-id 0 --k-shot 1 --class_name fryum --root-dir ./result/baseline_reducedprompt2
python train_cls.py --dataset visa --gpu-id 0 --k-shot 1 --class_name macaroni1 --root-dir ./result/baseline_reducedprompt2
python train_cls.py --dataset visa --gpu-id 0 --k-shot 1 --class_name macaroni2 --root-dir ./result/baseline_reducedprompt2
python train_cls.py --dataset visa --gpu-id 0 --k-shot 1 --class_name pcb1 --root-dir ./result/baseline_reducedprompt2
python train_cls.py --dataset visa --gpu-id 0 --k-shot 1 --class_name pcb2 --root-dir ./result/baseline_reducedprompt2
python train_cls.py --dataset visa --gpu-id 0 --k-shot 1 --class_name pcb3 --root-dir ./result/baseline_reducedprompt2
python train_cls.py --dataset visa --gpu-id 0 --k-shot 1 --class_name pcb4 --root-dir ./result/baseline_reducedprompt2
python train_cls.py --dataset visa --gpu-id 0 --k-shot 1 --class_name pipe_fryum --root-dir ./result/baseline_reducedprompt2
python train_cls.py --dataset mvtec --gpu-id 0 --k-shot 4 --class_name carpet --root-dir ./result/baseline_reducedprompt2
python train_cls.py --dataset mvtec --gpu-id 0 --k-shot 4 --class_name grid --root-dir ./result/baseline_reducedprompt2
python train_cls.py --dataset mvtec --gpu-id 0 --k-shot 4 --class_name leather --root-dir ./result/baseline_reducedprompt2
python train_cls.py --dataset mvtec --gpu-id 0 --k-shot 4 --class_name tile --root-dir ./result/baseline_reducedprompt2
python train_cls.py --dataset mvtec --gpu-id 0 --k-shot 4 --class_name wood --root-dir ./result/baseline_reducedprompt2
python train_cls.py --dataset mvtec --gpu-id 0 --k-shot 4 --class_name bottle --root-dir ./result/baseline_reducedprompt2
python train_cls.py --dataset mvtec --gpu-id 0 --k-shot 4 --class_name cable --root-dir ./result/baseline_reducedprompt2
python train_cls.py --dataset mvtec --gpu-id 0 --k-shot 4 --class_name capsule --root-dir ./result/baseline_reducedprompt2
python train_cls.py --dataset mvtec --gpu-id 0 --k-shot 4 --class_name hazelnut --root-dir ./result/baseline_reducedprompt2
python train_cls.py --dataset mvtec --gpu-id 0 --k-shot 4 --class_name metal_nut --root-dir ./result/baseline_reducedprompt2
python train_cls.py --dataset mvtec --gpu-id 0 --k-shot 4 --class_name pill --root-dir ./result/baseline_reducedprompt2
python train_cls.py --dataset mvtec --gpu-id 0 --k-shot 4 --class_name screw --root-dir ./result/baseline_reducedprompt2
python train_cls.py --dataset mvtec --gpu-id 0 --k-shot 4 --class_name toothbrush --root-dir ./result/baseline_reducedprompt2

============================================================
[Prompt Configuration] Class: grid
  - Mode: MAP+LAP (Baseline)
  - MAP prompts: 8
  - LAP prompts: 8 (generic anomaly templates)
============================================================


[PromptAD] Initializing with use_lap=True
  Epoch 3: Semantic=97.87, Memory=97.24, Fusion=97.33
  Epoch 6: Semantic=98.45, Memory=97.24, Fusion=97.49 *** Best ***
  Epoch 9: Semantic=97.66, Memory=97.24, Fusion=97.41
  Epoch 12: Semantic=96.49, Memory=97.24, Fusion=97.49
  Epoch 15: Semantic=95.07, Memory=97.24, Fusion=97.33
  Epoch 18: Semantic=93.82, Memory=97.24, Fusion=96.24
  Epoch 21: Semantic=93.48, Memory=97.24, Fusion=94.99
  Epoch 24: Semantic=94.32, Memory=97.24, Fusion=95.91
  Epoch 27: Semantic=95.32, Memory=97.24, Fusion=96.16
  Epoch 30: Semantic=93.78, Memory=97.24, Fusion=94.49
  Epoch 33: Semantic=93.90, Memory=97.24, Fusion=94.65
  Epoch 36: Semantic=93.73, Memory=97.24, Fusion=94.24
  Epoch 39: Semantic=93.98, Memory=97.24, Fusion=94.40
  Epoch 42: Semantic=93.15, Memory=97.24, Fusion=93.57
  Epoch 45: Semantic=93.40, Memory=97.24, Fusion=93.82
  Epoch 48: Semantic=92.65, Memory=97.24, Fusion=92.90
  Epoch 51: Semantic=92.90, Memory=97.24, Fusion=92.98
  Epoch 54: Semantic=92.52, Memory=97.24, Fusion=92.73
  Epoch 57: Semantic=92.31, Memory=97.24, Fusion=92.65
  Epoch 60: Semantic=92.40, Memory=97.24, Fusion=92.65
  Epoch 63: Semantic=92.23, Memory=97.24, Fusion=92.48
  Epoch 66: Semantic=92.15, Memory=97.24, Fusion=92.40
  Epoch 69: Semantic=92.15, Memory=97.24, Fusion=92.31
  Epoch 72: Semantic=92.06, Memory=97.24, Fusion=92.23
  Epoch 75: Semantic=91.90, Memory=97.24, Fusion=92.06
  Epoch 78: Semantic=91.81, Memory=97.24, Fusion=92.15
  Epoch 81: Semantic=91.81, Memory=97.24, Fusion=92.06
  Epoch 84: Semantic=91.81, Memory=97.24, Fusion=91.98
  Epoch 87: Semantic=91.73, Memory=97.24, Fusion=91.90
  Epoch 90: Semantic=91.73, Memory=97.24, Fusion=91.81
  Epoch 93: Semantic=91.69, Memory=97.24, Fusion=91.81
  Epoch 96: Semantic=91.73, Memory=97.24, Fusion=91.81
  Epoch 99: Semantic=91.69, Memory=97.24, Fusion=91.81
  Epoch 100: Semantic=91.69, Memory=97.24, Fusion=91.81
Object:grid =========================== Fusion-AUROC:97.49, Semantic:98.45, Memory:97.24


============================================================
[Prompt Configuration] Class: carpet
  - Mode: MAP+LAP (Baseline)
  - MAP prompts: 8
  - LAP prompts: 8 (generic anomaly templates)
============================================================


[PromptAD] Initializing with use_lap=True
  Epoch 3: Semantic=99.86, Memory=99.80, Fusion=99.84
  Epoch 6: Semantic=99.88, Memory=99.80, Fusion=99.84
  Epoch 9: Semantic=99.96, Memory=99.80, Fusion=99.88 *** Best ***
  Epoch 12: Semantic=99.96, Memory=99.80, Fusion=99.92 *** Best ***
  Epoch 15: Semantic=99.96, Memory=99.80, Fusion=99.96 *** Best ***
  Epoch 18: Semantic=99.96, Memory=99.80, Fusion=99.96
  Epoch 21: Semantic=99.96, Memory=99.80, Fusion=100.00 *** Best ***
  Epoch 24: Semantic=99.96, Memory=99.80, Fusion=100.00
  Epoch 27: Semantic=99.92, Memory=99.80, Fusion=99.92
  Epoch 30: Semantic=99.92, Memory=99.80, Fusion=99.92
  Epoch 33: Semantic=99.90, Memory=99.80, Fusion=99.88
  Epoch 36: Semantic=99.88, Memory=99.80, Fusion=99.88
  Epoch 39: Semantic=99.88, Memory=99.80, Fusion=99.88
  Epoch 42: Semantic=99.88, Memory=99.80, Fusion=99.88
  Epoch 45: Semantic=99.88, Memory=99.80, Fusion=99.88
  Epoch 48: Semantic=99.88, Memory=99.80, Fusion=99.88
  Epoch 51: Semantic=99.88, Memory=99.80, Fusion=99.88
  Epoch 54: Semantic=99.88, Memory=99.80, Fusion=99.88
  Epoch 57: Semantic=99.88, Memory=99.80, Fusion=99.88
  Epoch 60: Semantic=99.88, Memory=99.80, Fusion=99.88
  Epoch 63: Semantic=99.88, Memory=99.80, Fusion=99.88
  Epoch 66: Semantic=99.88, Memory=99.80, Fusion=99.88
  Epoch 69: Semantic=99.88, Memory=99.80, Fusion=99.88
  Epoch 72: Semantic=99.88, Memory=99.80, Fusion=99.88
  Epoch 75: Semantic=99.88, Memory=99.80, Fusion=99.88
  Epoch 78: Semantic=99.88, Memory=99.80, Fusion=99.88
  Epoch 81: Semantic=99.88, Memory=99.80, Fusion=99.88
  Epoch 84: Semantic=99.88, Memory=99.80, Fusion=99.88
  Epoch 87: Semantic=99.88, Memory=99.80, Fusion=99.88
  Epoch 90: Semantic=99.88, Memory=99.80, Fusion=99.88
  Epoch 93: Semantic=99.88, Memory=99.80, Fusion=99.88
  Epoch 96: Semantic=99.88, Memory=99.80, Fusion=99.88
  Epoch 99: Semantic=99.88, Memory=99.80, Fusion=99.88
  Epoch 100: Semantic=99.88, Memory=99.80, Fusion=99.88
Object:carpet =========================== Fusion-AUROC:100.0, Semantic:99.96, Memory:99.8


============================================================
[Prompt Configuration] Class: leather
  - Mode: MAP+LAP (Baseline)
  - MAP prompts: 7
  - LAP prompts: 8 (generic anomaly templates)
============================================================


[PromptAD] Initializing with use_lap=True
  Epoch 3: Semantic=100.00, Memory=99.86, Fusion=99.90
  Epoch 6: Semantic=100.00, Memory=99.86, Fusion=99.90
  Epoch 9: Semantic=100.00, Memory=99.86, Fusion=99.97 *** Best ***
  Epoch 12: Semantic=100.00, Memory=99.86, Fusion=99.97
  Epoch 15: Semantic=100.00, Memory=99.86, Fusion=99.97
  Epoch 18: Semantic=100.00, Memory=99.86, Fusion=100.00 *** Best ***
  Epoch 21: Semantic=100.00, Memory=99.86, Fusion=100.00
  Epoch 24: Semantic=100.00, Memory=99.86, Fusion=100.00
  Epoch 27: Semantic=100.00, Memory=99.86, Fusion=100.00
  Epoch 30: Semantic=100.00, Memory=99.86, Fusion=100.00
  Epoch 33: Semantic=100.00, Memory=99.86, Fusion=100.00
  Epoch 36: Semantic=100.00, Memory=99.86, Fusion=100.00
  Epoch 39: Semantic=100.00, Memory=99.86, Fusion=100.00
  Epoch 42: Semantic=100.00, Memory=99.86, Fusion=100.00
  Epoch 45: Semantic=100.00, Memory=99.86, Fusion=100.00
  Epoch 48: Semantic=100.00, Memory=99.86, Fusion=100.00
  Epoch 51: Semantic=100.00, Memory=99.86, Fusion=100.00
  Epoch 54: Semantic=100.00, Memory=99.86, Fusion=100.00
  Epoch 57: Semantic=100.00, Memory=99.86, Fusion=100.00
  Epoch 60: Semantic=100.00, Memory=99.86, Fusion=100.00
  Epoch 63: Semantic=100.00, Memory=99.86, Fusion=100.00
  Epoch 66: Semantic=100.00, Memory=99.86, Fusion=100.00
  Epoch 69: Semantic=100.00, Memory=99.86, Fusion=100.00
  Epoch 72: Semantic=100.00, Memory=99.86, Fusion=100.00
  Epoch 75: Semantic=100.00, Memory=99.86, Fusion=100.00
  Epoch 78: Semantic=100.00, Memory=99.86, Fusion=100.00
  Epoch 81: Semantic=100.00, Memory=99.86, Fusion=100.00
  Epoch 84: Semantic=100.00, Memory=99.86, Fusion=100.00
  Epoch 87: Semantic=100.00, Memory=99.86, Fusion=100.00
  Epoch 90: Semantic=100.00, Memory=99.86, Fusion=100.00
  Epoch 93: Semantic=100.00, Memory=99.86, Fusion=100.00
  Epoch 96: Semantic=100.00, Memory=99.86, Fusion=100.00
  Epoch 99: Semantic=100.00, Memory=99.86, Fusion=100.00
  Epoch 100: Semantic=100.00, Memory=99.86, Fusion=100.00
Object:leather =========================== Fusion-AUROC:100.0, Semantic:100.0, Memory:99.86


============================================================
[Prompt Configuration] Class: tile
  - Mode: MAP+LAP (Baseline)
  - MAP prompts: 7
  - LAP prompts: 8 (generic anomaly templates)
============================================================


[PromptAD] Initializing with use_lap=True
  Epoch 3: Semantic=100.00, Memory=98.59, Fusion=98.92
  Epoch 6: Semantic=99.98, Memory=98.59, Fusion=99.10 *** Best ***
  Epoch 9: Semantic=100.00, Memory=98.59, Fusion=99.31 *** Best ***
  Epoch 12: Semantic=99.93, Memory=98.59, Fusion=99.60 *** Best ***
  Epoch 15: Semantic=99.98, Memory=98.59, Fusion=99.86 *** Best ***
  Epoch 18: Semantic=99.93, Memory=98.59, Fusion=99.89 *** Best ***
  Epoch 21: Semantic=99.91, Memory=98.59, Fusion=99.93 *** Best ***
  Epoch 24: Semantic=99.93, Memory=98.59, Fusion=99.93
  Epoch 27: Semantic=99.93, Memory=98.59, Fusion=99.93
  Epoch 30: Semantic=99.93, Memory=98.59, Fusion=99.89
  Epoch 33: Semantic=99.89, Memory=98.59, Fusion=99.89
  Epoch 36: Semantic=99.93, Memory=98.59, Fusion=99.89
  Epoch 39: Semantic=99.93, Memory=98.59, Fusion=99.89
  Epoch 42: Semantic=99.93, Memory=98.59, Fusion=99.89
  Epoch 45: Semantic=99.93, Memory=98.59, Fusion=99.89
  Epoch 48: Semantic=99.91, Memory=98.59, Fusion=99.89
  Epoch 51: Semantic=99.89, Memory=98.59, Fusion=99.89
  Epoch 54: Semantic=99.89, Memory=98.59, Fusion=99.89
  Epoch 57: Semantic=99.89, Memory=98.59, Fusion=99.89
  Epoch 60: Semantic=99.89, Memory=98.59, Fusion=99.89
  Epoch 63: Semantic=99.89, Memory=98.59, Fusion=99.89
  Epoch 66: Semantic=99.89, Memory=98.59, Fusion=99.89
  Epoch 69: Semantic=99.89, Memory=98.59, Fusion=99.89
  Epoch 72: Semantic=99.89, Memory=98.59, Fusion=99.89
  Epoch 75: Semantic=99.89, Memory=98.59, Fusion=99.89
  Epoch 78: Semantic=99.89, Memory=98.59, Fusion=99.89
  Epoch 81: Semantic=99.89, Memory=98.59, Fusion=99.89
  Epoch 84: Semantic=99.89, Memory=98.59, Fusion=99.89
  Epoch 87: Semantic=99.89, Memory=98.59, Fusion=99.89
  Epoch 90: Semantic=99.89, Memory=98.59, Fusion=99.89
  Epoch 93: Semantic=99.89, Memory=98.59, Fusion=99.89
  Epoch 96: Semantic=99.89, Memory=98.59, Fusion=99.89
  Epoch 99: Semantic=99.89, Memory=98.59, Fusion=99.89
  Epoch 100: Semantic=99.89, Memory=98.59, Fusion=99.89
Object:tile =========================== Fusion-AUROC:99.93, Semantic:99.91, Memory:98.59


============================================================
[Prompt Configuration] Class: wood
  - Mode: MAP+LAP (Baseline)
  - MAP prompts: 6
  - LAP prompts: 8 (generic anomaly templates)
============================================================


[PromptAD] Initializing with use_lap=True
  Epoch 3: Semantic=96.97, Memory=98.86, Fusion=98.77
  Epoch 6: Semantic=98.82, Memory=98.86, Fusion=98.86 *** Best ***
  Epoch 9: Semantic=98.29, Memory=98.86, Fusion=98.95 *** Best ***
  Epoch 12: Semantic=98.25, Memory=98.86, Fusion=99.04 *** Best ***
  Epoch 15: Semantic=98.73, Memory=98.86, Fusion=99.21 *** Best ***
  Epoch 18: Semantic=98.90, Memory=98.86, Fusion=99.30 *** Best ***
  Epoch 21: Semantic=98.82, Memory=98.86, Fusion=99.30
  Epoch 24: Semantic=98.55, Memory=98.86, Fusion=99.39 *** Best ***
  Epoch 27: Semantic=98.42, Memory=98.86, Fusion=99.04
  Epoch 30: Semantic=98.25, Memory=98.86, Fusion=98.95
  Epoch 33: Semantic=98.42, Memory=98.86, Fusion=98.95
  Epoch 36: Semantic=98.25, Memory=98.86, Fusion=98.60
  Epoch 39: Semantic=98.38, Memory=98.86, Fusion=98.60
  Epoch 42: Semantic=98.33, Memory=98.86, Fusion=98.77
  Epoch 45: Semantic=98.42, Memory=98.86, Fusion=98.68
  Epoch 48: Semantic=98.51, Memory=98.86, Fusion=98.77
  Epoch 51: Semantic=98.60, Memory=98.86, Fusion=98.77
  Epoch 54: Semantic=98.68, Memory=98.86, Fusion=98.95
  Epoch 57: Semantic=98.68, Memory=98.86, Fusion=98.95
  Epoch 60: Semantic=98.73, Memory=98.86, Fusion=98.77
  Epoch 63: Semantic=98.68, Memory=98.86, Fusion=98.77
  Epoch 66: Semantic=98.68, Memory=98.86, Fusion=98.77
  Epoch 69: Semantic=98.68, Memory=98.86, Fusion=98.68
  Epoch 72: Semantic=98.68, Memory=98.86, Fusion=98.68
  Epoch 75: Semantic=98.68, Memory=98.86, Fusion=98.68
  Epoch 78: Semantic=98.68, Memory=98.86, Fusion=98.68
  Epoch 81: Semantic=98.64, Memory=98.86, Fusion=98.68
  Epoch 84: Semantic=98.64, Memory=98.86, Fusion=98.68
  Epoch 87: Semantic=98.64, Memory=98.86, Fusion=98.68
  Epoch 90: Semantic=98.68, Memory=98.86, Fusion=98.68
  Epoch 93: Semantic=98.64, Memory=98.86, Fusion=98.68
  Epoch 96: Semantic=98.64, Memory=98.86, Fusion=98.68
  Epoch 99: Semantic=98.60, Memory=98.86, Fusion=98.68
  Epoch 100: Semantic=98.68, Memory=98.86, Fusion=98.68
Object:wood =========================== Fusion-AUROC:99.39, Semantic:98.55, Memory:98.86


============================================================
[Prompt Configuration] Class: bottle
  - Mode: MAP+LAP (Baseline)
  - MAP prompts: 5
  - LAP prompts: 8 (generic anomaly templates)
============================================================


[PromptAD] Initializing with use_lap=True
  Epoch 3: Semantic=97.06, Memory=99.52, Fusion=99.52
  Epoch 6: Semantic=94.33, Memory=99.52, Fusion=99.52
  Epoch 9: Semantic=92.70, Memory=99.52, Fusion=99.52
  Epoch 12: Semantic=93.69, Memory=99.52, Fusion=99.44
  Epoch 15: Semantic=93.29, Memory=99.52, Fusion=99.05
  Epoch 18: Semantic=94.05, Memory=99.52, Fusion=98.81
  Epoch 21: Semantic=95.24, Memory=99.52, Fusion=98.65
  Epoch 24: Semantic=95.71, Memory=99.52, Fusion=98.65
  Epoch 27: Semantic=95.44, Memory=99.52, Fusion=98.41
  Epoch 30: Semantic=96.03, Memory=99.52, Fusion=98.57
  Epoch 33: Semantic=96.03, Memory=99.52, Fusion=98.10
  Epoch 36: Semantic=96.75, Memory=99.52, Fusion=98.41
  Epoch 39: Semantic=97.62, Memory=99.52, Fusion=98.81
  Epoch 42: Semantic=97.74, Memory=99.52, Fusion=98.89
  Epoch 45: Semantic=98.10, Memory=99.52, Fusion=98.89
  Epoch 48: Semantic=98.17, Memory=99.52, Fusion=98.73
  Epoch 51: Semantic=98.13, Memory=99.52, Fusion=98.73
  Epoch 54: Semantic=98.02, Memory=99.52, Fusion=98.81
  Epoch 57: Semantic=98.10, Memory=99.52, Fusion=98.73
  Epoch 60: Semantic=98.06, Memory=99.52, Fusion=98.81
  Epoch 63: Semantic=98.10, Memory=99.52, Fusion=98.81
  Epoch 66: Semantic=98.10, Memory=99.52, Fusion=98.89
  Epoch 69: Semantic=98.37, Memory=99.52, Fusion=99.13
  Epoch 72: Semantic=98.37, Memory=99.52, Fusion=99.05
  Epoch 75: Semantic=98.33, Memory=99.52, Fusion=98.97
  Epoch 78: Semantic=98.29, Memory=99.52, Fusion=98.89
  Epoch 81: Semantic=98.33, Memory=99.52, Fusion=99.05
  Epoch 84: Semantic=98.17, Memory=99.52, Fusion=98.97
  Epoch 87: Semantic=98.06, Memory=99.52, Fusion=98.89
  Epoch 90: Semantic=98.17, Memory=99.52, Fusion=98.89
  Epoch 93: Semantic=98.29, Memory=99.52, Fusion=98.89
  Epoch 96: Semantic=98.21, Memory=99.52, Fusion=98.89
  Epoch 99: Semantic=98.25, Memory=99.52, Fusion=98.89
  Epoch 100: Semantic=98.33, Memory=99.52, Fusion=98.89
Object:bottle =========================== Fusion-AUROC:99.52, Semantic:97.06, Memory:99.52


============================================================
[Prompt Configuration] Class: capsule
  - Mode: MAP+LAP (Baseline)
  - MAP prompts: 5
  - LAP prompts: 8 (generic anomaly templates)
============================================================


[PromptAD] Initializing with use_lap=True
  Epoch 3: Semantic=74.23, Memory=84.72, Fusion=84.88
  Epoch 6: Semantic=78.22, Memory=84.72, Fusion=85.04 *** Best ***
  Epoch 9: Semantic=76.09, Memory=84.72, Fusion=84.84
  Epoch 12: Semantic=74.05, Memory=84.72, Fusion=83.93
  Epoch 15: Semantic=73.33, Memory=84.72, Fusion=82.97
  Epoch 18: Semantic=73.41, Memory=84.72, Fusion=80.81
  Epoch 21: Semantic=73.35, Memory=84.72, Fusion=79.10
  Epoch 24: Semantic=72.84, Memory=84.72, Fusion=76.98
  Epoch 27: Semantic=72.92, Memory=84.72, Fusion=76.03
  Epoch 30: Semantic=72.96, Memory=84.72, Fusion=75.39
  Epoch 33: Semantic=72.98, Memory=84.72, Fusion=75.11
  Epoch 36: Semantic=72.80, Memory=84.72, Fusion=74.51
  Epoch 39: Semantic=72.56, Memory=84.72, Fusion=74.23
  Epoch 42: Semantic=72.24, Memory=84.72, Fusion=73.83
  Epoch 45: Semantic=72.14, Memory=84.72, Fusion=73.35
  Epoch 48: Semantic=71.98, Memory=84.72, Fusion=72.92
  Epoch 51: Semantic=71.90, Memory=84.72, Fusion=72.80
  Epoch 54: Semantic=71.86, Memory=84.72, Fusion=72.64
  Epoch 57: Semantic=71.90, Memory=84.72, Fusion=72.60
  Epoch 60: Semantic=71.84, Memory=84.72, Fusion=72.72
  Epoch 63: Semantic=71.78, Memory=84.72, Fusion=72.52
  Epoch 66: Semantic=71.78, Memory=84.72, Fusion=72.44
  Epoch 69: Semantic=71.76, Memory=84.72, Fusion=72.40
  Epoch 72: Semantic=71.78, Memory=84.72, Fusion=72.36
  Epoch 75: Semantic=71.76, Memory=84.72, Fusion=72.32
  Epoch 78: Semantic=71.76, Memory=84.72, Fusion=72.32
  Epoch 81: Semantic=71.76, Memory=84.72, Fusion=72.36
  Epoch 84: Semantic=71.72, Memory=84.72, Fusion=72.32
  Epoch 87: Semantic=71.70, Memory=84.72, Fusion=72.28
  Epoch 90: Semantic=71.72, Memory=84.72, Fusion=72.28
  Epoch 93: Semantic=71.70, Memory=84.72, Fusion=72.36
  Epoch 96: Semantic=71.72, Memory=84.72, Fusion=72.32
  Epoch 99: Semantic=71.74, Memory=84.72, Fusion=72.36
  Epoch 100: Semantic=71.72, Memory=84.72, Fusion=72.32
Object:capsule =========================== Fusion-AUROC:85.04, Semantic:78.22, Memory:84.72


============================================================
[Prompt Configuration] Class: cable
  - Mode: MAP+LAP (Baseline)
  - MAP prompts: 5
  - LAP prompts: 8 (generic anomaly templates)
============================================================


[PromptAD] Initializing with use_lap=True
  Epoch 3: Semantic=80.58, Memory=92.82, Fusion=93.20
  Epoch 6: Semantic=80.30, Memory=92.82, Fusion=93.27 *** Best ***
  Epoch 9: Semantic=83.30, Memory=92.82, Fusion=93.68 *** Best ***
  Epoch 12: Semantic=82.69, Memory=92.82, Fusion=94.17 *** Best ***
  Epoch 15: Semantic=83.57, Memory=92.82, Fusion=94.25 *** Best ***
  Epoch 18: Semantic=80.63, Memory=92.82, Fusion=92.95
  Epoch 21: Semantic=81.88, Memory=92.82, Fusion=91.29
  Epoch 24: Semantic=83.79, Memory=92.82, Fusion=89.84
  Epoch 27: Semantic=85.59, Memory=92.82, Fusion=89.41
  Epoch 30: Semantic=85.43, Memory=92.82, Fusion=87.99
  Epoch 33: Semantic=84.83, Memory=92.82, Fusion=86.66
  Epoch 36: Semantic=85.26, Memory=92.82, Fusion=86.69
  Epoch 39: Semantic=85.68, Memory=92.82, Fusion=86.84
  Epoch 42: Semantic=85.24, Memory=92.82, Fusion=86.08
  Epoch 45: Semantic=84.95, Memory=92.82, Fusion=85.79
  Epoch 48: Semantic=85.24, Memory=92.82, Fusion=85.83
  Epoch 51: Semantic=85.33, Memory=92.82, Fusion=85.72
  Epoch 54: Semantic=85.22, Memory=92.82, Fusion=85.57
  Epoch 57: Semantic=84.95, Memory=92.82, Fusion=85.53
  Epoch 60: Semantic=84.93, Memory=92.82, Fusion=85.55
  Epoch 63: Semantic=85.08, Memory=92.82, Fusion=85.51
  Epoch 66: Semantic=85.04, Memory=92.82, Fusion=85.42
  Epoch 69: Semantic=84.95, Memory=92.82, Fusion=85.38
  Epoch 72: Semantic=84.88, Memory=92.82, Fusion=85.44
  Epoch 75: Semantic=84.88, Memory=92.82, Fusion=85.40
  Epoch 78: Semantic=84.83, Memory=92.82, Fusion=85.44
  Epoch 81: Semantic=84.82, Memory=92.82, Fusion=85.33
  Epoch 84: Semantic=84.83, Memory=92.82, Fusion=85.38
  Epoch 87: Semantic=84.90, Memory=92.82, Fusion=85.36
  Epoch 90: Semantic=84.89, Memory=92.82, Fusion=85.42
  Epoch 93: Semantic=84.90, Memory=92.82, Fusion=85.38
  Epoch 96: Semantic=84.82, Memory=92.82, Fusion=85.36
  Epoch 99: Semantic=84.80, Memory=92.82, Fusion=85.40
  Epoch 100: Semantic=84.87, Memory=92.82, Fusion=85.34
Object:cable =========================== Fusion-AUROC:94.25, Semantic:83.57, Memory:92.82


============================================================
[Prompt Configuration] Class: metal nut
  - Mode: MAP+LAP (Baseline)
  - MAP prompts: 4
  - LAP prompts: 8 (generic anomaly templates)
============================================================


[PromptAD] Initializing with use_lap=True
  Epoch 3: Semantic=92.35, Memory=99.41, Fusion=99.56
  Epoch 6: Semantic=86.85, Memory=99.41, Fusion=99.56
  Epoch 9: Semantic=87.02, Memory=99.41, Fusion=99.51
  Epoch 12: Semantic=86.80, Memory=99.41, Fusion=99.56
  Epoch 15: Semantic=89.93, Memory=99.41, Fusion=99.46
  Epoch 18: Semantic=91.96, Memory=99.41, Fusion=98.92
  Epoch 21: Semantic=92.42, Memory=99.41, Fusion=98.48
  Epoch 24: Semantic=92.74, Memory=99.41, Fusion=97.31
  Epoch 27: Semantic=91.08, Memory=99.41, Fusion=95.65
  Epoch 30: Semantic=90.64, Memory=99.41, Fusion=94.72
  Epoch 33: Semantic=90.00, Memory=99.41, Fusion=93.40
  Epoch 36: Semantic=89.10, Memory=99.41, Fusion=92.13
  Epoch 39: Semantic=88.59, Memory=99.41, Fusion=90.96
  Epoch 42: Semantic=87.88, Memory=99.41, Fusion=89.78
  Epoch 45: Semantic=87.54, Memory=99.41, Fusion=89.30
  Epoch 48: Semantic=87.85, Memory=99.41, Fusion=89.30
  Epoch 51: Semantic=87.56, Memory=99.41, Fusion=88.76
  Epoch 54: Semantic=87.29, Memory=99.41, Fusion=88.47
  Epoch 57: Semantic=87.56, Memory=99.41, Fusion=88.37
  Epoch 60: Semantic=87.46, Memory=99.41, Fusion=88.37
  Epoch 63: Semantic=87.46, Memory=99.41, Fusion=88.22
  Epoch 66: Semantic=87.44, Memory=99.41, Fusion=88.12
  Epoch 69: Semantic=87.49, Memory=99.41, Fusion=88.12
  Epoch 72: Semantic=87.41, Memory=99.41, Fusion=87.98
  Epoch 75: Semantic=87.41, Memory=99.41, Fusion=88.03
  Epoch 78: Semantic=87.39, Memory=99.41, Fusion=88.03
  Epoch 81: Semantic=87.17, Memory=99.41, Fusion=87.98
  Epoch 84: Semantic=87.27, Memory=99.41, Fusion=88.03
  Epoch 87: Semantic=87.32, Memory=99.41, Fusion=87.88
  Epoch 90: Semantic=87.17, Memory=99.41, Fusion=87.93
  Epoch 93: Semantic=87.32, Memory=99.41, Fusion=87.93
  Epoch 96: Semantic=87.27, Memory=99.41, Fusion=87.93
  Epoch 99: Semantic=87.46, Memory=99.41, Fusion=88.03
  Epoch 100: Semantic=87.41, Memory=99.41, Fusion=87.88
Object:metal_nut =========================== Fusion-AUROC:99.56, Semantic:92.35, Memory:99.41

python train_cls.py --dataset mvtec --gpu-id 0 --k-shot 4 --class_name transistor --root-dir ./result/baseline_reducedprompt2
python train_cls.py --dataset mvtec --gpu-id 0 --k-shot 4 --class_name zipper --root-dir ./result/baseline_reducedprompt2
python train_cls.py --dataset visa --gpu-id 0 --k-shot 4 --class_name candle --root-dir ./result/baseline_reducedprompt2
python train_cls.py --dataset visa --gpu-id 0 --k-shot 4 --class_name capsules --root-dir ./result/baseline_reducedprompt2
python train_cls.py --dataset visa --gpu-id 0 --k-shot 4 --class_name cashew --root-dir ./result/baseline_reducedprompt2
python train_cls.py --dataset visa --gpu-id 0 --k-shot 4 --class_name chewinggum --root-dir ./result/baseline_reducedprompt2
python train_cls.py --dataset visa --gpu-id 0 --k-shot 4 --class_name fryum --root-dir ./result/baseline_reducedprompt2
python train_cls.py --dataset visa --gpu-id 0 --k-shot 4 --class_name macaroni1 --root-dir ./result/baseline_reducedprompt2
python train_cls.py --dataset visa --gpu-id 0 --k-shot 4 --class_name macaroni2 --root-dir ./result/baseline_reducedprompt2
python train_cls.py --dataset visa --gpu-id 0 --k-shot 4 --class_name pcb1 --root-dir ./result/baseline_reducedprompt2
python train_cls.py --dataset visa --gpu-id 0 --k-shot 4 --class_name pcb2 --root-dir ./result/baseline_reducedprompt2
python train_cls.py --dataset visa --gpu-id 0 --k-shot 4 --class_name pcb3 --root-dir ./result/baseline_reducedprompt2
python train_cls.py --dataset visa --gpu-id 0 --k-shot 4 --class_name pcb4 --root-dir ./result/baseline_reducedprompt2
python train_cls.py --dataset visa --gpu-id 0 --k-shot 4 --class_name pipe_fryum --root-dir ./result/baseline_reducedprompt2

============================================================
[Prompt Configuration] Class: pill
  - Mode: MAP+LAP (Baseline)
  - MAP prompts: 7
  - LAP prompts: 8 (generic anomaly templates)
============================================================


[PromptAD] Initializing with use_lap=True
  Epoch 3: Semantic=83.97, Memory=92.80, Fusion=92.94
  Epoch 6: Semantic=85.23, Memory=92.80, Fusion=92.91
  Epoch 9: Semantic=86.28, Memory=92.80, Fusion=92.91
Traceback (most recent call last):
  File "/home/zju/mywork/PromptAD/train_cls.py", line 319, in <module>
    main(args)
  File "/home/zju/mywork/PromptAD/train_cls.py", line 241, in main
    metrics = fit(model, args, test_dataloader, device, check_path=check_path, train_data=train_dataloader)
  File "/home/zju/mywork/PromptAD/train_cls.py", line 166, in fit
    for (data, mask, label, name, img_type) in dataloader:
  File "/home/zju/miniconda3/envs/prompt_ad/lib/python3.10/site-packages/torch/utils/data/dataloader.py", line 631, in __next__
    data = self._next_data()
  File "/home/zju/miniconda3/envs/prompt_ad/lib/python3.10/site-packages/torch/utils/data/dataloader.py", line 675, in _next_data
    data = self._dataset_fetcher.fetch(index)  # may raise StopIteration
  File "/home/zju/miniconda3/envs/prompt_ad/lib/python3.10/site-packages/torch/utils/data/_utils/fetch.py", line 51, in fetch
    data = [self.dataset[idx] for idx in possibly_batched_index]
  File "/home/zju/miniconda3/envs/prompt_ad/lib/python3.10/site-packages/torch/utils/data/_utils/fetch.py", line 51, in <listcomp>
    data = [self.dataset[idx] for idx in possibly_batched_index]
  File "/home/zju/mywork/PromptAD/datasets/dataset.py", line 39, in __getitem__
    img = cv2.imread(img_path, cv2.IMREAD_COLOR)
KeyboardInterrupt
Traceback (most recent call last):
  File "/home/zju/mywork/PromptAD/run_cls.py", line 41, in <module>
    pool.join()
  File "/home/zju/miniconda3/envs/prompt_ad/lib/python3.10/multiprocessing/pool.py", line 662, in join
    self._worker_handler.join()
  File "/home/zju/miniconda3/envs/prompt_ad/lib/python3.10/threading.py", line 1089, in join
    self._wait_for_tstate_lock()
  File "/home/zju/miniconda3/envs/prompt_ad/lib/python3.10/threading.py", line 1105, in _wait_for_tstate_lock
    elif lock.acquire(block, timeout):
KeyboardInterrupt

============================================================
[Prompt Configuration] Class: hazelnut
  - Mode: MAP+LAP (Baseline)
  - MAP prompts: 6
  - LAP prompts: 8 (generic anomaly templates)
============================================================


[PromptAD] Initializing with use_lap=True
  Epoch 3: Semantic=91.73, Memory=99.86, Fusion=99.86
  Epoch 6: Semantic=90.25, Memory=99.86, Fusion=99.79
  Epoch 9: Semantic=91.88, Memory=99.86, Fusion=99.93 *** Best ***
  Epoch 12: Semantic=90.23, Memory=99.86, Fusion=99.86
  Epoch 15: Semantic=85.43, Memory=99.86, Fusion=99.64
  Epoch 18: Semantic=85.91, Memory=99.86, Fusion=99.36
  Epoch 21: Semantic=86.66, Memory=99.86, Fusion=98.29
  Epoch 24: Semantic=87.16, Memory=99.86, Fusion=96.54
  Epoch 27: Semantic=87.61, Memory=99.86, Fusion=93.96
  Epoch 30: Semantic=85.73, Memory=99.86, Fusion=91.57
  Epoch 33: Semantic=85.20, Memory=99.86, Fusion=89.04
  Epoch 36: Semantic=84.66, Memory=99.86, Fusion=87.61
  Epoch 39: Semantic=84.09, Memory=99.86, Fusion=86.46
  Epoch 42: Semantic=83.79, Memory=99.86, Fusion=85.96
  Epoch 45: Semantic=84.50, Memory=99.86, Fusion=85.79
  Epoch 48: Semantic=84.09, Memory=99.86, Fusion=85.21
  Epoch 51: Semantic=83.64, Memory=99.86, Fusion=84.89
  Epoch 54: Semantic=83.21, Memory=99.86, Fusion=84.25
  Epoch 57: Semantic=83.00, Memory=99.86, Fusion=83.86
  Epoch 60: Semantic=82.89, Memory=99.86, Fusion=83.57
  Epoch 63: Semantic=82.64, Memory=99.86, Fusion=83.32
  Epoch 66: Semantic=82.36, Memory=99.86, Fusion=83.18
  Epoch 69: Semantic=82.36, Memory=99.86, Fusion=83.14
  Epoch 72: Semantic=82.45, Memory=99.86, Fusion=83.07
Traceback (most recent call last):
  File "/home/zju/mywork/PromptAD/train_cls.py", line 319, in <module>
    main(args)
  File "/home/zju/mywork/PromptAD/train_cls.py", line 241, in main
    metrics = fit(model, args, test_dataloader, device, check_path=check_path, train_data=train_dataloader)
  File "/home/zju/mywork/PromptAD/train_cls.py", line 166, in fit
    for (data, mask, label, name, img_type) in dataloader:
  File "/home/zju/miniconda3/envs/prompt_ad/lib/python3.10/site-packages/torch/utils/data/dataloader.py", line 631, in __next__
    data = self._next_data()
  File "/home/zju/miniconda3/envs/prompt_ad/lib/python3.10/site-packages/torch/utils/data/dataloader.py", line 675, in _next_data
    data = self._dataset_fetcher.fetch(index)  # may raise StopIteration
  File "/home/zju/miniconda3/envs/prompt_ad/lib/python3.10/site-packages/torch/utils/data/_utils/fetch.py", line 51, in fetch
    data = [self.dataset[idx] for idx in possibly_batched_index]
  File "/home/zju/miniconda3/envs/prompt_ad/lib/python3.10/site-packages/torch/utils/data/_utils/fetch.py", line 51, in <listcomp>
    data = [self.dataset[idx] for idx in possibly_batched_index]
  File "/home/zju/mywork/PromptAD/datasets/dataset.py", line 39, in __getitem__
    img = cv2.imread(img_path, cv2.IMREAD_COLOR)
KeyboardInterrupt
python train_cls.py --dataset mvtec --gpu-id 0 --k-shot 2 --class_name carpet --root-dir ./result/promptpurging
python train_cls.py --dataset mvtec --gpu-id 0 --k-shot 2 --class_name grid --root-dir ./result/promptpurging
python train_cls.py --dataset mvtec --gpu-id 0 --k-shot 2 --class_name leather --root-dir ./result/promptpurging
python train_cls.py --dataset mvtec --gpu-id 0 --k-shot 2 --class_name tile --root-dir ./result/promptpurging
python train_cls.py --dataset mvtec --gpu-id 0 --k-shot 2 --class_name wood --root-dir ./result/promptpurging
python train_cls.py --dataset mvtec --gpu-id 0 --k-shot 2 --class_name bottle --root-dir ./result/promptpurging
python train_cls.py --dataset mvtec --gpu-id 0 --k-shot 2 --class_name cable --root-dir ./result/promptpurging
python train_cls.py --dataset mvtec --gpu-id 0 --k-shot 2 --class_name capsule --root-dir ./result/promptpurging
python train_cls.py --dataset mvtec --gpu-id 0 --k-shot 2 --class_name hazelnut --root-dir ./result/promptpurging
python train_cls.py --dataset mvtec --gpu-id 0 --k-shot 2 --class_name metal_nut --root-dir ./result/promptpurging
python train_cls.py --dataset mvtec --gpu-id 0 --k-shot 2 --class_name pill --root-dir ./result/promptpurging
python train_cls.py --dataset mvtec --gpu-id 0 --k-shot 2 --class_name screw --root-dir ./result/promptpurging
python train_cls.py --dataset mvtec --gpu-id 0 --k-shot 2 --class_name toothbrush --root-dir ./result/promptpurging
python train_cls.py --dataset mvtec --gpu-id 0 --k-shot 2 --class_name transistor --root-dir ./result/promptpurging
python train_cls.py --dataset mvtec --gpu-id 0 --k-shot 2 --class_name zipper --root-dir ./result/promptpurging
python train_cls.py --dataset visa --gpu-id 0 --k-shot 2 --class_name candle --root-dir ./result/promptpurging
python train_cls.py --dataset visa --gpu-id 0 --k-shot 2 --class_name capsules --root-dir ./result/promptpurging
python train_cls.py --dataset visa --gpu-id 0 --k-shot 2 --class_name cashew --root-dir ./result/promptpurging
python train_cls.py --dataset visa --gpu-id 0 --k-shot 2 --class_name chewinggum --root-dir ./result/promptpurging
python train_cls.py --dataset visa --gpu-id 0 --k-shot 2 --class_name fryum --root-dir ./result/promptpurging
python train_cls.py --dataset visa --gpu-id 0 --k-shot 2 --class_name macaroni1 --root-dir ./result/promptpurging
python train_cls.py --dataset visa --gpu-id 0 --k-shot 2 --class_name macaroni2 --root-dir ./result/promptpurging
python train_cls.py --dataset visa --gpu-id 0 --k-shot 2 --class_name pcb1 --root-dir ./result/promptpurging
python train_cls.py --dataset visa --gpu-id 0 --k-shot 2 --class_name pcb2 --root-dir ./result/promptpurging
python train_cls.py --dataset visa --gpu-id 0 --k-shot 2 --class_name pcb3 --root-dir ./result/promptpurging
python train_cls.py --dataset visa --gpu-id 0 --k-shot 2 --class_name pcb4 --root-dir ./result/promptpurging
python train_cls.py --dataset visa --gpu-id 0 --k-shot 2 --class_name pipe_fryum --root-dir ./result/promptpurging
python train_cls.py --dataset mvtec --gpu-id 0 --k-shot 1 --class_name carpet --root-dir ./result/promptpurging
python train_cls.py --dataset mvtec --gpu-id 0 --k-shot 1 --class_name grid --root-dir ./result/promptpurging
python train_cls.py --dataset mvtec --gpu-id 0 --k-shot 1 --class_name leather --root-dir ./result/promptpurging
python train_cls.py --dataset mvtec --gpu-id 0 --k-shot 1 --class_name tile --root-dir ./result/promptpurging
python train_cls.py --dataset mvtec --gpu-id 0 --k-shot 1 --class_name wood --root-dir ./result/promptpurging
python train_cls.py --dataset mvtec --gpu-id 0 --k-shot 1 --class_name bottle --root-dir ./result/promptpurging
python train_cls.py --dataset mvtec --gpu-id 0 --k-shot 1 --class_name cable --root-dir ./result/promptpurging
python train_cls.py --dataset mvtec --gpu-id 0 --k-shot 1 --class_name capsule --root-dir ./result/promptpurging
python train_cls.py --dataset mvtec --gpu-id 0 --k-shot 1 --class_name hazelnut --root-dir ./result/promptpurging
python train_cls.py --dataset mvtec --gpu-id 0 --k-shot 1 --class_name metal_nut --root-dir ./result/promptpurging
python train_cls.py --dataset mvtec --gpu-id 0 --k-shot 1 --class_name pill --root-dir ./result/promptpurging
python train_cls.py --dataset mvtec --gpu-id 0 --k-shot 1 --class_name screw --root-dir ./result/promptpurging
python train_cls.py --dataset mvtec --gpu-id 0 --k-shot 1 --class_name toothbrush --root-dir ./result/promptpurging
python train_cls.py --dataset mvtec --gpu-id 0 --k-shot 1 --class_name transistor --root-dir ./result/promptpurging
python train_cls.py --dataset mvtec --gpu-id 0 --k-shot 1 --class_name zipper --root-dir ./result/promptpurging
python train_cls.py --dataset visa --gpu-id 0 --k-shot 1 --class_name candle --root-dir ./result/promptpurging
python train_cls.py --dataset visa --gpu-id 0 --k-shot 1 --class_name capsules --root-dir ./result/promptpurging
python train_cls.py --dataset visa --gpu-id 0 --k-shot 1 --class_name cashew --root-dir ./result/promptpurging
python train_cls.py --dataset visa --gpu-id 0 --k-shot 1 --class_name chewinggum --root-dir ./result/promptpurging
python train_cls.py --dataset visa --gpu-id 0 --k-shot 1 --class_name fryum --root-dir ./result/promptpurging
python train_cls.py --dataset visa --gpu-id 0 --k-shot 1 --class_name macaroni1 --root-dir ./result/promptpurging
python train_cls.py --dataset visa --gpu-id 0 --k-shot 1 --class_name macaroni2 --root-dir ./result/promptpurging
python train_cls.py --dataset visa --gpu-id 0 --k-shot 1 --class_name pcb1 --root-dir ./result/promptpurging
python train_cls.py --dataset visa --gpu-id 0 --k-shot 1 --class_name pcb2 --root-dir ./result/promptpurging
python train_cls.py --dataset visa --gpu-id 0 --k-shot 1 --class_name pcb3 --root-dir ./result/promptpurging
python train_cls.py --dataset visa --gpu-id 0 --k-shot 1 --class_name pcb4 --root-dir ./result/promptpurging
python train_cls.py --dataset visa --gpu-id 0 --k-shot 1 --class_name pipe_fryum --root-dir ./result/promptpurging
python train_cls.py --dataset mvtec --gpu-id 0 --k-shot 4 --class_name carpet --root-dir ./result/promptpurging
python train_cls.py --dataset mvtec --gpu-id 0 --k-shot 4 --class_name grid --root-dir ./result/promptpurging
python train_cls.py --dataset mvtec --gpu-id 0 --k-shot 4 --class_name leather --root-dir ./result/promptpurging
python train_cls.py --dataset mvtec --gpu-id 0 --k-shot 4 --class_name tile --root-dir ./result/promptpurging
python train_cls.py --dataset mvtec --gpu-id 0 --k-shot 4 --class_name wood --root-dir ./result/promptpurging
python train_cls.py --dataset mvtec --gpu-id 0 --k-shot 4 --class_name bottle --root-dir ./result/promptpurging
python train_cls.py --dataset mvtec --gpu-id 0 --k-shot 4 --class_name cable --root-dir ./result/promptpurging
python train_cls.py --dataset mvtec --gpu-id 0 --k-shot 4 --class_name capsule --root-dir ./result/promptpurging
python train_cls.py --dataset mvtec --gpu-id 0 --k-shot 4 --class_name hazelnut --root-dir ./result/promptpurging
python train_cls.py --dataset mvtec --gpu-id 0 --k-shot 4 --class_name metal_nut --root-dir ./result/promptpurging
python train_cls.py --dataset mvtec --gpu-id 0 --k-shot 4 --class_name pill --root-dir ./result/promptpurging
python train_cls.py --dataset mvtec --gpu-id 0 --k-shot 4 --class_name screw --root-dir ./result/promptpurging
python train_cls.py --dataset mvtec --gpu-id 0 --k-shot 4 --class_name toothbrush --root-dir ./result/promptpurging
python train_cls.py --dataset mvtec --gpu-id 0 --k-shot 4 --class_name transistor --root-dir ./result/promptpurging
python train_cls.py --dataset mvtec --gpu-id 0 --k-shot 4 --class_name zipper --root-dir ./result/promptpurging
python train_cls.py --dataset visa --gpu-id 0 --k-shot 4 --class_name candle --root-dir ./result/promptpurging
python train_cls.py --dataset visa --gpu-id 0 --k-shot 4 --class_name capsules --root-dir ./result/promptpurging
python train_cls.py --dataset visa --gpu-id 0 --k-shot 4 --class_name cashew --root-dir ./result/promptpurging
python train_cls.py --dataset visa --gpu-id 0 --k-shot 4 --class_name chewinggum --root-dir ./result/promptpurging

============================================================
[Prompt Configuration] Class: grid
  - Mode: MAP+LAP (Baseline)
  - MAP prompts: 8
  - LAP prompts: 8 (generic anomaly templates)
============================================================


[PromptAD] Initializing with use_lap=True
  Epoch 3: Semantic=97.87, Memory=97.24, Fusion=97.33
  Epoch 6: Semantic=98.45, Memory=97.24, Fusion=97.49 *** Best ***
  Epoch 9: Semantic=97.66, Memory=97.24, Fusion=97.41
  Epoch 12: Semantic=96.49, Memory=97.24, Fusion=97.49
  Epoch 15: Semantic=95.07, Memory=97.24, Fusion=97.33
  Epoch 18: Semantic=93.82, Memory=97.24, Fusion=96.24
  Epoch 21: Semantic=93.48, Memory=97.24, Fusion=94.99
  Epoch 24: Semantic=94.32, Memory=97.24, Fusion=95.91
  Epoch 27: Semantic=95.32, Memory=97.24, Fusion=96.16
  Epoch 30: Semantic=93.78, Memory=97.24, Fusion=94.49
  Epoch 33: Semantic=93.90, Memory=97.24, Fusion=94.65
  Epoch 36: Semantic=93.73, Memory=97.24, Fusion=94.24
  Epoch 39: Semantic=93.98, Memory=97.24, Fusion=94.40
  Epoch 42: Semantic=93.15, Memory=97.24, Fusion=93.57
  Epoch 45: Semantic=93.40, Memory=97.24, Fusion=93.82
  Epoch 48: Semantic=92.65, Memory=97.24, Fusion=92.90
  Epoch 51: Semantic=92.90, Memory=97.24, Fusion=92.98
  Epoch 54: Semantic=92.52, Memory=97.24, Fusion=92.73
  Epoch 57: Semantic=92.31, Memory=97.24, Fusion=92.65
  Epoch 60: Semantic=92.40, Memory=97.24, Fusion=92.65
  Epoch 63: Semantic=92.23, Memory=97.24, Fusion=92.48
  Epoch 66: Semantic=92.15, Memory=97.24, Fusion=92.40
  Epoch 69: Semantic=92.15, Memory=97.24, Fusion=92.31
  Epoch 72: Semantic=92.06, Memory=97.24, Fusion=92.23
  Epoch 75: Semantic=91.90, Memory=97.24, Fusion=92.06
  Epoch 78: Semantic=91.81, Memory=97.24, Fusion=92.15
  Epoch 81: Semantic=91.81, Memory=97.24, Fusion=92.06
  Epoch 84: Semantic=91.81, Memory=97.24, Fusion=91.98
  Epoch 87: Semantic=91.73, Memory=97.24, Fusion=91.90
  Epoch 90: Semantic=91.73, Memory=97.24, Fusion=91.81
  Epoch 93: Semantic=91.69, Memory=97.24, Fusion=91.81
  Epoch 96: Semantic=91.73, Memory=97.24, Fusion=91.81
  Epoch 99: Semantic=91.69, Memory=97.24, Fusion=91.81
  Epoch 100: Semantic=91.69, Memory=97.24, Fusion=91.81
Object:grid =========================== Fusion-AUROC:97.49, Semantic:98.45, Memory:97.24


============================================================
[Prompt Configuration] Class: carpet
  - Mode: MAP+LAP (Baseline)
  - MAP prompts: 8
  - LAP prompts: 8 (generic anomaly templates)
============================================================


[PromptAD] Initializing with use_lap=True
  Epoch 3: Semantic=99.86, Memory=99.80, Fusion=99.84
  Epoch 6: Semantic=99.88, Memory=99.80, Fusion=99.84
  Epoch 9: Semantic=99.96, Memory=99.80, Fusion=99.88 *** Best ***
  Epoch 12: Semantic=99.96, Memory=99.80, Fusion=99.92 *** Best ***
  Epoch 15: Semantic=99.96, Memory=99.80, Fusion=99.96 *** Best ***
  Epoch 18: Semantic=99.96, Memory=99.80, Fusion=99.96
  Epoch 21: Semantic=99.96, Memory=99.80, Fusion=100.00 *** Best ***
  Epoch 24: Semantic=99.96, Memory=99.80, Fusion=100.00
  Epoch 27: Semantic=99.92, Memory=99.80, Fusion=99.92
  Epoch 30: Semantic=99.92, Memory=99.80, Fusion=99.92
  Epoch 33: Semantic=99.90, Memory=99.80, Fusion=99.88
  Epoch 36: Semantic=99.88, Memory=99.80, Fusion=99.88
  Epoch 39: Semantic=99.88, Memory=99.80, Fusion=99.88
  Epoch 42: Semantic=99.88, Memory=99.80, Fusion=99.88
  Epoch 45: Semantic=99.88, Memory=99.80, Fusion=99.88
  Epoch 48: Semantic=99.88, Memory=99.80, Fusion=99.88
  Epoch 51: Semantic=99.88, Memory=99.80, Fusion=99.88
  Epoch 54: Semantic=99.88, Memory=99.80, Fusion=99.88
  Epoch 57: Semantic=99.88, Memory=99.80, Fusion=99.88
  Epoch 60: Semantic=99.88, Memory=99.80, Fusion=99.88
  Epoch 63: Semantic=99.88, Memory=99.80, Fusion=99.88
  Epoch 66: Semantic=99.88, Memory=99.80, Fusion=99.88
  Epoch 69: Semantic=99.88, Memory=99.80, Fusion=99.88
  Epoch 72: Semantic=99.88, Memory=99.80, Fusion=99.88
  Epoch 75: Semantic=99.88, Memory=99.80, Fusion=99.88
  Epoch 78: Semantic=99.88, Memory=99.80, Fusion=99.88
  Epoch 81: Semantic=99.88, Memory=99.80, Fusion=99.88
  Epoch 84: Semantic=99.88, Memory=99.80, Fusion=99.88
  Epoch 87: Semantic=99.88, Memory=99.80, Fusion=99.88
  Epoch 90: Semantic=99.88, Memory=99.80, Fusion=99.88
  Epoch 93: Semantic=99.88, Memory=99.80, Fusion=99.88
  Epoch 96: Semantic=99.88, Memory=99.80, Fusion=99.88
  Epoch 99: Semantic=99.88, Memory=99.80, Fusion=99.88
  Epoch 100: Semantic=99.88, Memory=99.80, Fusion=99.88
Object:carpet =========================== Fusion-AUROC:100.0, Semantic:99.96, Memory:99.8


============================================================
[Prompt Configuration] Class: leather
  - Mode: MAP+LAP (Baseline)
  - MAP prompts: 7
  - LAP prompts: 8 (generic anomaly templates)
============================================================


[PromptAD] Initializing with use_lap=True
  Epoch 3: Semantic=100.00, Memory=99.86, Fusion=99.90
  Epoch 6: Semantic=100.00, Memory=99.86, Fusion=99.90
  Epoch 9: Semantic=100.00, Memory=99.86, Fusion=99.97 *** Best ***
  Epoch 12: Semantic=100.00, Memory=99.86, Fusion=99.97
  Epoch 15: Semantic=100.00, Memory=99.86, Fusion=99.97
  Epoch 18: Semantic=100.00, Memory=99.86, Fusion=100.00 *** Best ***
  Epoch 21: Semantic=100.00, Memory=99.86, Fusion=100.00
  Epoch 24: Semantic=100.00, Memory=99.86, Fusion=100.00
  Epoch 27: Semantic=100.00, Memory=99.86, Fusion=100.00
  Epoch 30: Semantic=100.00, Memory=99.86, Fusion=100.00
  Epoch 33: Semantic=100.00, Memory=99.86, Fusion=100.00
  Epoch 36: Semantic=100.00, Memory=99.86, Fusion=100.00
  Epoch 39: Semantic=100.00, Memory=99.86, Fusion=100.00
  Epoch 42: Semantic=100.00, Memory=99.86, Fusion=100.00
  Epoch 45: Semantic=100.00, Memory=99.86, Fusion=100.00
  Epoch 48: Semantic=100.00, Memory=99.86, Fusion=100.00
  Epoch 51: Semantic=100.00, Memory=99.86, Fusion=100.00
  Epoch 54: Semantic=100.00, Memory=99.86, Fusion=100.00
  Epoch 57: Semantic=100.00, Memory=99.86, Fusion=100.00
  Epoch 60: Semantic=100.00, Memory=99.86, Fusion=100.00
  Epoch 63: Semantic=100.00, Memory=99.86, Fusion=100.00
  Epoch 66: Semantic=100.00, Memory=99.86, Fusion=100.00
  Epoch 69: Semantic=100.00, Memory=99.86, Fusion=100.00
  Epoch 72: Semantic=100.00, Memory=99.86, Fusion=100.00
  Epoch 75: Semantic=100.00, Memory=99.86, Fusion=100.00
  Epoch 78: Semantic=100.00, Memory=99.86, Fusion=100.00
  Epoch 81: Semantic=100.00, Memory=99.86, Fusion=100.00
  Epoch 84: Semantic=100.00, Memory=99.86, Fusion=100.00
  Epoch 87: Semantic=100.00, Memory=99.86, Fusion=100.00
  Epoch 90: Semantic=100.00, Memory=99.86, Fusion=100.00
  Epoch 93: Semantic=100.00, Memory=99.86, Fusion=100.00
  Epoch 96: Semantic=100.00, Memory=99.86, Fusion=100.00
  Epoch 99: Semantic=100.00, Memory=99.86, Fusion=100.00
  Epoch 100: Semantic=100.00, Memory=99.86, Fusion=100.00
Object:leather =========================== Fusion-AUROC:100.0, Semantic:100.0, Memory:99.86


============================================================
[Prompt Configuration] Class: tile
  - Mode: MAP+LAP (Baseline)
  - MAP prompts: 7
  - LAP prompts: 8 (generic anomaly templates)
============================================================


[PromptAD] Initializing with use_lap=True
  Epoch 3: Semantic=100.00, Memory=98.59, Fusion=98.92
  Epoch 6: Semantic=99.98, Memory=98.59, Fusion=99.10 *** Best ***
  Epoch 9: Semantic=100.00, Memory=98.59, Fusion=99.31 *** Best ***
  Epoch 12: Semantic=99.93, Memory=98.59, Fusion=99.60 *** Best ***
  Epoch 15: Semantic=99.98, Memory=98.59, Fusion=99.86 *** Best ***
  Epoch 18: Semantic=99.93, Memory=98.59, Fusion=99.89 *** Best ***
  Epoch 21: Semantic=99.91, Memory=98.59, Fusion=99.93 *** Best ***
  Epoch 24: Semantic=99.93, Memory=98.59, Fusion=99.93
  Epoch 27: Semantic=99.93, Memory=98.59, Fusion=99.93
  Epoch 30: Semantic=99.93, Memory=98.59, Fusion=99.89
  Epoch 33: Semantic=99.89, Memory=98.59, Fusion=99.89
  Epoch 36: Semantic=99.93, Memory=98.59, Fusion=99.89
  Epoch 39: Semantic=99.93, Memory=98.59, Fusion=99.89
  Epoch 42: Semantic=99.93, Memory=98.59, Fusion=99.89
  Epoch 45: Semantic=99.93, Memory=98.59, Fusion=99.89
  Epoch 48: Semantic=99.91, Memory=98.59, Fusion=99.89
  Epoch 51: Semantic=99.89, Memory=98.59, Fusion=99.89
  Epoch 54: Semantic=99.89, Memory=98.59, Fusion=99.89
  Epoch 57: Semantic=99.89, Memory=98.59, Fusion=99.89
  Epoch 60: Semantic=99.89, Memory=98.59, Fusion=99.89
  Epoch 63: Semantic=99.89, Memory=98.59, Fusion=99.89
  Epoch 66: Semantic=99.89, Memory=98.59, Fusion=99.89
  Epoch 69: Semantic=99.89, Memory=98.59, Fusion=99.89
  Epoch 72: Semantic=99.89, Memory=98.59, Fusion=99.89
  Epoch 75: Semantic=99.89, Memory=98.59, Fusion=99.89
  Epoch 78: Semantic=99.89, Memory=98.59, Fusion=99.89
  Epoch 81: Semantic=99.89, Memory=98.59, Fusion=99.89
  Epoch 84: Semantic=99.89, Memory=98.59, Fusion=99.89
  Epoch 87: Semantic=99.89, Memory=98.59, Fusion=99.89
  Epoch 90: Semantic=99.89, Memory=98.59, Fusion=99.89
  Epoch 93: Semantic=99.89, Memory=98.59, Fusion=99.89
  Epoch 96: Semantic=99.89, Memory=98.59, Fusion=99.89
  Epoch 99: Semantic=99.89, Memory=98.59, Fusion=99.89
  Epoch 100: Semantic=99.89, Memory=98.59, Fusion=99.89
Object:tile =========================== Fusion-AUROC:99.93, Semantic:99.91, Memory:98.59


============================================================
[Prompt Configuration] Class: wood
  - Mode: MAP+LAP (Baseline)
  - MAP prompts: 6
  - LAP prompts: 8 (generic anomaly templates)
============================================================


[PromptAD] Initializing with use_lap=True
  Epoch 3: Semantic=96.97, Memory=98.86, Fusion=98.77
  Epoch 6: Semantic=98.82, Memory=98.86, Fusion=98.86 *** Best ***
  Epoch 9: Semantic=98.29, Memory=98.86, Fusion=98.95 *** Best ***
  Epoch 12: Semantic=98.25, Memory=98.86, Fusion=99.04 *** Best ***
  Epoch 15: Semantic=98.73, Memory=98.86, Fusion=99.21 *** Best ***
  Epoch 18: Semantic=98.90, Memory=98.86, Fusion=99.30 *** Best ***
  Epoch 21: Semantic=98.82, Memory=98.86, Fusion=99.30
  Epoch 24: Semantic=98.55, Memory=98.86, Fusion=99.39 *** Best ***
  Epoch 27: Semantic=98.42, Memory=98.86, Fusion=99.04
  Epoch 30: Semantic=98.25, Memory=98.86, Fusion=98.95
  Epoch 33: Semantic=98.42, Memory=98.86, Fusion=98.95
  Epoch 36: Semantic=98.25, Memory=98.86, Fusion=98.60
  Epoch 39: Semantic=98.38, Memory=98.86, Fusion=98.60
  Epoch 42: Semantic=98.33, Memory=98.86, Fusion=98.77
  Epoch 45: Semantic=98.42, Memory=98.86, Fusion=98.68
  Epoch 48: Semantic=98.51, Memory=98.86, Fusion=98.77
  Epoch 51: Semantic=98.60, Memory=98.86, Fusion=98.77
  Epoch 54: Semantic=98.68, Memory=98.86, Fusion=98.95
  Epoch 57: Semantic=98.68, Memory=98.86, Fusion=98.95
  Epoch 60: Semantic=98.73, Memory=98.86, Fusion=98.77
  Epoch 63: Semantic=98.68, Memory=98.86, Fusion=98.77
  Epoch 66: Semantic=98.68, Memory=98.86, Fusion=98.77
  Epoch 69: Semantic=98.68, Memory=98.86, Fusion=98.68
  Epoch 72: Semantic=98.68, Memory=98.86, Fusion=98.68
  Epoch 75: Semantic=98.68, Memory=98.86, Fusion=98.68
  Epoch 78: Semantic=98.68, Memory=98.86, Fusion=98.68
  Epoch 81: Semantic=98.64, Memory=98.86, Fusion=98.68
  Epoch 84: Semantic=98.64, Memory=98.86, Fusion=98.68
  Epoch 87: Semantic=98.64, Memory=98.86, Fusion=98.68
  Epoch 90: Semantic=98.68, Memory=98.86, Fusion=98.68
  Epoch 93: Semantic=98.64, Memory=98.86, Fusion=98.68
  Epoch 96: Semantic=98.64, Memory=98.86, Fusion=98.68
  Epoch 99: Semantic=98.60, Memory=98.86, Fusion=98.68
  Epoch 100: Semantic=98.68, Memory=98.86, Fusion=98.68
Object:wood =========================== Fusion-AUROC:99.39, Semantic:98.55, Memory:98.86


============================================================
[Prompt Configuration] Class: bottle
  - Mode: MAP+LAP (Baseline)
  - MAP prompts: 5
  - LAP prompts: 8 (generic anomaly templates)
============================================================


[PromptAD] Initializing with use_lap=True
  Epoch 3: Semantic=97.06, Memory=99.52, Fusion=99.52
  Epoch 6: Semantic=94.33, Memory=99.52, Fusion=99.52
  Epoch 9: Semantic=92.70, Memory=99.52, Fusion=99.52
  Epoch 12: Semantic=93.69, Memory=99.52, Fusion=99.44
  Epoch 15: Semantic=93.29, Memory=99.52, Fusion=99.05
  Epoch 18: Semantic=94.05, Memory=99.52, Fusion=98.81
  Epoch 21: Semantic=95.24, Memory=99.52, Fusion=98.65
  Epoch 24: Semantic=95.71, Memory=99.52, Fusion=98.65
  Epoch 27: Semantic=95.44, Memory=99.52, Fusion=98.41
  Epoch 30: Semantic=96.03, Memory=99.52, Fusion=98.57
  Epoch 33: Semantic=96.03, Memory=99.52, Fusion=98.10
  Epoch 36: Semantic=96.75, Memory=99.52, Fusion=98.41
  Epoch 39: Semantic=97.62, Memory=99.52, Fusion=98.81
  Epoch 42: Semantic=97.74, Memory=99.52, Fusion=98.89
  Epoch 45: Semantic=98.10, Memory=99.52, Fusion=98.89
  Epoch 48: Semantic=98.17, Memory=99.52, Fusion=98.73
  Epoch 51: Semantic=98.13, Memory=99.52, Fusion=98.73
  Epoch 54: Semantic=98.02, Memory=99.52, Fusion=98.81
  Epoch 57: Semantic=98.10, Memory=99.52, Fusion=98.73
  Epoch 60: Semantic=98.06, Memory=99.52, Fusion=98.81
  Epoch 63: Semantic=98.10, Memory=99.52, Fusion=98.81
  Epoch 66: Semantic=98.10, Memory=99.52, Fusion=98.89
  Epoch 69: Semantic=98.37, Memory=99.52, Fusion=99.13
  Epoch 72: Semantic=98.37, Memory=99.52, Fusion=99.05
  Epoch 75: Semantic=98.33, Memory=99.52, Fusion=98.97
  Epoch 78: Semantic=98.29, Memory=99.52, Fusion=98.89
  Epoch 81: Semantic=98.33, Memory=99.52, Fusion=99.05
  Epoch 84: Semantic=98.17, Memory=99.52, Fusion=98.97
  Epoch 87: Semantic=98.06, Memory=99.52, Fusion=98.89
  Epoch 90: Semantic=98.17, Memory=99.52, Fusion=98.89
  Epoch 93: Semantic=98.29, Memory=99.52, Fusion=98.89
  Epoch 96: Semantic=98.21, Memory=99.52, Fusion=98.89
  Epoch 99: Semantic=98.25, Memory=99.52, Fusion=98.89
  Epoch 100: Semantic=98.33, Memory=99.52, Fusion=98.89
Object:bottle =========================== Fusion-AUROC:99.52, Semantic:97.06, Memory:99.52


============================================================
[Prompt Configuration] Class: capsule
  - Mode: MAP+LAP (Baseline)
  - MAP prompts: 7
  - LAP prompts: 8 (generic anomaly templates)
============================================================


[PromptAD] Initializing with use_lap=True
  Epoch 3: Semantic=79.68, Memory=84.72, Fusion=84.92
  Epoch 6: Semantic=82.37, Memory=84.72, Fusion=85.20 *** Best ***
  Epoch 9: Semantic=77.24, Memory=84.72, Fusion=84.88
  Epoch 12: Semantic=75.01, Memory=84.72, Fusion=84.56
  Epoch 15: Semantic=74.19, Memory=84.72, Fusion=83.69
  Epoch 18: Semantic=74.75, Memory=84.72, Fusion=82.93
  Epoch 21: Semantic=74.69, Memory=84.72, Fusion=81.01
  Epoch 24: Semantic=73.69, Memory=84.72, Fusion=78.94
  Epoch 27: Semantic=73.57, Memory=84.72, Fusion=77.42
  Epoch 30: Semantic=73.00, Memory=84.72, Fusion=76.31
  Epoch 33: Semantic=73.04, Memory=84.72, Fusion=75.75
  Epoch 36: Semantic=72.84, Memory=84.72, Fusion=74.95
  Epoch 39: Semantic=72.96, Memory=84.72, Fusion=74.95
  Epoch 42: Semantic=72.66, Memory=84.72, Fusion=74.23
  Epoch 45: Semantic=72.58, Memory=84.72, Fusion=73.67
  Epoch 48: Semantic=72.06, Memory=84.72, Fusion=73.20
  Epoch 51: Semantic=71.76, Memory=84.72, Fusion=72.96
  Epoch 54: Semantic=71.66, Memory=84.72, Fusion=72.84
  Epoch 57: Semantic=71.52, Memory=84.72, Fusion=72.60
  Epoch 60: Semantic=71.40, Memory=84.72, Fusion=72.32
  Epoch 63: Semantic=71.28, Memory=84.72, Fusion=72.00
  Epoch 66: Semantic=71.26, Memory=84.72, Fusion=71.96
  Epoch 69: Semantic=71.26, Memory=84.72, Fusion=71.92
  Epoch 72: Semantic=71.14, Memory=84.72, Fusion=71.68
  Epoch 75: Semantic=71.02, Memory=84.72, Fusion=71.68
  Epoch 78: Semantic=71.00, Memory=84.72, Fusion=71.64
  Epoch 81: Semantic=70.96, Memory=84.72, Fusion=71.64
  Epoch 84: Semantic=70.98, Memory=84.72, Fusion=71.60
  Epoch 87: Semantic=71.00, Memory=84.72, Fusion=71.64
  Epoch 90: Semantic=71.00, Memory=84.72, Fusion=71.72
  Epoch 93: Semantic=70.94, Memory=84.72, Fusion=71.56
  Epoch 96: Semantic=70.84, Memory=84.72, Fusion=71.56
  Epoch 99: Semantic=70.96, Memory=84.72, Fusion=71.72
  Epoch 100: Semantic=70.86, Memory=84.72, Fusion=71.56
Object:capsule =========================== Fusion-AUROC:85.2, Semantic:82.37, Memory:84.72


============================================================
[Prompt Configuration] Class: cable
  - Mode: MAP+LAP (Baseline)
  - MAP prompts: 5
  - LAP prompts: 8 (generic anomaly templates)
============================================================


[PromptAD] Initializing with use_lap=True
  Epoch 3: Semantic=80.58, Memory=92.82, Fusion=93.20
  Epoch 6: Semantic=80.30, Memory=92.82, Fusion=93.27 *** Best ***
  Epoch 9: Semantic=83.30, Memory=92.82, Fusion=93.68 *** Best ***
  Epoch 12: Semantic=82.69, Memory=92.82, Fusion=94.17 *** Best ***
  Epoch 15: Semantic=83.57, Memory=92.82, Fusion=94.25 *** Best ***
  Epoch 18: Semantic=80.63, Memory=92.82, Fusion=92.95
  Epoch 21: Semantic=81.88, Memory=92.82, Fusion=91.29
  Epoch 24: Semantic=83.79, Memory=92.82, Fusion=89.84
  Epoch 27: Semantic=85.59, Memory=92.82, Fusion=89.41
  Epoch 30: Semantic=85.43, Memory=92.82, Fusion=87.99
  Epoch 33: Semantic=84.83, Memory=92.82, Fusion=86.66
  Epoch 36: Semantic=85.26, Memory=92.82, Fusion=86.69
  Epoch 39: Semantic=85.68, Memory=92.82, Fusion=86.84
  Epoch 42: Semantic=85.24, Memory=92.82, Fusion=86.08
  Epoch 45: Semantic=84.95, Memory=92.82, Fusion=85.79
  Epoch 48: Semantic=85.24, Memory=92.82, Fusion=85.83
  Epoch 51: Semantic=85.33, Memory=92.82, Fusion=85.72
  Epoch 54: Semantic=85.22, Memory=92.82, Fusion=85.57
  Epoch 57: Semantic=84.95, Memory=92.82, Fusion=85.53
  Epoch 60: Semantic=84.93, Memory=92.82, Fusion=85.55
  Epoch 63: Semantic=85.08, Memory=92.82, Fusion=85.51
  Epoch 66: Semantic=85.04, Memory=92.82, Fusion=85.42
  Epoch 69: Semantic=84.95, Memory=92.82, Fusion=85.38
  Epoch 72: Semantic=84.88, Memory=92.82, Fusion=85.44
  Epoch 75: Semantic=84.88, Memory=92.82, Fusion=85.40
  Epoch 78: Semantic=84.83, Memory=92.82, Fusion=85.44
  Epoch 81: Semantic=84.82, Memory=92.82, Fusion=85.33
  Epoch 84: Semantic=84.83, Memory=92.82, Fusion=85.38
  Epoch 87: Semantic=84.90, Memory=92.82, Fusion=85.36
  Epoch 90: Semantic=84.89, Memory=92.82, Fusion=85.42
  Epoch 93: Semantic=84.90, Memory=92.82, Fusion=85.38
  Epoch 96: Semantic=84.82, Memory=92.82, Fusion=85.36
  Epoch 99: Semantic=84.80, Memory=92.82, Fusion=85.40
  Epoch 100: Semantic=84.87, Memory=92.82, Fusion=85.34
Object:cable =========================== Fusion-AUROC:94.25, Semantic:83.57, Memory:92.82


============================================================
[Prompt Configuration] Class: metal nut
  - Mode: MAP+LAP (Baseline)
  - MAP prompts: 4
  - LAP prompts: 8 (generic anomaly templates)
============================================================


[PromptAD] Initializing with use_lap=True
  Epoch 3: Semantic=92.35, Memory=99.41, Fusion=99.56
  Epoch 6: Semantic=86.85, Memory=99.41, Fusion=99.56
  Epoch 9: Semantic=87.02, Memory=99.41, Fusion=99.51
  Epoch 12: Semantic=86.80, Memory=99.41, Fusion=99.56
  Epoch 15: Semantic=89.93, Memory=99.41, Fusion=99.46
  Epoch 18: Semantic=91.96, Memory=99.41, Fusion=98.92
  Epoch 21: Semantic=92.42, Memory=99.41, Fusion=98.48
  Epoch 24: Semantic=92.74, Memory=99.41, Fusion=97.31
  Epoch 27: Semantic=91.08, Memory=99.41, Fusion=95.65
  Epoch 30: Semantic=90.64, Memory=99.41, Fusion=94.72
  Epoch 33: Semantic=90.00, Memory=99.41, Fusion=93.40
  Epoch 36: Semantic=89.10, Memory=99.41, Fusion=92.13
  Epoch 39: Semantic=88.59, Memory=99.41, Fusion=90.96
  Epoch 42: Semantic=87.88, Memory=99.41, Fusion=89.78
  Epoch 45: Semantic=87.54, Memory=99.41, Fusion=89.30
  Epoch 48: Semantic=87.85, Memory=99.41, Fusion=89.30
  Epoch 51: Semantic=87.56, Memory=99.41, Fusion=88.76
  Epoch 54: Semantic=87.29, Memory=99.41, Fusion=88.47
  Epoch 57: Semantic=87.56, Memory=99.41, Fusion=88.37
  Epoch 60: Semantic=87.46, Memory=99.41, Fusion=88.37
  Epoch 63: Semantic=87.46, Memory=99.41, Fusion=88.22
  Epoch 66: Semantic=87.44, Memory=99.41, Fusion=88.12
  Epoch 69: Semantic=87.49, Memory=99.41, Fusion=88.12
  Epoch 72: Semantic=87.41, Memory=99.41, Fusion=87.98
  Epoch 75: Semantic=87.41, Memory=99.41, Fusion=88.03
  Epoch 78: Semantic=87.39, Memory=99.41, Fusion=88.03
  Epoch 81: Semantic=87.17, Memory=99.41, Fusion=87.98
  Epoch 84: Semantic=87.27, Memory=99.41, Fusion=88.03
  Epoch 87: Semantic=87.32, Memory=99.41, Fusion=87.88
  Epoch 90: Semantic=87.17, Memory=99.41, Fusion=87.93
  Epoch 93: Semantic=87.32, Memory=99.41, Fusion=87.93
  Epoch 96: Semantic=87.27, Memory=99.41, Fusion=87.93
  Epoch 99: Semantic=87.46, Memory=99.41, Fusion=88.03
  Epoch 100: Semantic=87.41, Memory=99.41, Fusion=87.88
Object:metal_nut =========================== Fusion-AUROC:99.56, Semantic:92.35, Memory:99.41


============================================================
[Prompt Configuration] Class: hazelnut
  - Mode: MAP+LAP (Baseline)
  - MAP prompts: 6
  - LAP prompts: 8 (generic anomaly templates)
============================================================


[PromptAD] Initializing with use_lap=True
  Epoch 3: Semantic=91.73, Memory=99.86, Fusion=99.86
  Epoch 6: Semantic=90.25, Memory=99.86, Fusion=99.79
  Epoch 9: Semantic=91.88, Memory=99.86, Fusion=99.93 *** Best ***
  Epoch 12: Semantic=90.23, Memory=99.86, Fusion=99.86
  Epoch 15: Semantic=85.43, Memory=99.86, Fusion=99.64
  Epoch 18: Semantic=85.91, Memory=99.86, Fusion=99.36
  Epoch 21: Semantic=86.66, Memory=99.86, Fusion=98.29
  Epoch 24: Semantic=87.16, Memory=99.86, Fusion=96.54
  Epoch 27: Semantic=87.61, Memory=99.86, Fusion=93.96
  Epoch 30: Semantic=85.73, Memory=99.86, Fusion=91.57
  Epoch 33: Semantic=85.20, Memory=99.86, Fusion=89.04
  Epoch 36: Semantic=84.66, Memory=99.86, Fusion=87.61
  Epoch 39: Semantic=84.09, Memory=99.86, Fusion=86.46
  Epoch 42: Semantic=83.79, Memory=99.86, Fusion=85.96
  Epoch 45: Semantic=84.50, Memory=99.86, Fusion=85.79
  Epoch 48: Semantic=84.09, Memory=99.86, Fusion=85.21
  Epoch 51: Semantic=83.64, Memory=99.86, Fusion=84.89
  Epoch 54: Semantic=83.21, Memory=99.86, Fusion=84.25
  Epoch 57: Semantic=83.00, Memory=99.86, Fusion=83.86
  Epoch 60: Semantic=82.89, Memory=99.86, Fusion=83.57
  Epoch 63: Semantic=82.64, Memory=99.86, Fusion=83.32
  Epoch 66: Semantic=82.36, Memory=99.86, Fusion=83.18
  Epoch 69: Semantic=82.36, Memory=99.86, Fusion=83.14
  Epoch 72: Semantic=82.45, Memory=99.86, Fusion=83.07
  Epoch 75: Semantic=82.57, Memory=99.86, Fusion=83.18
  Epoch 78: Semantic=82.57, Memory=99.86, Fusion=83.11
  Epoch 81: Semantic=82.59, Memory=99.86, Fusion=83.18
  Epoch 84: Semantic=82.57, Memory=99.86, Fusion=83.18
  Epoch 87: Semantic=82.52, Memory=99.86, Fusion=83.18
  Epoch 90: Semantic=82.59, Memory=99.86, Fusion=83.18
  Epoch 93: Semantic=82.61, Memory=99.86, Fusion=83.14
  Epoch 96: Semantic=82.55, Memory=99.86, Fusion=83.21
  Epoch 99: Semantic=82.66, Memory=99.86, Fusion=83.18
  Epoch 100: Semantic=82.68, Memory=99.86, Fusion=83.29
Object:hazelnut =========================== Fusion-AUROC:99.93, Semantic:91.88, Memory:99.86


============================================================
[Prompt Configuration] Class: pill
  - Mode: MAP+LAP (Baseline)
  - MAP prompts: 7
  - LAP prompts: 8 (generic anomaly templates)
============================================================


[PromptAD] Initializing with use_lap=True
  Epoch 3: Semantic=83.97, Memory=92.80, Fusion=92.94
  Epoch 6: Semantic=85.23, Memory=92.80, Fusion=92.91
  Epoch 9: Semantic=86.28, Memory=92.80, Fusion=92.91
  Epoch 12: Semantic=87.89, Memory=92.80, Fusion=93.07 *** Best ***
  Epoch 15: Semantic=89.05, Memory=92.80, Fusion=93.32 *** Best ***
  Epoch 18: Semantic=87.66, Memory=92.80, Fusion=93.48 *** Best ***
  Epoch 21: Semantic=88.38, Memory=92.80, Fusion=93.86 *** Best ***
  Epoch 24: Semantic=88.16, Memory=92.80, Fusion=94.19 *** Best ***
  Epoch 27: Semantic=88.48, Memory=92.80, Fusion=94.24 *** Best ***
  Epoch 30: Semantic=88.30, Memory=92.80, Fusion=93.73
  Epoch 33: Semantic=88.31, Memory=92.80, Fusion=93.73
  Epoch 36: Semantic=88.01, Memory=92.80, Fusion=92.96
  Epoch 39: Semantic=87.79, Memory=92.80, Fusion=92.25
  Epoch 42: Semantic=87.48, Memory=92.80, Fusion=91.71
  Epoch 45: Semantic=87.18, Memory=92.80, Fusion=91.13
  Epoch 48: Semantic=87.15, Memory=92.80, Fusion=90.81
  Epoch 51: Semantic=86.93, Memory=92.80, Fusion=90.34
  Epoch 54: Semantic=86.78, Memory=92.80, Fusion=89.74
  Epoch 57: Semantic=86.69, Memory=92.80, Fusion=89.36
  Epoch 60: Semantic=86.33, Memory=92.80, Fusion=89.06
  Epoch 63: Semantic=86.31, Memory=92.80, Fusion=88.65
  Epoch 66: Semantic=86.24, Memory=92.80, Fusion=88.54
  Epoch 69: Semantic=86.27, Memory=92.80, Fusion=88.41
  Epoch 72: Semantic=86.12, Memory=92.80, Fusion=88.30
  Epoch 75: Semantic=86.21, Memory=92.80, Fusion=88.19
  Epoch 78: Semantic=86.22, Memory=92.80, Fusion=88.22
  Epoch 81: Semantic=86.07, Memory=92.80, Fusion=88.16
  Epoch 84: Semantic=86.06, Memory=92.80, Fusion=88.03
  Epoch 87: Semantic=86.10, Memory=92.80, Fusion=88.05
  Epoch 90: Semantic=85.97, Memory=92.80, Fusion=87.92
  Epoch 93: Semantic=86.02, Memory=92.80, Fusion=87.92
  Epoch 96: Semantic=86.28, Memory=92.80, Fusion=88.00
  Epoch 99: Semantic=86.03, Memory=92.80, Fusion=88.00
  Epoch 100: Semantic=85.91, Memory=92.80, Fusion=88.08
Object:pill =========================== Fusion-AUROC:94.24, Semantic:88.48, Memory:92.8


============================================================
[Prompt Configuration] Class: screw
  - Mode: MAP+LAP (Baseline)
  - MAP prompts: 5
  - LAP prompts: 8 (generic anomaly templates)
============================================================


[PromptAD] Initializing with use_lap=True
  Epoch 3: Semantic=67.72, Memory=55.87, Fusion=58.02
  Epoch 6: Semantic=67.49, Memory=55.87, Fusion=57.98
  Epoch 9: Semantic=61.66, Memory=55.87, Fusion=58.78 *** Best ***
  Epoch 12: Semantic=62.46, Memory=55.87, Fusion=59.60 *** Best ***
  Epoch 15: Semantic=63.28, Memory=55.87, Fusion=61.55 *** Best ***
  Epoch 18: Semantic=60.99, Memory=55.87, Fusion=60.11
  Epoch 21: Semantic=59.75, Memory=55.87, Fusion=59.15
  Epoch 24: Semantic=57.93, Memory=55.87, Fusion=57.47
  Epoch 27: Semantic=59.36, Memory=55.87, Fusion=59.19
  Epoch 30: Semantic=58.69, Memory=55.87, Fusion=58.72
  Epoch 33: Semantic=57.87, Memory=55.87, Fusion=57.98
  Epoch 36: Semantic=57.95, Memory=55.87, Fusion=57.84
  Epoch 39: Semantic=56.78, Memory=55.87, Fusion=56.79
  Epoch 42: Semantic=56.15, Memory=55.87, Fusion=56.12
  Epoch 45: Semantic=55.38, Memory=55.87, Fusion=55.44
  Epoch 48: Semantic=56.26, Memory=55.87, Fusion=56.30
  Epoch 51: Semantic=56.30, Memory=55.87, Fusion=56.30
  Epoch 54: Semantic=55.79, Memory=55.87, Fusion=55.83
  Epoch 57: Semantic=55.90, Memory=55.87, Fusion=55.95
  Epoch 60: Semantic=56.36, Memory=55.87, Fusion=56.28
  Epoch 63: Semantic=56.60, Memory=55.87, Fusion=56.51
  Epoch 66: Semantic=56.58, Memory=55.87, Fusion=56.57
  Epoch 69: Semantic=56.61, Memory=55.87, Fusion=56.57
  Epoch 72: Semantic=56.64, Memory=55.87, Fusion=56.59
  Epoch 75: Semantic=56.61, Memory=55.87, Fusion=56.55
  Epoch 78: Semantic=56.60, Memory=55.87, Fusion=56.59
  Epoch 81: Semantic=56.67, Memory=55.87, Fusion=56.65
  Epoch 84: Semantic=56.71, Memory=55.87, Fusion=56.65
  Epoch 87: Semantic=56.67, Memory=55.87, Fusion=56.61
  Epoch 90: Semantic=56.67, Memory=55.87, Fusion=56.63
  Epoch 93: Semantic=56.66, Memory=55.87, Fusion=56.57
  Epoch 96: Semantic=56.75, Memory=55.87, Fusion=56.71
  Epoch 99: Semantic=56.67, Memory=55.87, Fusion=56.73
  Epoch 100: Semantic=56.77, Memory=55.87, Fusion=56.71
Object:screw =========================== Fusion-AUROC:61.55, Semantic:63.28, Memory:55.87


============================================================
[Prompt Configuration] Class: toothbrush
  - Mode: MAP+LAP (Baseline)
  - MAP prompts: 4
  - LAP prompts: 8 (generic anomaly templates)
============================================================


[PromptAD] Initializing with use_lap=True
  Epoch 3: Semantic=72.50, Memory=94.17, Fusion=94.44
  Epoch 6: Semantic=69.44, Memory=94.17, Fusion=93.89
  Epoch 9: Semantic=68.06, Memory=94.17, Fusion=93.61
  Epoch 12: Semantic=66.53, Memory=94.17, Fusion=93.06
  Epoch 15: Semantic=68.19, Memory=94.17, Fusion=93.06
  Epoch 18: Semantic=69.03, Memory=94.17, Fusion=92.22
  Epoch 21: Semantic=70.00, Memory=94.17, Fusion=90.56
  Epoch 24: Semantic=69.44, Memory=94.17, Fusion=88.61
  Epoch 27: Semantic=71.25, Memory=94.17, Fusion=83.06
  Epoch 30: Semantic=72.22, Memory=94.17, Fusion=89.72
  Epoch 33: Semantic=73.33, Memory=94.17, Fusion=84.44
  Epoch 36: Semantic=72.92, Memory=94.17, Fusion=78.06
  Epoch 39: Semantic=71.67, Memory=94.17, Fusion=75.56
  Epoch 42: Semantic=72.50, Memory=94.17, Fusion=75.00
  Epoch 45: Semantic=73.47, Memory=94.17, Fusion=75.00
  Epoch 48: Semantic=72.64, Memory=94.17, Fusion=74.44
  Epoch 51: Semantic=73.33, Memory=94.17, Fusion=74.17
  Epoch 54: Semantic=73.06, Memory=94.17, Fusion=74.17
  Epoch 57: Semantic=73.06, Memory=94.17, Fusion=75.00
  Epoch 60: Semantic=73.61, Memory=94.17, Fusion=75.00
  Epoch 63: Semantic=73.33, Memory=94.17, Fusion=74.72
  Epoch 66: Semantic=73.33, Memory=94.17, Fusion=74.44
  Epoch 69: Semantic=72.78, Memory=94.17, Fusion=74.17
  Epoch 72: Semantic=72.78, Memory=94.17, Fusion=73.33
  Epoch 75: Semantic=73.33, Memory=94.17, Fusion=73.61
  Epoch 78: Semantic=73.33, Memory=94.17, Fusion=73.33
  Epoch 81: Semantic=73.33, Memory=94.17, Fusion=73.61
  Epoch 84: Semantic=73.33, Memory=94.17, Fusion=73.61
  Epoch 87: Semantic=73.33, Memory=94.17, Fusion=73.61
  Epoch 90: Semantic=73.19, Memory=94.17, Fusion=73.61
  Epoch 93: Semantic=73.33, Memory=94.17, Fusion=73.61
  Epoch 96: Semantic=73.19, Memory=94.17, Fusion=73.89
  Epoch 99: Semantic=73.19, Memory=94.17, Fusion=73.61
  Epoch 100: Semantic=73.33, Memory=94.17, Fusion=73.61
Object:toothbrush =========================== Fusion-AUROC:94.44, Semantic:72.5, Memory:94.17


============================================================
[Prompt Configuration] Class: transistor
  - Mode: MAP+LAP (Baseline)
  - MAP prompts: 4
  - LAP prompts: 8 (generic anomaly templates)
============================================================


[PromptAD] Initializing with use_lap=True
  Epoch 3: Semantic=83.42, Memory=86.87, Fusion=88.08
  Epoch 6: Semantic=88.75, Memory=86.87, Fusion=88.79 *** Best ***
  Epoch 9: Semantic=88.92, Memory=86.87, Fusion=89.38 *** Best ***
  Epoch 12: Semantic=90.79, Memory=86.87, Fusion=90.12 *** Best ***
  Epoch 15: Semantic=91.33, Memory=86.87, Fusion=91.33 *** Best ***
  Epoch 18: Semantic=91.19, Memory=86.87, Fusion=92.54 *** Best ***
  Epoch 21: Semantic=90.44, Memory=86.87, Fusion=93.38 *** Best ***
  Epoch 24: Semantic=89.98, Memory=86.87, Fusion=93.88 *** Best ***
  Epoch 27: Semantic=89.65, Memory=86.87, Fusion=94.38 *** Best ***
  Epoch 30: Semantic=89.33, Memory=86.87, Fusion=94.25
  Epoch 33: Semantic=90.40, Memory=86.87, Fusion=94.38
  Epoch 36: Semantic=90.77, Memory=86.87, Fusion=94.17
  Epoch 39: Semantic=90.52, Memory=86.87, Fusion=93.46
  Epoch 42: Semantic=90.71, Memory=86.87, Fusion=93.38
  Epoch 45: Semantic=90.54, Memory=86.87, Fusion=92.42
  Epoch 48: Semantic=90.42, Memory=86.87, Fusion=92.29
  Epoch 51: Semantic=90.00, Memory=86.87, Fusion=91.83
  Epoch 54: Semantic=90.04, Memory=86.87, Fusion=91.21
  Epoch 57: Semantic=90.08, Memory=86.87, Fusion=91.29
  Epoch 60: Semantic=89.96, Memory=86.87, Fusion=91.00
  Epoch 63: Semantic=89.88, Memory=86.87, Fusion=90.83
  Epoch 66: Semantic=89.94, Memory=86.87, Fusion=90.62
  Epoch 69: Semantic=89.79, Memory=86.87, Fusion=90.54
  Epoch 72: Semantic=89.90, Memory=86.87, Fusion=90.46
  Epoch 75: Semantic=89.90, Memory=86.87, Fusion=90.42
  Epoch 78: Semantic=89.69, Memory=86.87, Fusion=90.29
  Epoch 81: Semantic=89.71, Memory=86.87, Fusion=90.33
  Epoch 84: Semantic=89.62, Memory=86.87, Fusion=90.38
  Epoch 87: Semantic=89.60, Memory=86.87, Fusion=90.38
  Epoch 90: Semantic=89.58, Memory=86.87, Fusion=90.25
  Epoch 93: Semantic=89.60, Memory=86.87, Fusion=90.33
  Epoch 96: Semantic=89.62, Memory=86.87, Fusion=90.29
  Epoch 99: Semantic=89.62, Memory=86.87, Fusion=90.29
  Epoch 100: Semantic=89.67, Memory=86.87, Fusion=90.38
Object:transistor =========================== Fusion-AUROC:94.38, Semantic:89.65, Memory:86.87


============================================================
[Prompt Configuration] Class: zipper
  - Mode: MAP+LAP (Baseline)
  - MAP prompts: 8
  - LAP prompts: 8 (generic anomaly templates)
============================================================


[PromptAD] Initializing with use_lap=True
  Epoch 3: Semantic=80.38, Memory=73.06, Fusion=74.00
  Epoch 6: Semantic=88.81, Memory=73.06, Fusion=74.50 *** Best ***
  Epoch 9: Semantic=94.05, Memory=73.06, Fusion=75.87 *** Best ***
  Epoch 12: Semantic=93.11, Memory=73.06, Fusion=77.68 *** Best ***
  Epoch 15: Semantic=94.98, Memory=73.06, Fusion=81.09 *** Best ***
  Epoch 18: Semantic=96.31, Memory=73.06, Fusion=88.00 *** Best ***
  Epoch 21: Semantic=96.53, Memory=73.06, Fusion=90.47 *** Best ***
  Epoch 24: Semantic=97.44, Memory=73.06, Fusion=95.98 *** Best ***
  Epoch 27: Semantic=96.84, Memory=73.06, Fusion=96.17 *** Best ***
  Epoch 30: Semantic=97.89, Memory=73.06, Fusion=97.58 *** Best ***
  Epoch 33: Semantic=98.08, Memory=73.06, Fusion=97.69 *** Best ***
  Epoch 36: Semantic=97.90, Memory=73.06, Fusion=97.69 *** Best ***
  Epoch 39: Semantic=97.53, Memory=73.06, Fusion=97.40
  Epoch 42: Semantic=97.44, Memory=73.06, Fusion=97.27
  Epoch 45: Semantic=97.39, Memory=73.06, Fusion=97.22
  Epoch 48: Semantic=97.39, Memory=73.06, Fusion=97.11
  Epoch 51: Semantic=97.54, Memory=73.06, Fusion=97.40
  Epoch 54: Semantic=97.54, Memory=73.06, Fusion=97.48
  Epoch 57: Semantic=97.36, Memory=73.06, Fusion=97.32
  Epoch 60: Semantic=97.30, Memory=73.06, Fusion=97.22
  Epoch 63: Semantic=97.30, Memory=73.06, Fusion=97.27
  Epoch 66: Semantic=97.33, Memory=73.06, Fusion=97.30
  Epoch 69: Semantic=97.28, Memory=73.06, Fusion=97.22
  Epoch 72: Semantic=97.27, Memory=73.06, Fusion=97.24
  Epoch 75: Semantic=97.22, Memory=73.06, Fusion=97.24
  Epoch 78: Semantic=97.20, Memory=73.06, Fusion=97.24
  Epoch 81: Semantic=97.20, Memory=73.06, Fusion=97.22
  Epoch 84: Semantic=97.19, Memory=73.06, Fusion=97.16
  Epoch 87: Semantic=97.20, Memory=73.06, Fusion=97.22
  Epoch 90: Semantic=97.20, Memory=73.06, Fusion=97.22
  Epoch 93: Semantic=97.20, Memory=73.06, Fusion=97.19
  Epoch 96: Semantic=97.20, Memory=73.06, Fusion=97.22
  Epoch 99: Semantic=97.20, Memory=73.06, Fusion=97.16
  Epoch 100: Semantic=97.18, Memory=73.06, Fusion=97.14
Object:zipper =========================== Fusion-AUROC:97.69, Semantic:97.9, Memory:73.06


============================================================
[Prompt Configuration] Class: capsules
  - Mode: MAP+LAP (Baseline)
  - MAP prompts: 7
  - LAP prompts: 8 (generic anomaly templates)
============================================================


[PromptAD] Initializing with use_lap=True
  Epoch 3: Semantic=57.22, Memory=76.41, Fusion=76.29
  Epoch 6: Semantic=53.95, Memory=76.41, Fusion=76.22
  Epoch 9: Semantic=60.87, Memory=76.41, Fusion=76.23
  Epoch 12: Semantic=66.19, Memory=76.41, Fusion=76.42 *** Best ***
  Epoch 15: Semantic=54.32, Memory=76.41, Fusion=75.86
  Epoch 18: Semantic=52.47, Memory=76.41, Fusion=74.28
  Epoch 21: Semantic=53.32, Memory=76.41, Fusion=73.18
  Epoch 24: Semantic=52.56, Memory=76.41, Fusion=71.22
  Epoch 27: Semantic=49.30, Memory=76.41, Fusion=66.92
  Epoch 30: Semantic=46.49, Memory=76.41, Fusion=60.24
  Epoch 33: Semantic=45.42, Memory=76.41, Fusion=55.67
  Epoch 36: Semantic=45.86, Memory=76.41, Fusion=53.48
  Epoch 39: Semantic=48.28, Memory=76.41, Fusion=54.05
  Epoch 42: Semantic=49.37, Memory=76.41, Fusion=53.86
  Epoch 45: Semantic=52.96, Memory=76.41, Fusion=56.39
  Epoch 48: Semantic=54.20, Memory=76.41, Fusion=57.08
  Epoch 51: Semantic=55.65, Memory=76.41, Fusion=58.03
  Epoch 54: Semantic=56.80, Memory=76.41, Fusion=58.72
  Epoch 57: Semantic=57.33, Memory=76.41, Fusion=58.99
  Epoch 60: Semantic=57.69, Memory=76.41, Fusion=59.19
  Epoch 63: Semantic=58.51, Memory=76.41, Fusion=60.00
  Epoch 66: Semantic=58.57, Memory=76.41, Fusion=59.88
  Epoch 69: Semantic=59.06, Memory=76.41, Fusion=60.34
  Epoch 72: Semantic=59.50, Memory=76.41, Fusion=60.70
  Epoch 75: Semantic=59.70, Memory=76.41, Fusion=60.90
  Epoch 78: Semantic=59.83, Memory=76.41, Fusion=60.95
  Epoch 81: Semantic=59.91, Memory=76.41, Fusion=61.00
  Epoch 84: Semantic=60.07, Memory=76.41, Fusion=61.15
  Epoch 87: Semantic=60.13, Memory=76.41, Fusion=61.22
  Epoch 90: Semantic=60.12, Memory=76.41, Fusion=61.14
  Epoch 93: Semantic=60.19, Memory=76.41, Fusion=61.21
  Epoch 96: Semantic=60.14, Memory=76.41, Fusion=61.15
  Epoch 99: Semantic=60.09, Memory=76.41, Fusion=61.17
  Epoch 100: Semantic=60.17, Memory=76.41, Fusion=61.17
Object:capsules =========================== Fusion-AUROC:76.42, Semantic:66.19, Memory:76.41


============================================================
[Prompt Configuration] Class: candle
  - Mode: MAP+LAP (Baseline)
  - MAP prompts: 9
  - LAP prompts: 8 (generic anomaly templates)
============================================================


[PromptAD] Initializing with use_lap=True
  Epoch 3: Semantic=95.14, Memory=84.33, Fusion=84.70
  Epoch 6: Semantic=93.25, Memory=84.33, Fusion=84.73 *** Best ***
  Epoch 9: Semantic=95.44, Memory=84.33, Fusion=85.07 *** Best ***
  Epoch 12: Semantic=95.62, Memory=84.33, Fusion=85.45 *** Best ***
  Epoch 15: Semantic=95.43, Memory=84.33, Fusion=85.70 *** Best ***
  Epoch 18: Semantic=95.37, Memory=84.33, Fusion=86.37 *** Best ***
  Epoch 21: Semantic=95.33, Memory=84.33, Fusion=87.44 *** Best ***
  Epoch 24: Semantic=95.71, Memory=84.33, Fusion=88.28 *** Best ***
  Epoch 27: Semantic=94.62, Memory=84.33, Fusion=89.79 *** Best ***
  Epoch 30: Semantic=95.34, Memory=84.33, Fusion=91.39 *** Best ***
  Epoch 33: Semantic=95.47, Memory=84.33, Fusion=92.87 *** Best ***
  Epoch 36: Semantic=95.29, Memory=84.33, Fusion=93.79 *** Best ***
  Epoch 39: Semantic=94.95, Memory=84.33, Fusion=94.18 *** Best ***
  Epoch 42: Semantic=95.16, Memory=84.33, Fusion=94.74 *** Best ***
  Epoch 45: Semantic=94.73, Memory=84.33, Fusion=94.71
  Epoch 48: Semantic=94.91, Memory=84.33, Fusion=94.96 *** Best ***
  Epoch 51: Semantic=94.24, Memory=84.33, Fusion=94.51
  Epoch 54: Semantic=94.17, Memory=84.33, Fusion=94.46
  Epoch 57: Semantic=94.09, Memory=84.33, Fusion=94.42
  Epoch 60: Semantic=93.80, Memory=84.33, Fusion=94.19
  Epoch 63: Semantic=93.82, Memory=84.33, Fusion=94.17
  Epoch 66: Semantic=93.45, Memory=84.33, Fusion=93.86
  Epoch 69: Semantic=93.36, Memory=84.33, Fusion=93.78
  Epoch 72: Semantic=93.41, Memory=84.33, Fusion=93.81
  Epoch 75: Semantic=93.23, Memory=84.33, Fusion=93.65
  Epoch 78: Semantic=93.25, Memory=84.33, Fusion=93.65
  Epoch 81: Semantic=93.27, Memory=84.33, Fusion=93.67
  Epoch 84: Semantic=93.20, Memory=84.33, Fusion=93.60
  Epoch 87: Semantic=93.17, Memory=84.33, Fusion=93.56
  Epoch 90: Semantic=93.17, Memory=84.33, Fusion=93.56
  Epoch 93: Semantic=93.14, Memory=84.33, Fusion=93.55
  Epoch 96: Semantic=93.17, Memory=84.33, Fusion=93.56
  Epoch 99: Semantic=93.16, Memory=84.33, Fusion=93.56
  Epoch 100: Semantic=93.17, Memory=84.33, Fusion=93.56
Object:candle =========================== Fusion-AUROC:94.96, Semantic:94.91, Memory:84.33


============================================================
[Prompt Configuration] Class: cashew
  - Mode: MAP+LAP (Baseline)
  - MAP prompts: 7
  - LAP prompts: 8 (generic anomaly templates)
============================================================


[PromptAD] Initializing with use_lap=True
  Epoch 3: Semantic=90.66, Memory=84.33, Fusion=85.05
  Epoch 6: Semantic=90.09, Memory=84.33, Fusion=85.17 *** Best ***
  Epoch 9: Semantic=89.23, Memory=84.33, Fusion=85.51 *** Best ***
  Epoch 12: Semantic=84.50, Memory=84.33, Fusion=85.42
  Epoch 15: Semantic=83.44, Memory=84.33, Fusion=85.61 *** Best ***
  Epoch 18: Semantic=83.99, Memory=84.33, Fusion=86.26 *** Best ***
  Epoch 21: Semantic=84.17, Memory=84.33, Fusion=86.94 *** Best ***
  Epoch 24: Semantic=83.94, Memory=84.33, Fusion=87.37 *** Best ***
  Epoch 27: Semantic=84.32, Memory=84.33, Fusion=87.74 *** Best ***
  Epoch 30: Semantic=83.47, Memory=84.33, Fusion=86.97
  Epoch 33: Semantic=83.24, Memory=84.33, Fusion=86.40
  Epoch 36: Semantic=82.78, Memory=84.33, Fusion=85.60
  Epoch 39: Semantic=83.71, Memory=84.33, Fusion=85.83
  Epoch 42: Semantic=84.01, Memory=84.33, Fusion=85.85
  Epoch 45: Semantic=83.65, Memory=84.33, Fusion=85.23
  Epoch 48: Semantic=83.55, Memory=84.33, Fusion=84.86
  Epoch 51: Semantic=83.51, Memory=84.33, Fusion=84.64
  Epoch 54: Semantic=83.57, Memory=84.33, Fusion=84.53
  Epoch 57: Semantic=83.52, Memory=84.33, Fusion=84.30
  Epoch 60: Semantic=83.56, Memory=84.33, Fusion=84.33
  Epoch 63: Semantic=83.65, Memory=84.33, Fusion=84.31
  Epoch 66: Semantic=83.69, Memory=84.33, Fusion=84.32
  Epoch 69: Semantic=83.58, Memory=84.33, Fusion=84.21
  Epoch 72: Semantic=83.56, Memory=84.33, Fusion=84.17
  Epoch 75: Semantic=83.61, Memory=84.33, Fusion=84.16
  Epoch 78: Semantic=83.66, Memory=84.33, Fusion=84.11
  Epoch 81: Semantic=83.71, Memory=84.33, Fusion=84.16
  Epoch 84: Semantic=83.72, Memory=84.33, Fusion=84.14
  Epoch 87: Semantic=83.71, Memory=84.33, Fusion=84.16
  Epoch 90: Semantic=83.77, Memory=84.33, Fusion=84.21
  Epoch 93: Semantic=83.69, Memory=84.33, Fusion=84.16
  Epoch 96: Semantic=83.71, Memory=84.33, Fusion=84.15
  Epoch 99: Semantic=83.69, Memory=84.33, Fusion=84.14
  Epoch 100: Semantic=83.75, Memory=84.33, Fusion=84.18
Object:cashew =========================== Fusion-AUROC:87.74, Semantic:84.32, Memory:84.33


============================================================
[Prompt Configuration] Class: chewing gum
  - Mode: MAP+LAP (Baseline)
  - MAP prompts: 7
  - LAP prompts: 8 (generic anomaly templates)
============================================================


[PromptAD] Initializing with use_lap=True
  Epoch 3: Semantic=96.00, Memory=95.13, Fusion=95.29
  Epoch 6: Semantic=95.38, Memory=95.13, Fusion=95.38 *** Best ***
  Epoch 9: Semantic=95.15, Memory=95.13, Fusion=95.59 *** Best ***
  Epoch 12: Semantic=94.36, Memory=95.13, Fusion=95.84 *** Best ***
  Epoch 15: Semantic=93.78, Memory=95.13, Fusion=96.20 *** Best ***
  Epoch 18: Semantic=93.30, Memory=95.13, Fusion=96.25 *** Best ***
  Epoch 21: Semantic=92.83, Memory=95.13, Fusion=95.93
  Epoch 24: Semantic=92.49, Memory=95.13, Fusion=95.17
  Epoch 27: Semantic=92.67, Memory=95.13, Fusion=94.63
  Epoch 30: Semantic=92.55, Memory=95.13, Fusion=94.05
  Epoch 33: Semantic=92.72, Memory=95.13, Fusion=93.88
  Epoch 36: Semantic=92.66, Memory=95.13, Fusion=93.63
  Epoch 39: Semantic=92.39, Memory=95.13, Fusion=93.20
  Epoch 42: Semantic=92.33, Memory=95.13, Fusion=93.05
  Epoch 45: Semantic=92.16, Memory=95.13, Fusion=92.78
  Epoch 48: Semantic=92.15, Memory=95.13, Fusion=92.65
  Epoch 51: Semantic=92.05, Memory=95.13, Fusion=92.51
  Epoch 54: Semantic=91.99, Memory=95.13, Fusion=92.44
  Epoch 57: Semantic=91.81, Memory=95.13, Fusion=92.24
  Epoch 60: Semantic=91.71, Memory=95.13, Fusion=92.13
  Epoch 63: Semantic=91.65, Memory=95.13, Fusion=92.04
  Epoch 66: Semantic=91.55, Memory=95.13, Fusion=91.94
  Epoch 69: Semantic=91.51, Memory=95.13, Fusion=91.84
  Epoch 72: Semantic=91.50, Memory=95.13, Fusion=91.79
  Epoch 75: Semantic=91.41, Memory=95.13, Fusion=91.73
  Epoch 78: Semantic=91.39, Memory=95.13, Fusion=91.71
  Epoch 81: Semantic=91.37, Memory=95.13, Fusion=91.68
  Epoch 84: Semantic=91.36, Memory=95.13, Fusion=91.63
  Epoch 87: Semantic=91.35, Memory=95.13, Fusion=91.64
  Epoch 90: Semantic=91.36, Memory=95.13, Fusion=91.65
  Epoch 93: Semantic=91.33, Memory=95.13, Fusion=91.63
  Epoch 96: Semantic=91.32, Memory=95.13, Fusion=91.63
  Epoch 99: Semantic=91.34, Memory=95.13, Fusion=91.65
  Epoch 100: Semantic=91.35, Memory=95.13, Fusion=91.65
Object:chewinggum =========================== Fusion-AUROC:96.25, Semantic:93.3, Memory:95.13


============================================================
[Prompt Configuration] Class: fryum
  - Mode: MAP+LAP (Baseline)
  - MAP prompts: 8
  - LAP prompts: 8 (generic anomaly templates)
============================================================


[PromptAD] Initializing with use_lap=True
  Epoch 3: Semantic=74.57, Memory=86.10, Fusion=86.25
  Epoch 6: Semantic=77.25, Memory=86.10, Fusion=86.41 *** Best ***
  Epoch 9: Semantic=76.36, Memory=86.10, Fusion=86.71 *** Best ***
  Epoch 12: Semantic=77.32, Memory=86.10, Fusion=86.92 *** Best ***
  Epoch 15: Semantic=78.99, Memory=86.10, Fusion=86.81
  Epoch 18: Semantic=80.97, Memory=86.10, Fusion=86.37
  Epoch 21: Semantic=82.39, Memory=86.10, Fusion=86.26
  Epoch 24: Semantic=81.49, Memory=86.10, Fusion=84.92
  Epoch 27: Semantic=82.31, Memory=86.10, Fusion=84.95
  Epoch 30: Semantic=82.89, Memory=86.10, Fusion=85.05
  Epoch 33: Semantic=83.99, Memory=86.10, Fusion=85.61
  Epoch 36: Semantic=83.73, Memory=86.10, Fusion=85.17
  Epoch 39: Semantic=83.15, Memory=86.10, Fusion=84.44
  Epoch 42: Semantic=83.69, Memory=86.10, Fusion=84.77
  Epoch 45: Semantic=83.64, Memory=86.10, Fusion=84.54
  Epoch 48: Semantic=83.44, Memory=86.10, Fusion=84.37
  Epoch 51: Semantic=83.87, Memory=86.10, Fusion=84.69
  Epoch 54: Semantic=83.95, Memory=86.10, Fusion=84.72
  Epoch 57: Semantic=84.29, Memory=86.10, Fusion=84.97
  Epoch 60: Semantic=84.26, Memory=86.10, Fusion=84.91
  Epoch 63: Semantic=84.47, Memory=86.10, Fusion=85.10
  Epoch 66: Semantic=84.48, Memory=86.10, Fusion=85.10
  Epoch 69: Semantic=84.54, Memory=86.10, Fusion=85.12
  Epoch 72: Semantic=84.46, Memory=86.10, Fusion=85.05
  Epoch 75: Semantic=84.42, Memory=86.10, Fusion=84.99
  Epoch 78: Semantic=84.54, Memory=86.10, Fusion=85.08
  Epoch 81: Semantic=84.56, Memory=86.10, Fusion=85.11
  Epoch 84: Semantic=84.50, Memory=86.10, Fusion=85.06
  Epoch 87: Semantic=84.54, Memory=86.10, Fusion=85.09
  Epoch 90: Semantic=84.53, Memory=86.10, Fusion=85.09
  Epoch 93: Semantic=84.53, Memory=86.10, Fusion=85.08
  Epoch 96: Semantic=84.52, Memory=86.10, Fusion=85.07
  Epoch 99: Semantic=84.56, Memory=86.10, Fusion=85.08
  Epoch 100: Semantic=84.54, Memory=86.10, Fusion=85.09
Object:fryum =========================== Fusion-AUROC:86.92, Semantic:77.32, Memory:86.1


============================================================
[Prompt Configuration] Class: macaroni
  - Mode: MAP+LAP (Baseline)
  - MAP prompts: 7
  - LAP prompts: 8 (generic anomaly templates)
============================================================


[PromptAD] Initializing with use_lap=True
  Epoch 3: Semantic=80.76, Memory=81.28, Fusion=81.63
  Epoch 6: Semantic=76.01, Memory=81.28, Fusion=81.61
  Epoch 9: Semantic=80.18, Memory=81.28, Fusion=81.87 *** Best ***
  Epoch 12: Semantic=81.72, Memory=81.28, Fusion=82.24 *** Best ***
  Epoch 15: Semantic=82.37, Memory=81.28, Fusion=82.91 *** Best ***
  Epoch 18: Semantic=83.75, Memory=81.28, Fusion=84.82 *** Best ***
  Epoch 21: Semantic=85.69, Memory=81.28, Fusion=87.20 *** Best ***
  Epoch 24: Semantic=85.82, Memory=81.28, Fusion=88.54 *** Best ***
  Epoch 27: Semantic=85.75, Memory=81.28, Fusion=88.78 *** Best ***
  Epoch 30: Semantic=85.24, Memory=81.28, Fusion=88.38
  Epoch 33: Semantic=85.60, Memory=81.28, Fusion=88.15
  Epoch 36: Semantic=85.21, Memory=81.28, Fusion=87.50
  Epoch 39: Semantic=85.08, Memory=81.28, Fusion=87.08
  Epoch 42: Semantic=84.79, Memory=81.28, Fusion=86.55
  Epoch 45: Semantic=84.49, Memory=81.28, Fusion=86.10
  Epoch 48: Semantic=83.87, Memory=81.28, Fusion=85.31
  Epoch 51: Semantic=83.62, Memory=81.28, Fusion=84.97
  Epoch 54: Semantic=83.44, Memory=81.28, Fusion=84.63
  Epoch 57: Semantic=83.24, Memory=81.28, Fusion=84.36
  Epoch 60: Semantic=83.14, Memory=81.28, Fusion=84.21
  Epoch 63: Semantic=83.09, Memory=81.28, Fusion=84.09
  Epoch 66: Semantic=82.95, Memory=81.28, Fusion=83.84
  Epoch 69: Semantic=83.02, Memory=81.28, Fusion=83.91
  Epoch 72: Semantic=83.03, Memory=81.28, Fusion=83.87
  Epoch 75: Semantic=83.09, Memory=81.28, Fusion=83.88
  Epoch 78: Semantic=83.06, Memory=81.28, Fusion=83.85
  Epoch 81: Semantic=83.11, Memory=81.28, Fusion=83.88
  Epoch 84: Semantic=83.08, Memory=81.28, Fusion=83.86
  Epoch 87: Semantic=83.14, Memory=81.28, Fusion=83.86
  Epoch 90: Semantic=83.14, Memory=81.28, Fusion=83.89
  Epoch 93: Semantic=83.07, Memory=81.28, Fusion=83.83
  Epoch 96: Semantic=83.15, Memory=81.28, Fusion=83.91
  Epoch 99: Semantic=83.14, Memory=81.28, Fusion=83.90
  Epoch 100: Semantic=83.13, Memory=81.28, Fusion=83.85
Object:macaroni1 =========================== Fusion-AUROC:88.78, Semantic:85.75, Memory:81.28


============================================================
[Prompt Configuration] Class: macaroni
  - Mode: MAP+LAP (Baseline)
  - MAP prompts: 7
  - LAP prompts: 8 (generic anomaly templates)
============================================================


[PromptAD] Initializing with use_lap=True
  Epoch 3: Semantic=67.51, Memory=77.49, Fusion=77.86
  Epoch 6: Semantic=68.26, Memory=77.49, Fusion=77.97 *** Best ***
  Epoch 9: Semantic=69.23, Memory=77.49, Fusion=78.17 *** Best ***
  Epoch 12: Semantic=68.25, Memory=77.49, Fusion=78.27 *** Best ***
  Epoch 15: Semantic=66.20, Memory=77.49, Fusion=78.09
  Epoch 18: Semantic=67.58, Memory=77.49, Fusion=78.05
  Epoch 21: Semantic=67.13, Memory=77.49, Fusion=77.32
  Epoch 24: Semantic=67.96, Memory=77.49, Fusion=75.71
  Epoch 27: Semantic=69.52, Memory=77.49, Fusion=74.68
  Epoch 30: Semantic=68.79, Memory=77.49, Fusion=72.93
  Epoch 33: Semantic=67.49, Memory=77.49, Fusion=70.60
  Epoch 36: Semantic=66.40, Memory=77.49, Fusion=68.86
  Epoch 39: Semantic=66.55, Memory=77.49, Fusion=68.39
  Epoch 42: Semantic=66.21, Memory=77.49, Fusion=67.76
  Epoch 45: Semantic=65.50, Memory=77.49, Fusion=66.85
  Epoch 48: Semantic=65.94, Memory=77.49, Fusion=67.08
  Epoch 51: Semantic=65.59, Memory=77.49, Fusion=66.58
  Epoch 54: Semantic=65.72, Memory=77.49, Fusion=66.60
  Epoch 57: Semantic=65.62, Memory=77.49, Fusion=66.48
  Epoch 60: Semantic=65.66, Memory=77.49, Fusion=66.50
  Epoch 63: Semantic=65.65, Memory=77.49, Fusion=66.41
  Epoch 66: Semantic=65.60, Memory=77.49, Fusion=66.27
  Epoch 69: Semantic=65.64, Memory=77.49, Fusion=66.31
  Epoch 72: Semantic=65.65, Memory=77.49, Fusion=66.31
  Epoch 75: Semantic=65.70, Memory=77.49, Fusion=66.31
  Epoch 78: Semantic=65.69, Memory=77.49, Fusion=66.28
  Epoch 81: Semantic=65.76, Memory=77.49, Fusion=66.33
  Epoch 84: Semantic=65.71, Memory=77.49, Fusion=66.29
  Epoch 87: Semantic=65.74, Memory=77.49, Fusion=66.30
  Epoch 90: Semantic=65.71, Memory=77.49, Fusion=66.32
  Epoch 93: Semantic=65.69, Memory=77.49, Fusion=66.24
  Epoch 96: Semantic=65.68, Memory=77.49, Fusion=66.26
  Epoch 99: Semantic=65.68, Memory=77.49, Fusion=66.27
  Epoch 100: Semantic=65.68, Memory=77.49, Fusion=66.25
Object:macaroni2 =========================== Fusion-AUROC:78.27, Semantic:68.25, Memory:77.49


============================================================
[Prompt Configuration] Class: printed circuit board
  - Mode: MAP+LAP (Baseline)
  - MAP prompts: 6
  - LAP prompts: 8 (generic anomaly templates)
============================================================


[PromptAD] Initializing with use_lap=True
  Epoch 3: Semantic=50.84, Memory=93.13, Fusion=93.11
  Epoch 6: Semantic=76.47, Memory=93.13, Fusion=93.18 *** Best ***
  Epoch 9: Semantic=84.13, Memory=93.13, Fusion=93.25 *** Best ***
  Epoch 12: Semantic=85.72, Memory=93.13, Fusion=93.31 *** Best ***
  Epoch 15: Semantic=87.92, Memory=93.13, Fusion=93.48 *** Best ***
  Epoch 18: Semantic=88.54, Memory=93.13, Fusion=93.68 *** Best ***
  Epoch 21: Semantic=89.47, Memory=93.13, Fusion=94.02 *** Best ***
  Epoch 24: Semantic=89.78, Memory=93.13, Fusion=94.28 *** Best ***
  Epoch 27: Semantic=89.75, Memory=93.13, Fusion=94.26
  Epoch 30: Semantic=89.79, Memory=93.13, Fusion=94.00
  Epoch 33: Semantic=90.13, Memory=93.13, Fusion=93.71
  Epoch 36: Semantic=90.22, Memory=93.13, Fusion=93.12
  Epoch 39: Semantic=90.43, Memory=93.13, Fusion=92.75
  Epoch 42: Semantic=90.80, Memory=93.13, Fusion=92.67
  Epoch 45: Semantic=90.91, Memory=93.13, Fusion=92.47
  Epoch 48: Semantic=90.95, Memory=93.13, Fusion=92.24
  Epoch 51: Semantic=90.95, Memory=93.13, Fusion=92.04
  Epoch 54: Semantic=90.88, Memory=93.13, Fusion=91.86
  Epoch 57: Semantic=90.84, Memory=93.13, Fusion=91.71
  Epoch 60: Semantic=90.82, Memory=93.13, Fusion=91.57
  Epoch 63: Semantic=90.75, Memory=93.13, Fusion=91.48
  Epoch 66: Semantic=90.77, Memory=93.13, Fusion=91.45
  Epoch 69: Semantic=90.72, Memory=93.13, Fusion=91.35
  Epoch 72: Semantic=90.73, Memory=93.13, Fusion=91.34
  Epoch 75: Semantic=90.72, Memory=93.13, Fusion=91.30
  Epoch 78: Semantic=90.69, Memory=93.13, Fusion=91.26
  Epoch 81: Semantic=90.70, Memory=93.13, Fusion=91.25
  Epoch 84: Semantic=90.69, Memory=93.13, Fusion=91.21
  Epoch 87: Semantic=90.69, Memory=93.13, Fusion=91.22
  Epoch 90: Semantic=90.69, Memory=93.13, Fusion=91.20
  Epoch 93: Semantic=90.68, Memory=93.13, Fusion=91.19
  Epoch 96: Semantic=90.69, Memory=93.13, Fusion=91.21
  Epoch 99: Semantic=90.70, Memory=93.13, Fusion=91.21
  Epoch 100: Semantic=90.70, Memory=93.13, Fusion=91.19
Object:pcb1 =========================== Fusion-AUROC:94.28, Semantic:89.78, Memory:93.13


============================================================
[Prompt Configuration] Class: printed circuit board
  - Mode: MAP+LAP (Baseline)
  - MAP prompts: 6
  - LAP prompts: 8 (generic anomaly templates)
============================================================


[PromptAD] Initializing with use_lap=True
  Epoch 3: Semantic=57.58, Memory=74.89, Fusion=74.98
  Epoch 6: Semantic=58.89, Memory=74.89, Fusion=75.05 *** Best ***
  Epoch 9: Semantic=61.29, Memory=74.89, Fusion=75.15 *** Best ***
  Epoch 12: Semantic=61.53, Memory=74.89, Fusion=75.25 *** Best ***
  Epoch 15: Semantic=63.85, Memory=74.89, Fusion=75.36 *** Best ***
  Epoch 18: Semantic=63.27, Memory=74.89, Fusion=75.43 *** Best ***
  Epoch 21: Semantic=61.91, Memory=74.89, Fusion=75.42
  Epoch 24: Semantic=62.96, Memory=74.89, Fusion=75.63 *** Best ***
  Epoch 27: Semantic=64.54, Memory=74.89, Fusion=76.01 *** Best ***
  Epoch 30: Semantic=65.29, Memory=74.89, Fusion=76.42 *** Best ***
  Epoch 33: Semantic=66.10, Memory=74.89, Fusion=76.87 *** Best ***
  Epoch 36: Semantic=65.92, Memory=74.89, Fusion=77.01 *** Best ***
  Epoch 39: Semantic=67.89, Memory=74.89, Fusion=77.80 *** Best ***
  Epoch 42: Semantic=68.37, Memory=74.89, Fusion=77.90 *** Best ***
  Epoch 45: Semantic=69.21, Memory=74.89, Fusion=78.00 *** Best ***
  Epoch 48: Semantic=70.11, Memory=74.89, Fusion=78.06 *** Best ***
  Epoch 51: Semantic=70.79, Memory=74.89, Fusion=77.99
  Epoch 54: Semantic=71.39, Memory=74.89, Fusion=77.87
  Epoch 57: Semantic=72.10, Memory=74.89, Fusion=77.89
  Epoch 60: Semantic=72.92, Memory=74.89, Fusion=78.00
  Epoch 63: Semantic=73.01, Memory=74.89, Fusion=77.53
  Epoch 66: Semantic=73.14, Memory=74.89, Fusion=77.18
  Epoch 69: Semantic=73.33, Memory=74.89, Fusion=76.98
  Epoch 72: Semantic=73.52, Memory=74.89, Fusion=76.88
  Epoch 75: Semantic=73.73, Memory=74.89, Fusion=76.88
  Epoch 78: Semantic=73.75, Memory=74.89, Fusion=76.73
  Epoch 81: Semantic=73.83, Memory=74.89, Fusion=76.67
  Epoch 84: Semantic=74.03, Memory=74.89, Fusion=76.78
  Epoch 87: Semantic=73.97, Memory=74.89, Fusion=76.69
  Epoch 90: Semantic=73.97, Memory=74.89, Fusion=76.63
  Epoch 93: Semantic=73.99, Memory=74.89, Fusion=76.62
  Epoch 96: Semantic=73.98, Memory=74.89, Fusion=76.58
  Epoch 99: Semantic=73.94, Memory=74.89, Fusion=76.57
  Epoch 100: Semantic=74.05, Memory=74.89, Fusion=76.67
Object:pcb2 =========================== Fusion-AUROC:78.06, Semantic:70.11, Memory:74.89


============================================================
[Prompt Configuration] Class: printed circuit board
  - Mode: MAP+LAP (Baseline)
  - MAP prompts: 6
  - LAP prompts: 8 (generic anomaly templates)
============================================================


[PromptAD] Initializing with use_lap=True
  Epoch 3: Semantic=70.54, Memory=71.92, Fusion=72.02
  Epoch 6: Semantic=72.50, Memory=71.92, Fusion=72.09 *** Best ***
  Epoch 9: Semantic=71.04, Memory=71.92, Fusion=72.10 *** Best ***
  Epoch 12: Semantic=70.18, Memory=71.92, Fusion=72.11 *** Best ***
  Epoch 15: Semantic=70.11, Memory=71.92, Fusion=72.20 *** Best ***
  Epoch 18: Semantic=72.06, Memory=71.92, Fusion=72.37 *** Best ***
  Epoch 21: Semantic=71.87, Memory=71.92, Fusion=72.55 *** Best ***
  Epoch 24: Semantic=71.76, Memory=71.92, Fusion=72.81 *** Best ***
  Epoch 27: Semantic=72.00, Memory=71.92, Fusion=73.10 *** Best ***
  Epoch 30: Semantic=71.73, Memory=71.92, Fusion=73.42 *** Best ***
  Epoch 33: Semantic=71.98, Memory=71.92, Fusion=73.88 *** Best ***
  Epoch 36: Semantic=72.28, Memory=71.92, Fusion=74.31 *** Best ***
  Epoch 39: Semantic=72.19, Memory=71.92, Fusion=74.71 *** Best ***
  Epoch 42: Semantic=71.93, Memory=71.92, Fusion=75.08 *** Best ***
  Epoch 45: Semantic=71.47, Memory=71.92, Fusion=75.12 *** Best ***
  Epoch 48: Semantic=71.27, Memory=71.92, Fusion=74.97
  Epoch 51: Semantic=71.13, Memory=71.92, Fusion=74.65
  Epoch 54: Semantic=70.90, Memory=71.92, Fusion=74.29
  Epoch 57: Semantic=70.93, Memory=71.92, Fusion=74.12
  Epoch 60: Semantic=70.79, Memory=71.92, Fusion=73.76
  Epoch 63: Semantic=70.51, Memory=71.92, Fusion=73.25
  Epoch 66: Semantic=70.40, Memory=71.92, Fusion=72.92
  Epoch 69: Semantic=70.28, Memory=71.92, Fusion=72.61
  Epoch 72: Semantic=70.30, Memory=71.92, Fusion=72.42
  Epoch 75: Semantic=70.21, Memory=71.92, Fusion=72.28
  Epoch 78: Semantic=70.17, Memory=71.92, Fusion=72.12
  Epoch 81: Semantic=70.20, Memory=71.92, Fusion=72.08
  Epoch 84: Semantic=70.07, Memory=71.92, Fusion=71.90
  Epoch 87: Semantic=70.06, Memory=71.92, Fusion=71.87
  Epoch 90: Semantic=70.07, Memory=71.92, Fusion=71.87
  Epoch 93: Semantic=70.18, Memory=71.92, Fusion=71.94
  Epoch 96: Semantic=70.13, Memory=71.92, Fusion=71.91
  Epoch 99: Semantic=70.08, Memory=71.92, Fusion=71.85
  Epoch 100: Semantic=70.08, Memory=71.92, Fusion=71.84
Object:pcb3 =========================== Fusion-AUROC:75.12, Semantic:71.47, Memory:71.92


============================================================
[Prompt Configuration] Class: printed circuit board
  - Mode: MAP+LAP (Baseline)
  - MAP prompts: 9
  - LAP prompts: 8 (generic anomaly templates)
============================================================


[PromptAD] Initializing with use_lap=True
  Epoch 3: Semantic=85.24, Memory=77.07, Fusion=77.71
  Epoch 6: Semantic=86.88, Memory=77.07, Fusion=78.31 *** Best ***
  Epoch 9: Semantic=85.51, Memory=77.07, Fusion=78.68 *** Best ***
  Epoch 12: Semantic=86.50, Memory=77.07, Fusion=79.46 *** Best ***
  Epoch 15: Semantic=87.59, Memory=77.07, Fusion=79.96 *** Best ***
  Epoch 18: Semantic=85.61, Memory=77.07, Fusion=80.41 *** Best ***
  Epoch 21: Semantic=84.95, Memory=77.07, Fusion=81.45 *** Best ***
  Epoch 24: Semantic=84.76, Memory=77.07, Fusion=82.64 *** Best ***
  Epoch 27: Semantic=83.75, Memory=77.07, Fusion=83.29 *** Best ***
  Epoch 30: Semantic=83.68, Memory=77.07, Fusion=84.61 *** Best ***
  Epoch 33: Semantic=84.16, Memory=77.07, Fusion=85.83 *** Best ***
  Epoch 36: Semantic=83.85, Memory=77.07, Fusion=85.77
  Epoch 39: Semantic=84.92, Memory=77.07, Fusion=86.64 *** Best ***
  Epoch 42: Semantic=84.50, Memory=77.07, Fusion=86.51
  Epoch 45: Semantic=83.84, Memory=77.07, Fusion=85.96
  Epoch 48: Semantic=83.55, Memory=77.07, Fusion=85.61
  Epoch 51: Semantic=82.98, Memory=77.07, Fusion=84.99
  Epoch 54: Semantic=82.84, Memory=77.07, Fusion=84.62
  Epoch 57: Semantic=82.79, Memory=77.07, Fusion=84.34
  Epoch 60: Semantic=82.74, Memory=77.07, Fusion=84.15
  Epoch 63: Semantic=82.84, Memory=77.07, Fusion=84.07
  Epoch 66: Semantic=82.99, Memory=77.07, Fusion=84.13
  Epoch 69: Semantic=83.06, Memory=77.07, Fusion=84.11
  Epoch 72: Semantic=83.13, Memory=77.07, Fusion=84.12
  Epoch 75: Semantic=83.19, Memory=77.07, Fusion=84.10
  Epoch 78: Semantic=83.30, Memory=77.07, Fusion=84.19
  Epoch 81: Semantic=83.41, Memory=77.07, Fusion=84.26
  Epoch 84: Semantic=83.37, Memory=77.07, Fusion=84.21
  Epoch 87: Semantic=83.43, Memory=77.07, Fusion=84.26
  Epoch 90: Semantic=83.49, Memory=77.07, Fusion=84.30
  Epoch 93: Semantic=83.46, Memory=77.07, Fusion=84.27
  Epoch 96: Semantic=83.53, Memory=77.07, Fusion=84.33
  Epoch 99: Semantic=83.54, Memory=77.07, Fusion=84.34
  Epoch 100: Semantic=83.56, Memory=77.07, Fusion=84.33
Object:pcb4 =========================== Fusion-AUROC:86.64, Semantic:84.92, Memory:77.07


============================================================
[Prompt Configuration] Class: pipe fryum
  - Mode: MAP+LAP (Baseline)
  - MAP prompts: 8
  - LAP prompts: 8 (generic anomaly templates)
============================================================


[PromptAD] Initializing with use_lap=True
  Epoch 3: Semantic=72.73, Memory=98.71, Fusion=98.68
  Epoch 6: Semantic=73.74, Memory=98.71, Fusion=98.67
  Epoch 9: Semantic=73.50, Memory=98.71, Fusion=98.61
  Epoch 12: Semantic=69.55, Memory=98.71, Fusion=98.63
  Epoch 15: Semantic=71.22, Memory=98.71, Fusion=98.47
  Epoch 18: Semantic=76.41, Memory=98.71, Fusion=98.49
  Epoch 21: Semantic=79.11, Memory=98.71, Fusion=98.10
  Epoch 24: Semantic=76.09, Memory=98.71, Fusion=96.16
  Epoch 27: Semantic=76.64, Memory=98.71, Fusion=93.60
  Epoch 30: Semantic=78.96, Memory=98.71, Fusion=91.70
  Epoch 33: Semantic=80.64, Memory=98.71, Fusion=90.57
  Epoch 36: Semantic=82.80, Memory=98.71, Fusion=90.09
  Epoch 39: Semantic=83.19, Memory=98.71, Fusion=89.16
  Epoch 42: Semantic=84.75, Memory=98.71, Fusion=89.59
  Epoch 45: Semantic=85.26, Memory=98.71, Fusion=89.11
  Epoch 48: Semantic=84.66, Memory=98.71, Fusion=88.16
  Epoch 51: Semantic=84.95, Memory=98.71, Fusion=87.96
  Epoch 54: Semantic=85.19, Memory=98.71, Fusion=87.78
  Epoch 57: Semantic=85.24, Memory=98.71, Fusion=87.63
  Epoch 60: Semantic=85.76, Memory=98.71, Fusion=87.89
  Epoch 63: Semantic=86.00, Memory=98.71, Fusion=88.04
  Epoch 66: Semantic=85.94, Memory=98.71, Fusion=87.84
  Epoch 69: Semantic=86.03, Memory=98.71, Fusion=87.89
  Epoch 72: Semantic=86.04, Memory=98.71, Fusion=87.77
  Epoch 75: Semantic=86.16, Memory=98.71, Fusion=87.88
  Epoch 78: Semantic=86.09, Memory=98.71, Fusion=87.77
  Epoch 81: Semantic=86.12, Memory=98.71, Fusion=87.80
  Epoch 84: Semantic=86.06, Memory=98.71, Fusion=87.70
  Epoch 87: Semantic=86.04, Memory=98.71, Fusion=87.63
  Epoch 90: Semantic=86.06, Memory=98.71, Fusion=87.65
  Epoch 93: Semantic=86.07, Memory=98.71, Fusion=87.66
  Epoch 96: Semantic=86.09, Memory=98.71, Fusion=87.67
  Epoch 99: Semantic=86.08, Memory=98.71, Fusion=87.68
  Epoch 100: Semantic=86.08, Memory=98.71, Fusion=87.68
Object:pipe_fryum =========================== Fusion-AUROC:98.68, Semantic:72.73, Memory:98.71


============================================================
[Prompt Configuration] Class: grid
  - Mode: MAP+LAP (Baseline)
  - MAP prompts: 8
  - LAP prompts: 8 (generic anomaly templates)
============================================================


[PromptAD] Initializing with use_lap=True
  Epoch 3: Semantic=98.91, Memory=95.49, Fusion=96.24
  Epoch 6: Semantic=99.16, Memory=95.49, Fusion=96.49 *** Best ***
  Epoch 9: Semantic=99.25, Memory=95.49, Fusion=96.99 *** Best ***
  Epoch 12: Semantic=98.25, Memory=95.49, Fusion=97.33 *** Best ***
  Epoch 15: Semantic=98.25, Memory=95.49, Fusion=97.74 *** Best ***
  Epoch 18: Semantic=97.08, Memory=95.49, Fusion=97.33
  Epoch 21: Semantic=96.41, Memory=95.49, Fusion=97.33
  Epoch 24: Semantic=95.66, Memory=95.49, Fusion=96.41
  Epoch 27: Semantic=95.74, Memory=95.49, Fusion=96.16
  Epoch 30: Semantic=95.24, Memory=95.49, Fusion=95.74
  Epoch 33: Semantic=94.49, Memory=95.49, Fusion=95.15
  Epoch 36: Semantic=93.82, Memory=95.49, Fusion=94.82
  Epoch 39: Semantic=93.23, Memory=95.49, Fusion=94.07
  Epoch 42: Semantic=93.61, Memory=95.49, Fusion=94.15
  Epoch 45: Semantic=93.07, Memory=95.49, Fusion=93.65
  Epoch 48: Semantic=93.40, Memory=95.49, Fusion=93.48
  Epoch 51: Semantic=93.07, Memory=95.49, Fusion=93.40
  Epoch 54: Semantic=91.94, Memory=95.49, Fusion=92.48
  Epoch 57: Semantic=91.81, Memory=95.49, Fusion=92.40
  Epoch 60: Semantic=91.73, Memory=95.49, Fusion=91.98
  Epoch 63: Semantic=92.15, Memory=95.49, Fusion=92.40
  Epoch 66: Semantic=92.52, Memory=95.49, Fusion=92.73
  Epoch 69: Semantic=92.40, Memory=95.49, Fusion=92.65
  Epoch 72: Semantic=92.31, Memory=95.49, Fusion=92.56
  Epoch 75: Semantic=92.44, Memory=95.49, Fusion=92.82
  Epoch 78: Semantic=92.40, Memory=95.49, Fusion=92.56
  Epoch 81: Semantic=92.40, Memory=95.49, Fusion=92.48
  Epoch 84: Semantic=92.23, Memory=95.49, Fusion=92.31
  Epoch 87: Semantic=92.06, Memory=95.49, Fusion=92.23
  Epoch 90: Semantic=92.06, Memory=95.49, Fusion=92.23
  Epoch 93: Semantic=92.06, Memory=95.49, Fusion=92.23
  Epoch 96: Semantic=91.98, Memory=95.49, Fusion=92.23
  Epoch 99: Semantic=92.02, Memory=95.49, Fusion=92.23
  Epoch 100: Semantic=92.06, Memory=95.49, Fusion=92.23
Object:grid =========================== Fusion-AUROC:97.74, Semantic:98.25, Memory:95.49


============================================================
[Prompt Configuration] Class: carpet
  - Mode: MAP+LAP (Baseline)
  - MAP prompts: 8
  - LAP prompts: 8 (generic anomaly templates)
============================================================


[PromptAD] Initializing with use_lap=True
  Epoch 3: Semantic=99.84, Memory=99.88, Fusion=99.88
  Epoch 6: Semantic=99.92, Memory=99.88, Fusion=99.88
  Epoch 9: Semantic=99.98, Memory=99.88, Fusion=99.96 *** Best ***
  Epoch 12: Semantic=99.96, Memory=99.88, Fusion=100.00 *** Best ***
  Epoch 15: Semantic=99.96, Memory=99.88, Fusion=100.00
  Epoch 18: Semantic=99.92, Memory=99.88, Fusion=100.00
  Epoch 21: Semantic=99.96, Memory=99.88, Fusion=100.00
  Epoch 24: Semantic=99.88, Memory=99.88, Fusion=99.96
  Epoch 27: Semantic=99.96, Memory=99.88, Fusion=99.96
  Epoch 30: Semantic=99.88, Memory=99.88, Fusion=99.96
  Epoch 33: Semantic=99.88, Memory=99.88, Fusion=99.92
  Epoch 36: Semantic=99.88, Memory=99.88, Fusion=99.92
  Epoch 39: Semantic=99.88, Memory=99.88, Fusion=99.92
  Epoch 42: Semantic=99.88, Memory=99.88, Fusion=99.88
  Epoch 45: Semantic=99.88, Memory=99.88, Fusion=99.88
  Epoch 48: Semantic=99.88, Memory=99.88, Fusion=99.88
  Epoch 51: Semantic=99.88, Memory=99.88, Fusion=99.88
  Epoch 54: Semantic=99.88, Memory=99.88, Fusion=99.88
  Epoch 57: Semantic=99.88, Memory=99.88, Fusion=99.88
  Epoch 60: Semantic=99.88, Memory=99.88, Fusion=99.88
  Epoch 63: Semantic=99.88, Memory=99.88, Fusion=99.88
  Epoch 66: Semantic=99.88, Memory=99.88, Fusion=99.88
  Epoch 69: Semantic=99.88, Memory=99.88, Fusion=99.88
  Epoch 72: Semantic=99.88, Memory=99.88, Fusion=99.88
  Epoch 75: Semantic=99.88, Memory=99.88, Fusion=99.88
  Epoch 78: Semantic=99.88, Memory=99.88, Fusion=99.88
  Epoch 81: Semantic=99.88, Memory=99.88, Fusion=99.88
  Epoch 84: Semantic=99.88, Memory=99.88, Fusion=99.88
  Epoch 87: Semantic=99.88, Memory=99.88, Fusion=99.88
  Epoch 90: Semantic=99.88, Memory=99.88, Fusion=99.88
  Epoch 93: Semantic=99.88, Memory=99.88, Fusion=99.88
  Epoch 96: Semantic=99.88, Memory=99.88, Fusion=99.88
  Epoch 99: Semantic=99.88, Memory=99.88, Fusion=99.88
  Epoch 100: Semantic=99.88, Memory=99.88, Fusion=99.88
Object:carpet =========================== Fusion-AUROC:100.0, Semantic:99.96, Memory:99.88


============================================================
[Prompt Configuration] Class: leather
  - Mode: MAP+LAP (Baseline)
  - MAP prompts: 7
  - LAP prompts: 8 (generic anomaly templates)
============================================================


[PromptAD] Initializing with use_lap=True
  Epoch 3: Semantic=100.00, Memory=99.80, Fusion=99.86
  Epoch 6: Semantic=100.00, Memory=99.80, Fusion=99.93 *** Best ***
  Epoch 9: Semantic=100.00, Memory=99.80, Fusion=99.93
  Epoch 12: Semantic=100.00, Memory=99.80, Fusion=99.93
  Epoch 15: Semantic=100.00, Memory=99.80, Fusion=100.00 *** Best ***
  Epoch 18: Semantic=100.00, Memory=99.80, Fusion=100.00
  Epoch 21: Semantic=100.00, Memory=99.80, Fusion=100.00
  Epoch 24: Semantic=100.00, Memory=99.80, Fusion=100.00
  Epoch 27: Semantic=100.00, Memory=99.80, Fusion=100.00
  Epoch 30: Semantic=100.00, Memory=99.80, Fusion=100.00
  Epoch 33: Semantic=100.00, Memory=99.80, Fusion=100.00
  Epoch 36: Semantic=100.00, Memory=99.80, Fusion=100.00
  Epoch 39: Semantic=100.00, Memory=99.80, Fusion=100.00
  Epoch 42: Semantic=100.00, Memory=99.80, Fusion=100.00
  Epoch 45: Semantic=100.00, Memory=99.80, Fusion=100.00
  Epoch 48: Semantic=100.00, Memory=99.80, Fusion=100.00
  Epoch 51: Semantic=100.00, Memory=99.80, Fusion=100.00
  Epoch 54: Semantic=100.00, Memory=99.80, Fusion=100.00
  Epoch 57: Semantic=100.00, Memory=99.80, Fusion=100.00
  Epoch 60: Semantic=100.00, Memory=99.80, Fusion=100.00
  Epoch 63: Semantic=100.00, Memory=99.80, Fusion=100.00
  Epoch 66: Semantic=100.00, Memory=99.80, Fusion=100.00
  Epoch 69: Semantic=100.00, Memory=99.80, Fusion=100.00
  Epoch 72: Semantic=100.00, Memory=99.80, Fusion=100.00
  Epoch 75: Semantic=100.00, Memory=99.80, Fusion=100.00
  Epoch 78: Semantic=100.00, Memory=99.80, Fusion=100.00
  Epoch 81: Semantic=100.00, Memory=99.80, Fusion=100.00
  Epoch 84: Semantic=100.00, Memory=99.80, Fusion=100.00
  Epoch 87: Semantic=100.00, Memory=99.80, Fusion=100.00
  Epoch 90: Semantic=100.00, Memory=99.80, Fusion=100.00
  Epoch 93: Semantic=100.00, Memory=99.80, Fusion=100.00
  Epoch 96: Semantic=100.00, Memory=99.80, Fusion=100.00
  Epoch 99: Semantic=100.00, Memory=99.80, Fusion=100.00
  Epoch 100: Semantic=100.00, Memory=99.80, Fusion=100.00
Object:leather =========================== Fusion-AUROC:100.0, Semantic:100.0, Memory:99.8


============================================================
[Prompt Configuration] Class: tile
  - Mode: MAP+LAP (Baseline)
  - MAP prompts: 7
  - LAP prompts: 8 (generic anomaly templates)
============================================================


[PromptAD] Initializing with use_lap=True
  Epoch 3: Semantic=99.98, Memory=98.56, Fusion=99.03
  Epoch 6: Semantic=100.00, Memory=98.56, Fusion=99.39 *** Best ***
  Epoch 9: Semantic=99.96, Memory=98.56, Fusion=99.64 *** Best ***
  Epoch 12: Semantic=99.96, Memory=98.56, Fusion=99.78 *** Best ***
  Epoch 15: Semantic=99.93, Memory=98.56, Fusion=99.78
  Epoch 18: Semantic=99.93, Memory=98.56, Fusion=99.82 *** Best ***
  Epoch 21: Semantic=99.93, Memory=98.56, Fusion=99.89 *** Best ***
  Epoch 24: Semantic=99.93, Memory=98.56, Fusion=99.93 *** Best ***
  Epoch 27: Semantic=99.93, Memory=98.56, Fusion=99.93
  Epoch 30: Semantic=99.89, Memory=98.56, Fusion=99.93
  Epoch 33: Semantic=99.89, Memory=98.56, Fusion=99.89
  Epoch 36: Semantic=99.89, Memory=98.56, Fusion=99.89
  Epoch 39: Semantic=99.89, Memory=98.56, Fusion=99.89
  Epoch 42: Semantic=99.89, Memory=98.56, Fusion=99.89
  Epoch 45: Semantic=99.89, Memory=98.56, Fusion=99.89
  Epoch 48: Semantic=99.96, Memory=98.56, Fusion=99.93
  Epoch 51: Semantic=99.96, Memory=98.56, Fusion=99.96 *** Best ***
  Epoch 54: Semantic=100.00, Memory=98.56, Fusion=99.96
  Epoch 57: Semantic=100.00, Memory=98.56, Fusion=100.00 *** Best ***
  Epoch 60: Semantic=100.00, Memory=98.56, Fusion=100.00
  Epoch 63: Semantic=100.00, Memory=98.56, Fusion=100.00
  Epoch 66: Semantic=100.00, Memory=98.56, Fusion=100.00
  Epoch 69: Semantic=100.00, Memory=98.56, Fusion=100.00
  Epoch 72: Semantic=100.00, Memory=98.56, Fusion=100.00
  Epoch 75: Semantic=100.00, Memory=98.56, Fusion=100.00
  Epoch 78: Semantic=100.00, Memory=98.56, Fusion=100.00
  Epoch 81: Semantic=100.00, Memory=98.56, Fusion=100.00
  Epoch 84: Semantic=100.00, Memory=98.56, Fusion=100.00
  Epoch 87: Semantic=100.00, Memory=98.56, Fusion=100.00
  Epoch 90: Semantic=100.00, Memory=98.56, Fusion=100.00
  Epoch 93: Semantic=100.00, Memory=98.56, Fusion=100.00
  Epoch 96: Semantic=100.00, Memory=98.56, Fusion=100.00
  Epoch 99: Semantic=100.00, Memory=98.56, Fusion=100.00
  Epoch 100: Semantic=100.00, Memory=98.56, Fusion=100.00
Object:tile =========================== Fusion-AUROC:100.0, Semantic:100.0, Memory:98.56


============================================================
[Prompt Configuration] Class: wood
  - Mode: MAP+LAP (Baseline)
  - MAP prompts: 6
  - LAP prompts: 8 (generic anomaly templates)
============================================================


[PromptAD] Initializing with use_lap=True
  Epoch 3: Semantic=97.46, Memory=98.07, Fusion=98.07
  Epoch 6: Semantic=98.99, Memory=98.07, Fusion=98.25 *** Best ***
  Epoch 9: Semantic=98.86, Memory=98.07, Fusion=98.42 *** Best ***
  Epoch 12: Semantic=98.90, Memory=98.07, Fusion=98.60 *** Best ***
  Epoch 15: Semantic=98.16, Memory=98.07, Fusion=98.77 *** Best ***
  Epoch 18: Semantic=98.86, Memory=98.07, Fusion=98.77
  Epoch 21: Semantic=99.34, Memory=98.07, Fusion=98.95 *** Best ***
  Epoch 24: Semantic=99.47, Memory=98.07, Fusion=99.30 *** Best ***
  Epoch 27: Semantic=99.56, Memory=98.07, Fusion=99.30
  Epoch 30: Semantic=99.25, Memory=98.07, Fusion=99.30
  Epoch 33: Semantic=98.60, Memory=98.07, Fusion=99.12
  Epoch 36: Semantic=98.25, Memory=98.07, Fusion=98.68
  Epoch 39: Semantic=98.07, Memory=98.07, Fusion=98.16
  Epoch 42: Semantic=97.72, Memory=98.07, Fusion=97.89
  Epoch 45: Semantic=97.54, Memory=98.07, Fusion=97.63
  Epoch 48: Semantic=97.63, Memory=98.07, Fusion=97.54
  Epoch 51: Semantic=97.46, Memory=98.07, Fusion=97.46
  Epoch 54: Semantic=97.37, Memory=98.07, Fusion=97.46
  Epoch 57: Semantic=97.37, Memory=98.07, Fusion=97.37
  Epoch 60: Semantic=97.37, Memory=98.07, Fusion=97.37
  Epoch 63: Semantic=97.11, Memory=98.07, Fusion=97.37
  Epoch 66: Semantic=97.02, Memory=98.07, Fusion=97.28
  Epoch 69: Semantic=97.02, Memory=98.07, Fusion=97.19
  Epoch 72: Semantic=97.02, Memory=98.07, Fusion=97.19
  Epoch 75: Semantic=96.97, Memory=98.07, Fusion=97.19
  Epoch 78: Semantic=97.02, Memory=98.07, Fusion=97.11
  Epoch 81: Semantic=96.93, Memory=98.07, Fusion=97.02
  Epoch 84: Semantic=97.02, Memory=98.07, Fusion=97.11
  Epoch 87: Semantic=96.93, Memory=98.07, Fusion=97.02
  Epoch 90: Semantic=96.93, Memory=98.07, Fusion=97.02
  Epoch 93: Semantic=96.89, Memory=98.07, Fusion=96.93
  Epoch 96: Semantic=96.93, Memory=98.07, Fusion=97.02
  Epoch 99: Semantic=96.89, Memory=98.07, Fusion=97.02
  Epoch 100: Semantic=96.93, Memory=98.07, Fusion=97.02
Object:wood =========================== Fusion-AUROC:99.3, Semantic:99.47, Memory:98.07


============================================================
[Prompt Configuration] Class: bottle
  - Mode: MAP+LAP (Baseline)
  - MAP prompts: 5
  - LAP prompts: 8 (generic anomaly templates)
============================================================


[PromptAD] Initializing with use_lap=True
  Epoch 3: Semantic=97.10, Memory=99.76, Fusion=99.84
  Epoch 6: Semantic=94.72, Memory=99.76, Fusion=99.84
  Epoch 9: Semantic=93.10, Memory=99.76, Fusion=99.76
  Epoch 12: Semantic=94.25, Memory=99.76, Fusion=99.84
  Epoch 15: Semantic=94.05, Memory=99.76, Fusion=99.60
  Epoch 18: Semantic=94.40, Memory=99.76, Fusion=99.29
  Epoch 21: Semantic=95.24, Memory=99.76, Fusion=99.13
  Epoch 24: Semantic=96.03, Memory=99.76, Fusion=99.21
  Epoch 27: Semantic=96.90, Memory=99.76, Fusion=99.29
  Epoch 30: Semantic=97.62, Memory=99.76, Fusion=99.37
  Epoch 33: Semantic=98.10, Memory=99.76, Fusion=99.29
  Epoch 36: Semantic=98.17, Memory=99.76, Fusion=99.05
  Epoch 39: Semantic=98.25, Memory=99.76, Fusion=98.97
  Epoch 42: Semantic=98.53, Memory=99.76, Fusion=99.13
  Epoch 45: Semantic=98.65, Memory=99.76, Fusion=99.21
  Epoch 48: Semantic=98.85, Memory=99.76, Fusion=99.29
  Epoch 51: Semantic=98.97, Memory=99.76, Fusion=99.29
  Epoch 54: Semantic=99.05, Memory=99.76, Fusion=99.29
  Epoch 57: Semantic=99.17, Memory=99.76, Fusion=99.44
  Epoch 60: Semantic=99.13, Memory=99.76, Fusion=99.44
  Epoch 63: Semantic=99.29, Memory=99.76, Fusion=99.60
  Epoch 66: Semantic=99.44, Memory=99.76, Fusion=99.68
  Epoch 69: Semantic=99.44, Memory=99.76, Fusion=99.76
  Epoch 72: Semantic=99.33, Memory=99.76, Fusion=99.68
  Epoch 75: Semantic=99.33, Memory=99.76, Fusion=99.76
  Epoch 78: Semantic=99.37, Memory=99.76, Fusion=99.76
  Epoch 81: Semantic=99.37, Memory=99.76, Fusion=99.76
  Epoch 84: Semantic=99.37, Memory=99.76, Fusion=99.60
  Epoch 87: Semantic=99.37, Memory=99.76, Fusion=99.60
  Epoch 90: Semantic=99.37, Memory=99.76, Fusion=99.60
  Epoch 93: Semantic=99.37, Memory=99.76, Fusion=99.76
  Epoch 96: Semantic=99.37, Memory=99.76, Fusion=99.68
  Epoch 99: Semantic=99.37, Memory=99.76, Fusion=99.68
  Epoch 100: Semantic=99.37, Memory=99.76, Fusion=99.76
Object:bottle =========================== Fusion-AUROC:99.84, Semantic:97.1, Memory:99.76


============================================================
[Prompt Configuration] Class: capsule
  - Mode: MAP+LAP (Baseline)
  - MAP prompts: 7
  - LAP prompts: 8 (generic anomaly templates)
============================================================


[PromptAD] Initializing with use_lap=True
  Epoch 3: Semantic=72.56, Memory=61.79, Fusion=62.66
  Epoch 6: Semantic=71.92, Memory=61.79, Fusion=63.26 *** Best ***
  Epoch 9: Semantic=70.54, Memory=61.79, Fusion=63.78 *** Best ***
  Epoch 12: Semantic=69.37, Memory=61.79, Fusion=64.86 *** Best ***
  Epoch 15: Semantic=69.78, Memory=61.79, Fusion=65.94 *** Best ***
  Epoch 18: Semantic=70.84, Memory=61.79, Fusion=67.25 *** Best ***
  Epoch 21: Semantic=70.38, Memory=61.79, Fusion=68.53 *** Best ***
  Epoch 24: Semantic=69.78, Memory=61.79, Fusion=69.33 *** Best ***
  Epoch 27: Semantic=69.68, Memory=61.79, Fusion=69.53 *** Best ***
  Epoch 30: Semantic=70.54, Memory=61.79, Fusion=70.32 *** Best ***
  Epoch 33: Semantic=69.49, Memory=61.79, Fusion=69.80
  Epoch 36: Semantic=68.57, Memory=61.79, Fusion=69.13
  Epoch 39: Semantic=69.09, Memory=61.79, Fusion=69.53
  Epoch 42: Semantic=68.83, Memory=61.79, Fusion=69.13
  Epoch 45: Semantic=68.57, Memory=61.79, Fusion=69.25
  Epoch 48: Semantic=68.41, Memory=61.79, Fusion=68.85
  Epoch 51: Semantic=67.51, Memory=61.79, Fusion=68.25
  Epoch 54: Semantic=67.41, Memory=61.79, Fusion=67.93
  Epoch 57: Semantic=67.51, Memory=61.79, Fusion=67.93
  Epoch 60: Semantic=67.07, Memory=61.79, Fusion=67.61
  Epoch 63: Semantic=67.03, Memory=61.79, Fusion=67.45
  Epoch 66: Semantic=66.95, Memory=61.79, Fusion=67.29
  Epoch 69: Semantic=66.83, Memory=61.79, Fusion=67.13
  Epoch 72: Semantic=66.83, Memory=61.79, Fusion=67.17
  Epoch 75: Semantic=66.79, Memory=61.79, Fusion=67.13
  Epoch 78: Semantic=66.79, Memory=61.79, Fusion=67.13
  Epoch 81: Semantic=66.73, Memory=61.79, Fusion=66.97
  Epoch 84: Semantic=66.69, Memory=61.79, Fusion=67.05
  Epoch 87: Semantic=66.69, Memory=61.79, Fusion=67.01
  Epoch 90: Semantic=66.65, Memory=61.79, Fusion=66.97
  Epoch 93: Semantic=66.57, Memory=61.79, Fusion=66.89
  Epoch 96: Semantic=66.63, Memory=61.79, Fusion=67.01
  Epoch 99: Semantic=66.57, Memory=61.79, Fusion=67.01
  Epoch 100: Semantic=66.63, Memory=61.79, Fusion=67.01
Object:capsule =========================== Fusion-AUROC:70.32, Semantic:70.54, Memory:61.79


============================================================
[Prompt Configuration] Class: cable
  - Mode: MAP+LAP (Baseline)
  - MAP prompts: 5
  - LAP prompts: 8 (generic anomaly templates)
============================================================


[PromptAD] Initializing with use_lap=True
  Epoch 3: Semantic=80.58, Memory=89.17, Fusion=89.82
  Epoch 6: Semantic=82.03, Memory=89.17, Fusion=90.20 *** Best ***
  Epoch 9: Semantic=85.15, Memory=89.17, Fusion=90.78 *** Best ***
  Epoch 12: Semantic=82.68, Memory=89.17, Fusion=91.29 *** Best ***
  Epoch 15: Semantic=84.14, Memory=89.17, Fusion=92.13 *** Best ***
  Epoch 18: Semantic=83.71, Memory=89.17, Fusion=92.04
  Epoch 21: Semantic=82.99, Memory=89.17, Fusion=92.22 *** Best ***
  Epoch 24: Semantic=84.30, Memory=89.17, Fusion=90.74
  Epoch 27: Semantic=83.99, Memory=89.17, Fusion=87.87
  Epoch 30: Semantic=82.37, Memory=89.17, Fusion=85.46
  Epoch 33: Semantic=80.84, Memory=89.17, Fusion=83.17
  Epoch 36: Semantic=81.65, Memory=89.17, Fusion=83.53
  Epoch 39: Semantic=82.12, Memory=89.17, Fusion=83.53
  Epoch 42: Semantic=82.00, Memory=89.17, Fusion=83.23
  Epoch 45: Semantic=80.59, Memory=89.17, Fusion=81.63
  Epoch 48: Semantic=81.03, Memory=89.17, Fusion=82.03
  Epoch 51: Semantic=80.72, Memory=89.17, Fusion=81.47
  Epoch 54: Semantic=80.09, Memory=89.17, Fusion=80.66
  Epoch 57: Semantic=80.28, Memory=89.17, Fusion=81.07
  Epoch 60: Semantic=80.32, Memory=89.17, Fusion=81.03
  Epoch 63: Semantic=80.34, Memory=89.17, Fusion=80.96
  Epoch 66: Semantic=80.41, Memory=89.17, Fusion=81.07
  Epoch 69: Semantic=80.48, Memory=89.17, Fusion=81.18
  Epoch 72: Semantic=80.43, Memory=89.17, Fusion=81.11
  Epoch 75: Semantic=80.47, Memory=89.17, Fusion=81.03
  Epoch 78: Semantic=80.49, Memory=89.17, Fusion=81.09
  Epoch 81: Semantic=80.58, Memory=89.17, Fusion=81.09
  Epoch 84: Semantic=80.48, Memory=89.17, Fusion=81.00
  Epoch 87: Semantic=80.46, Memory=89.17, Fusion=81.13
  Epoch 90: Semantic=80.51, Memory=89.17, Fusion=81.09
  Epoch 93: Semantic=80.48, Memory=89.17, Fusion=81.05
  Epoch 96: Semantic=80.51, Memory=89.17, Fusion=81.11
  Epoch 99: Semantic=80.53, Memory=89.17, Fusion=81.13
  Epoch 100: Semantic=80.47, Memory=89.17, Fusion=81.00
Object:cable =========================== Fusion-AUROC:92.22, Semantic:82.99, Memory:89.17


============================================================
[Prompt Configuration] Class: metal nut
  - Mode: MAP+LAP (Baseline)
  - MAP prompts: 4
  - LAP prompts: 8 (generic anomaly templates)
============================================================


[PromptAD] Initializing with use_lap=True
  Epoch 3: Semantic=93.94, Memory=98.78, Fusion=98.88
  Epoch 6: Semantic=91.23, Memory=98.78, Fusion=98.88
  Epoch 9: Semantic=92.33, Memory=98.78, Fusion=99.02 *** Best ***
  Epoch 12: Semantic=93.21, Memory=98.78, Fusion=99.22 *** Best ***
  Epoch 15: Semantic=93.23, Memory=98.78, Fusion=99.02
  Epoch 18: Semantic=93.11, Memory=98.78, Fusion=98.63
  Epoch 21: Semantic=93.26, Memory=98.78, Fusion=97.90
  Epoch 24: Semantic=90.22, Memory=98.78, Fusion=95.55
  Epoch 27: Semantic=90.25, Memory=98.78, Fusion=94.38
  Epoch 30: Semantic=89.81, Memory=98.78, Fusion=92.72
  Epoch 33: Semantic=87.78, Memory=98.78, Fusion=89.88
  Epoch 36: Semantic=87.83, Memory=98.78, Fusion=89.59
  Epoch 39: Semantic=88.42, Memory=98.78, Fusion=89.44
  Epoch 42: Semantic=88.22, Memory=98.78, Fusion=89.39
  Epoch 45: Semantic=88.32, Memory=98.78, Fusion=89.39
  Epoch 48: Semantic=88.61, Memory=98.78, Fusion=89.59
  Epoch 51: Semantic=88.71, Memory=98.78, Fusion=89.54
  Epoch 54: Semantic=88.39, Memory=98.78, Fusion=89.10
  Epoch 57: Semantic=88.49, Memory=98.78, Fusion=89.05
  Epoch 60: Semantic=88.51, Memory=98.78, Fusion=89.10
  Epoch 63: Semantic=88.51, Memory=98.78, Fusion=88.91
  Epoch 66: Semantic=88.39, Memory=98.78, Fusion=88.95
  Epoch 69: Semantic=88.29, Memory=98.78, Fusion=88.86
  Epoch 72: Semantic=88.27, Memory=98.78, Fusion=88.91
  Epoch 75: Semantic=88.29, Memory=98.78, Fusion=88.91
  Epoch 78: Semantic=88.20, Memory=98.78, Fusion=88.86
  Epoch 81: Semantic=88.29, Memory=98.78, Fusion=88.91
  Epoch 84: Semantic=88.25, Memory=98.78, Fusion=88.81
  Epoch 87: Semantic=88.27, Memory=98.78, Fusion=88.95
  Epoch 90: Semantic=88.17, Memory=98.78, Fusion=88.95
  Epoch 93: Semantic=88.20, Memory=98.78, Fusion=88.81
  Epoch 96: Semantic=88.17, Memory=98.78, Fusion=88.81
  Epoch 99: Semantic=88.25, Memory=98.78, Fusion=88.81
  Epoch 100: Semantic=88.25, Memory=98.78, Fusion=88.81
Object:metal_nut =========================== Fusion-AUROC:99.22, Semantic:93.21, Memory:98.78


============================================================
[Prompt Configuration] Class: hazelnut
  - Mode: MAP+LAP (Baseline)
  - MAP prompts: 6
  - LAP prompts: 8 (generic anomaly templates)
============================================================


[PromptAD] Initializing with use_lap=True
  Epoch 3: Semantic=93.57, Memory=99.82, Fusion=99.75
  Epoch 6: Semantic=92.16, Memory=99.82, Fusion=99.75
  Epoch 9: Semantic=93.64, Memory=99.82, Fusion=99.75
  Epoch 12: Semantic=92.41, Memory=99.82, Fusion=99.71
  Epoch 15: Semantic=90.68, Memory=99.82, Fusion=99.61
  Epoch 18: Semantic=89.25, Memory=99.82, Fusion=99.46
  Epoch 21: Semantic=87.34, Memory=99.82, Fusion=99.04
  Epoch 24: Semantic=88.48, Memory=99.82, Fusion=98.32
  Epoch 27: Semantic=89.64, Memory=99.82, Fusion=97.61
  Epoch 30: Semantic=89.36, Memory=99.82, Fusion=95.93
  Epoch 33: Semantic=87.75, Memory=99.82, Fusion=92.64
  Epoch 36: Semantic=88.04, Memory=99.82, Fusion=90.75
  Epoch 39: Semantic=86.45, Memory=99.82, Fusion=88.75
  Epoch 42: Semantic=86.79, Memory=99.82, Fusion=88.50
  Epoch 45: Semantic=86.45, Memory=99.82, Fusion=87.79
  Epoch 48: Semantic=86.77, Memory=99.82, Fusion=87.64
  Epoch 51: Semantic=86.79, Memory=99.82, Fusion=87.43
  Epoch 54: Semantic=86.82, Memory=99.82, Fusion=87.57
  Epoch 57: Semantic=86.98, Memory=99.82, Fusion=87.61
  Epoch 60: Semantic=86.77, Memory=99.82, Fusion=87.39
  Epoch 63: Semantic=86.79, Memory=99.82, Fusion=87.32
  Epoch 66: Semantic=86.71, Memory=99.82, Fusion=87.43
  Epoch 69: Semantic=86.62, Memory=99.82, Fusion=87.18
  Epoch 72: Semantic=86.57, Memory=99.82, Fusion=87.11
  Epoch 75: Semantic=86.50, Memory=99.82, Fusion=87.00
  Epoch 78: Semantic=86.48, Memory=99.82, Fusion=86.82
  Epoch 81: Semantic=86.50, Memory=99.82, Fusion=86.82
  Epoch 84: Semantic=86.46, Memory=99.82, Fusion=86.79
  Epoch 87: Semantic=86.46, Memory=99.82, Fusion=86.79
  Epoch 90: Semantic=86.46, Memory=99.82, Fusion=86.86
  Epoch 93: Semantic=86.45, Memory=99.82, Fusion=86.75
  Epoch 96: Semantic=86.48, Memory=99.82, Fusion=86.75
  Epoch 99: Semantic=86.46, Memory=99.82, Fusion=86.75
  Epoch 100: Semantic=86.48, Memory=99.82, Fusion=86.71
Object:hazelnut =========================== Fusion-AUROC:99.75, Semantic:93.57, Memory:99.82


============================================================
[Prompt Configuration] Class: pill
  - Mode: MAP+LAP (Baseline)
  - MAP prompts: 7
  - LAP prompts: 8 (generic anomaly templates)
============================================================


[PromptAD] Initializing with use_lap=True
  Epoch 3: Semantic=81.40, Memory=93.37, Fusion=93.48
  Epoch 6: Semantic=83.42, Memory=93.37, Fusion=93.51 *** Best ***
  Epoch 9: Semantic=85.99, Memory=93.37, Fusion=93.56 *** Best ***
  Epoch 12: Semantic=87.45, Memory=93.37, Fusion=93.75 *** Best ***
  Epoch 15: Semantic=86.52, Memory=93.37, Fusion=94.03 *** Best ***
  Epoch 18: Semantic=85.87, Memory=93.37, Fusion=94.14 *** Best ***
  Epoch 21: Semantic=84.03, Memory=93.37, Fusion=94.08
  Epoch 24: Semantic=83.18, Memory=93.37, Fusion=94.00
  Epoch 27: Semantic=84.52, Memory=93.37, Fusion=93.70
  Epoch 30: Semantic=85.28, Memory=93.37, Fusion=93.32
  Epoch 33: Semantic=84.49, Memory=93.37, Fusion=92.03
  Epoch 36: Semantic=85.22, Memory=93.37, Fusion=92.01
  Epoch 39: Semantic=85.82, Memory=93.37, Fusion=91.24
  Epoch 42: Semantic=85.02, Memory=93.37, Fusion=90.67
  Epoch 45: Semantic=84.56, Memory=93.37, Fusion=89.58
  Epoch 48: Semantic=84.79, Memory=93.37, Fusion=89.25
  Epoch 51: Semantic=84.77, Memory=93.37, Fusion=89.01
  Epoch 54: Semantic=84.22, Memory=93.37, Fusion=88.19
  Epoch 57: Semantic=83.84, Memory=93.37, Fusion=87.62
  Epoch 60: Semantic=83.91, Memory=93.37, Fusion=87.34
  Epoch 63: Semantic=83.89, Memory=93.37, Fusion=87.23
  Epoch 66: Semantic=83.73, Memory=93.37, Fusion=86.96
  Epoch 69: Semantic=83.93, Memory=93.37, Fusion=86.96
  Epoch 72: Semantic=84.07, Memory=93.37, Fusion=86.80
  Epoch 75: Semantic=83.77, Memory=93.37, Fusion=86.58
  Epoch 78: Semantic=83.81, Memory=93.37, Fusion=86.52
  Epoch 81: Semantic=83.72, Memory=93.37, Fusion=86.52
  Epoch 84: Semantic=83.42, Memory=93.37, Fusion=86.47
  Epoch 87: Semantic=83.39, Memory=93.37, Fusion=86.42
  Epoch 90: Semantic=83.42, Memory=93.37, Fusion=86.39
  Epoch 93: Semantic=83.44, Memory=93.37, Fusion=86.39
  Epoch 96: Semantic=83.36, Memory=93.37, Fusion=86.20
  Epoch 99: Semantic=83.35, Memory=93.37, Fusion=86.28
  Epoch 100: Semantic=83.46, Memory=93.37, Fusion=86.47
Object:pill =========================== Fusion-AUROC:94.14, Semantic:85.87, Memory:93.37


============================================================
[Prompt Configuration] Class: screw
  - Mode: MAP+LAP (Baseline)
  - MAP prompts: 5
  - LAP prompts: 8 (generic anomaly templates)
============================================================


[PromptAD] Initializing with use_lap=True
  Epoch 3: Semantic=59.16, Memory=54.09, Fusion=53.95
  Epoch 6: Semantic=58.14, Memory=54.09, Fusion=54.33 *** Best ***
  Epoch 9: Semantic=57.15, Memory=54.09, Fusion=54.66 *** Best ***
  Epoch 12: Semantic=50.95, Memory=54.09, Fusion=53.45
  Epoch 15: Semantic=50.33, Memory=54.09, Fusion=53.13
  Epoch 18: Semantic=52.50, Memory=54.09, Fusion=53.62
  Epoch 21: Semantic=55.97, Memory=54.09, Fusion=56.26 *** Best ***
  Epoch 24: Semantic=50.61, Memory=54.09, Fusion=51.08
  Epoch 27: Semantic=49.62, Memory=54.09, Fusion=50.13
  Epoch 30: Semantic=48.74, Memory=54.09, Fusion=48.96
  Epoch 33: Semantic=47.85, Memory=54.09, Fusion=48.17
  Epoch 36: Semantic=47.24, Memory=54.09, Fusion=47.55
  Epoch 39: Semantic=46.05, Memory=54.09, Fusion=46.16
  Epoch 42: Semantic=46.29, Memory=54.09, Fusion=46.36
  Epoch 45: Semantic=46.41, Memory=54.09, Fusion=46.55
  Epoch 48: Semantic=46.10, Memory=54.09, Fusion=46.16
  Epoch 51: Semantic=45.77, Memory=54.09, Fusion=45.75
  Epoch 54: Semantic=45.27, Memory=54.09, Fusion=45.26
  Epoch 57: Semantic=44.98, Memory=54.09, Fusion=45.05
  Epoch 60: Semantic=44.80, Memory=54.09, Fusion=44.82
  Epoch 63: Semantic=44.73, Memory=54.09, Fusion=44.78
  Epoch 66: Semantic=44.54, Memory=54.09, Fusion=44.66
  Epoch 69: Semantic=44.28, Memory=54.09, Fusion=44.33
  Epoch 72: Semantic=44.12, Memory=54.09, Fusion=44.13
  Epoch 75: Semantic=44.09, Memory=54.09, Fusion=44.13
  Epoch 78: Semantic=44.09, Memory=54.09, Fusion=44.15
  Epoch 81: Semantic=44.12, Memory=54.09, Fusion=44.19
  Epoch 84: Semantic=44.08, Memory=54.09, Fusion=44.21
  Epoch 87: Semantic=44.00, Memory=54.09, Fusion=44.07
  Epoch 90: Semantic=44.02, Memory=54.09, Fusion=44.17
  Epoch 93: Semantic=44.00, Memory=54.09, Fusion=44.17
  Epoch 96: Semantic=44.06, Memory=54.09, Fusion=44.13
  Epoch 99: Semantic=43.98, Memory=54.09, Fusion=44.11
  Epoch 100: Semantic=44.05, Memory=54.09, Fusion=44.09
Object:screw =========================== Fusion-AUROC:56.26, Semantic:55.97, Memory:54.09


============================================================
[Prompt Configuration] Class: toothbrush
  - Mode: MAP+LAP (Baseline)
  - MAP prompts: 4
  - LAP prompts: 8 (generic anomaly templates)
============================================================


[PromptAD] Initializing with use_lap=True
  Epoch 3: Semantic=73.89, Memory=94.44, Fusion=94.17
  Epoch 6: Semantic=69.31, Memory=94.44, Fusion=93.89
  Epoch 9: Semantic=67.22, Memory=94.44, Fusion=93.61
  Epoch 12: Semantic=66.11, Memory=94.44, Fusion=93.33
  Epoch 15: Semantic=69.44, Memory=94.44, Fusion=93.06
  Epoch 18: Semantic=70.28, Memory=94.44, Fusion=92.22
  Epoch 21: Semantic=68.47, Memory=94.44, Fusion=92.50
  Epoch 24: Semantic=73.33, Memory=94.44, Fusion=88.61
  Epoch 27: Semantic=71.81, Memory=94.44, Fusion=82.78
  Epoch 30: Semantic=73.33, Memory=94.44, Fusion=80.00
  Epoch 33: Semantic=72.22, Memory=94.44, Fusion=77.22
  Epoch 36: Semantic=72.50, Memory=94.44, Fusion=76.67
  Epoch 39: Semantic=74.03, Memory=94.44, Fusion=76.94
  Epoch 42: Semantic=75.28, Memory=94.44, Fusion=77.22
  Epoch 45: Semantic=75.28, Memory=94.44, Fusion=77.50
  Epoch 48: Semantic=75.28, Memory=94.44, Fusion=76.94
  Epoch 51: Semantic=74.72, Memory=94.44, Fusion=76.11
  Epoch 54: Semantic=74.86, Memory=94.44, Fusion=75.83
  Epoch 57: Semantic=74.58, Memory=94.44, Fusion=75.83
  Epoch 60: Semantic=74.44, Memory=94.44, Fusion=75.56
  Epoch 63: Semantic=74.72, Memory=94.44, Fusion=75.56
  Epoch 66: Semantic=75.00, Memory=94.44, Fusion=75.83
  Epoch 69: Semantic=75.00, Memory=94.44, Fusion=75.83
  Epoch 72: Semantic=75.00, Memory=94.44, Fusion=75.83
  Epoch 75: Semantic=75.14, Memory=94.44, Fusion=75.83
  Epoch 78: Semantic=75.28, Memory=94.44, Fusion=75.83
  Epoch 81: Semantic=75.28, Memory=94.44, Fusion=75.83
  Epoch 84: Semantic=75.28, Memory=94.44, Fusion=75.83
  Epoch 87: Semantic=75.14, Memory=94.44, Fusion=75.83
  Epoch 90: Semantic=75.28, Memory=94.44, Fusion=75.83
  Epoch 93: Semantic=75.28, Memory=94.44, Fusion=75.83
  Epoch 96: Semantic=75.14, Memory=94.44, Fusion=75.83
  Epoch 99: Semantic=75.28, Memory=94.44, Fusion=75.83
  Epoch 100: Semantic=75.14, Memory=94.44, Fusion=75.83
Object:toothbrush =========================== Fusion-AUROC:94.17, Semantic:73.89, Memory:94.44


============================================================
[Prompt Configuration] Class: transistor
  - Mode: MAP+LAP (Baseline)
  - MAP prompts: 4
  - LAP prompts: 8 (generic anomaly templates)
============================================================


[PromptAD] Initializing with use_lap=True
  Epoch 3: Semantic=84.38, Memory=67.12, Fusion=69.75
  Epoch 6: Semantic=88.96, Memory=67.12, Fusion=71.08 *** Best ***
  Epoch 9: Semantic=88.10, Memory=67.12, Fusion=72.46 *** Best ***
  Epoch 12: Semantic=87.65, Memory=67.12, Fusion=74.62 *** Best ***
  Epoch 15: Semantic=89.33, Memory=67.12, Fusion=77.25 *** Best ***
  Epoch 18: Semantic=87.56, Memory=67.12, Fusion=79.50 *** Best ***
  Epoch 21: Semantic=86.08, Memory=67.12, Fusion=82.12 *** Best ***
  Epoch 24: Semantic=85.56, Memory=67.12, Fusion=83.75 *** Best ***
  Epoch 27: Semantic=84.56, Memory=67.12, Fusion=84.08 *** Best ***
  Epoch 30: Semantic=84.81, Memory=67.12, Fusion=85.21 *** Best ***
  Epoch 33: Semantic=84.23, Memory=67.12, Fusion=84.58
  Epoch 36: Semantic=84.00, Memory=67.12, Fusion=84.29
  Epoch 39: Semantic=83.67, Memory=67.12, Fusion=83.79
  Epoch 42: Semantic=83.00, Memory=67.12, Fusion=83.38
  Epoch 45: Semantic=83.25, Memory=67.12, Fusion=83.08
  Epoch 48: Semantic=82.54, Memory=67.12, Fusion=82.54
  Epoch 51: Semantic=82.48, Memory=67.12, Fusion=82.54
  Epoch 54: Semantic=82.08, Memory=67.12, Fusion=82.12
  Epoch 57: Semantic=82.17, Memory=67.12, Fusion=82.33
  Epoch 60: Semantic=81.75, Memory=67.12, Fusion=81.88
  Epoch 63: Semantic=81.92, Memory=67.12, Fusion=81.88
  Epoch 66: Semantic=81.85, Memory=67.12, Fusion=81.92
  Epoch 69: Semantic=81.77, Memory=67.12, Fusion=81.88
  Epoch 72: Semantic=81.75, Memory=67.12, Fusion=81.92
  Epoch 75: Semantic=81.79, Memory=67.12, Fusion=81.92
  Epoch 78: Semantic=81.71, Memory=67.12, Fusion=81.96
  Epoch 81: Semantic=81.71, Memory=67.12, Fusion=81.96
  Epoch 84: Semantic=81.71, Memory=67.12, Fusion=81.83
  Epoch 87: Semantic=81.71, Memory=67.12, Fusion=81.96
  Epoch 90: Semantic=81.71, Memory=67.12, Fusion=82.00
  Epoch 93: Semantic=81.67, Memory=67.12, Fusion=81.92
  Epoch 96: Semantic=81.62, Memory=67.12, Fusion=81.83
  Epoch 99: Semantic=81.69, Memory=67.12, Fusion=81.88
  Epoch 100: Semantic=81.67, Memory=67.12, Fusion=81.83
Object:transistor =========================== Fusion-AUROC:85.21, Semantic:84.81, Memory:67.12


============================================================
[Prompt Configuration] Class: zipper
  - Mode: MAP+LAP (Baseline)
  - MAP prompts: 8
  - LAP prompts: 8 (generic anomaly templates)
============================================================


[PromptAD] Initializing with use_lap=True
  Epoch 3: Semantic=74.02, Memory=92.20, Fusion=92.20
  Epoch 6: Semantic=80.02, Memory=92.20, Fusion=92.46 *** Best ***
  Epoch 9: Semantic=87.07, Memory=92.20, Fusion=92.80 *** Best ***
  Epoch 12: Semantic=84.76, Memory=92.20, Fusion=92.70
  Epoch 15: Semantic=92.49, Memory=92.20, Fusion=93.78 *** Best ***
  Epoch 18: Semantic=90.07, Memory=92.20, Fusion=93.83 *** Best ***
  Epoch 21: Semantic=91.43, Memory=92.20, Fusion=94.67 *** Best ***
  Epoch 24: Semantic=91.41, Memory=92.20, Fusion=95.93 *** Best ***
  Epoch 27: Semantic=94.05, Memory=92.20, Fusion=96.72 *** Best ***
  Epoch 30: Semantic=93.53, Memory=92.20, Fusion=95.64
  Epoch 33: Semantic=95.75, Memory=92.20, Fusion=96.90 *** Best ***
  Epoch 36: Semantic=96.15, Memory=92.20, Fusion=96.66
  Epoch 39: Semantic=96.26, Memory=92.20, Fusion=96.85
  Epoch 42: Semantic=96.56, Memory=92.20, Fusion=97.01 *** Best ***
  Epoch 45: Semantic=95.97, Memory=92.20, Fusion=96.30
  Epoch 48: Semantic=95.67, Memory=92.20, Fusion=95.80
  Epoch 51: Semantic=95.34, Memory=92.20, Fusion=95.51
  Epoch 54: Semantic=95.51, Memory=92.20, Fusion=95.61
  Epoch 57: Semantic=95.38, Memory=92.20, Fusion=95.40
  Epoch 60: Semantic=95.06, Memory=92.20, Fusion=95.12
  Epoch 63: Semantic=94.92, Memory=92.20, Fusion=95.06
  Epoch 66: Semantic=94.77, Memory=92.20, Fusion=95.04
  Epoch 69: Semantic=94.71, Memory=92.20, Fusion=94.83
  Epoch 72: Semantic=94.76, Memory=92.20, Fusion=94.93
  Epoch 75: Semantic=94.85, Memory=92.20, Fusion=95.06
  Epoch 78: Semantic=94.64, Memory=92.20, Fusion=94.88
  Epoch 81: Semantic=94.67, Memory=92.20, Fusion=94.88
  Epoch 84: Semantic=94.68, Memory=92.20, Fusion=94.83
  Epoch 87: Semantic=94.62, Memory=92.20, Fusion=94.93
  Epoch 90: Semantic=94.63, Memory=92.20, Fusion=94.96
  Epoch 93: Semantic=94.63, Memory=92.20, Fusion=94.91
  Epoch 96: Semantic=94.67, Memory=92.20, Fusion=94.96
  Epoch 99: Semantic=94.67, Memory=92.20, Fusion=94.96
  Epoch 100: Semantic=94.64, Memory=92.20, Fusion=94.98
Object:zipper =========================== Fusion-AUROC:97.01, Semantic:96.56, Memory:92.2


============================================================
[Prompt Configuration] Class: capsules
  - Mode: MAP+LAP (Baseline)
  - MAP prompts: 7
  - LAP prompts: 8 (generic anomaly templates)
============================================================


[PromptAD] Initializing with use_lap=True
  Epoch 3: Semantic=57.77, Memory=74.16, Fusion=74.00
  Epoch 6: Semantic=54.60, Memory=74.16, Fusion=73.97
  Epoch 9: Semantic=54.57, Memory=74.16, Fusion=73.93
  Epoch 12: Semantic=58.40, Memory=74.16, Fusion=73.87
  Epoch 15: Semantic=57.33, Memory=74.16, Fusion=72.93
  Epoch 18: Semantic=58.76, Memory=74.16, Fusion=71.95
  Epoch 21: Semantic=56.55, Memory=74.16, Fusion=70.15
  Epoch 24: Semantic=55.69, Memory=74.16, Fusion=67.10
  Epoch 27: Semantic=54.89, Memory=74.16, Fusion=63.15
  Epoch 30: Semantic=53.52, Memory=74.16, Fusion=60.09
  Epoch 33: Semantic=53.39, Memory=74.16, Fusion=58.68
  Epoch 36: Semantic=53.75, Memory=74.16, Fusion=57.82
  Epoch 39: Semantic=53.97, Memory=74.16, Fusion=57.13
  Epoch 42: Semantic=55.30, Memory=74.16, Fusion=57.60
  Epoch 45: Semantic=56.80, Memory=74.16, Fusion=58.61
  Epoch 48: Semantic=58.66, Memory=74.16, Fusion=60.02
  Epoch 51: Semantic=60.55, Memory=74.16, Fusion=61.59
  Epoch 54: Semantic=60.60, Memory=74.16, Fusion=61.57
  Epoch 57: Semantic=61.00, Memory=74.16, Fusion=61.74
  Epoch 60: Semantic=61.13, Memory=74.16, Fusion=61.77
  Epoch 63: Semantic=61.14, Memory=74.16, Fusion=61.78
  Epoch 66: Semantic=61.19, Memory=74.16, Fusion=61.84
  Epoch 69: Semantic=61.12, Memory=74.16, Fusion=61.72
  Epoch 72: Semantic=61.34, Memory=74.16, Fusion=61.83
  Epoch 75: Semantic=61.34, Memory=74.16, Fusion=61.85
  Epoch 78: Semantic=61.34, Memory=74.16, Fusion=61.82
  Epoch 81: Semantic=61.31, Memory=74.16, Fusion=61.87
  Epoch 84: Semantic=61.38, Memory=74.16, Fusion=61.91
  Epoch 87: Semantic=61.42, Memory=74.16, Fusion=61.94
  Epoch 90: Semantic=61.44, Memory=74.16, Fusion=61.96
  Epoch 93: Semantic=61.43, Memory=74.16, Fusion=61.92
  Epoch 96: Semantic=61.39, Memory=74.16, Fusion=61.93
  Epoch 99: Semantic=61.48, Memory=74.16, Fusion=61.96
  Epoch 100: Semantic=61.42, Memory=74.16, Fusion=61.89
Object:capsules =========================== Fusion-AUROC:74.0, Semantic:57.77, Memory:74.16


============================================================
[Prompt Configuration] Class: candle
  - Mode: MAP+LAP (Baseline)
  - MAP prompts: 9
  - LAP prompts: 8 (generic anomaly templates)
============================================================


[PromptAD] Initializing with use_lap=True
  Epoch 3: Semantic=94.67, Memory=88.68, Fusion=89.04
  Epoch 6: Semantic=93.23, Memory=88.68, Fusion=89.15 *** Best ***
  Epoch 9: Semantic=94.70, Memory=88.68, Fusion=89.51 *** Best ***
  Epoch 12: Semantic=95.13, Memory=88.68, Fusion=89.87 *** Best ***
  Epoch 15: Semantic=95.28, Memory=88.68, Fusion=90.38 *** Best ***
  Epoch 18: Semantic=94.86, Memory=88.68, Fusion=91.14 *** Best ***
  Epoch 21: Semantic=94.74, Memory=88.68, Fusion=92.30 *** Best ***
  Epoch 24: Semantic=94.59, Memory=88.68, Fusion=93.35 *** Best ***
  Epoch 27: Semantic=95.01, Memory=88.68, Fusion=94.58 *** Best ***
  Epoch 30: Semantic=95.30, Memory=88.68, Fusion=95.36 *** Best ***
  Epoch 33: Semantic=95.37, Memory=88.68, Fusion=96.05 *** Best ***
  Epoch 36: Semantic=95.69, Memory=88.68, Fusion=95.83
  Epoch 39: Semantic=95.53, Memory=88.68, Fusion=95.56
  Epoch 42: Semantic=96.68, Memory=88.68, Fusion=94.72
  Epoch 45: Semantic=96.59, Memory=88.68, Fusion=95.37
  Epoch 48: Semantic=96.36, Memory=88.68, Fusion=95.79
  Epoch 51: Semantic=96.47, Memory=88.68, Fusion=96.33 *** Best ***
  Epoch 54: Semantic=96.44, Memory=88.68, Fusion=96.64 *** Best ***
  Epoch 57: Semantic=96.44, Memory=88.68, Fusion=96.89 *** Best ***
  Epoch 60: Semantic=96.30, Memory=88.68, Fusion=96.92 *** Best ***
  Epoch 63: Semantic=96.41, Memory=88.68, Fusion=97.04 *** Best ***
  Epoch 66: Semantic=96.23, Memory=88.68, Fusion=96.97
  Epoch 69: Semantic=96.18, Memory=88.68, Fusion=96.94
  Epoch 72: Semantic=96.22, Memory=88.68, Fusion=96.95
  Epoch 75: Semantic=96.15, Memory=88.68, Fusion=96.93
  Epoch 78: Semantic=96.17, Memory=88.68, Fusion=96.91
  Epoch 81: Semantic=96.18, Memory=88.68, Fusion=96.89
  Epoch 84: Semantic=96.16, Memory=88.68, Fusion=96.88
  Epoch 87: Semantic=96.13, Memory=88.68, Fusion=96.86
  Epoch 90: Semantic=96.14, Memory=88.68, Fusion=96.85
  Epoch 93: Semantic=96.12, Memory=88.68, Fusion=96.83
  Epoch 96: Semantic=96.14, Memory=88.68, Fusion=96.85
  Epoch 99: Semantic=96.17, Memory=88.68, Fusion=96.88
  Epoch 100: Semantic=96.13, Memory=88.68, Fusion=96.85
Object:candle =========================== Fusion-AUROC:97.04, Semantic:96.41, Memory:88.68


============================================================
[Prompt Configuration] Class: cashew
  - Mode: MAP+LAP (Baseline)
  - MAP prompts: 7
  - LAP prompts: 8 (generic anomaly templates)
============================================================


[PromptAD] Initializing with use_lap=True
  Epoch 3: Semantic=91.04, Memory=84.73, Fusion=85.31
  Epoch 6: Semantic=91.36, Memory=84.73, Fusion=85.49 *** Best ***
  Epoch 9: Semantic=90.88, Memory=84.73, Fusion=85.86 *** Best ***
  Epoch 12: Semantic=85.64, Memory=84.73, Fusion=85.72
  Epoch 15: Semantic=88.34, Memory=84.73, Fusion=86.65 *** Best ***
  Epoch 18: Semantic=89.03, Memory=84.73, Fusion=87.87 *** Best ***
  Epoch 21: Semantic=87.74, Memory=84.73, Fusion=88.42 *** Best ***
  Epoch 24: Semantic=88.20, Memory=84.73, Fusion=89.68 *** Best ***
  Epoch 27: Semantic=88.74, Memory=84.73, Fusion=90.14 *** Best ***
  Epoch 30: Semantic=88.09, Memory=84.73, Fusion=89.88
  Epoch 33: Semantic=88.87, Memory=84.73, Fusion=90.36 *** Best ***
  Epoch 36: Semantic=88.90, Memory=84.73, Fusion=90.30
  Epoch 39: Semantic=88.70, Memory=84.73, Fusion=90.01
  Epoch 42: Semantic=88.94, Memory=84.73, Fusion=90.00
  Epoch 45: Semantic=88.59, Memory=84.73, Fusion=89.59
  Epoch 48: Semantic=88.63, Memory=84.73, Fusion=89.45
  Epoch 51: Semantic=88.58, Memory=84.73, Fusion=89.28
  Epoch 54: Semantic=88.24, Memory=84.73, Fusion=88.93
  Epoch 57: Semantic=88.21, Memory=84.73, Fusion=88.82
  Epoch 60: Semantic=88.45, Memory=84.73, Fusion=89.03
  Epoch 63: Semantic=88.59, Memory=84.73, Fusion=89.11
  Epoch 66: Semantic=88.70, Memory=84.73, Fusion=89.15
  Epoch 69: Semantic=88.74, Memory=84.73, Fusion=89.17
  Epoch 72: Semantic=88.71, Memory=84.73, Fusion=89.08
  Epoch 75: Semantic=88.65, Memory=84.73, Fusion=89.05
  Epoch 78: Semantic=88.66, Memory=84.73, Fusion=89.04
  Epoch 81: Semantic=88.66, Memory=84.73, Fusion=89.02
  Epoch 84: Semantic=88.68, Memory=84.73, Fusion=89.05
  Epoch 87: Semantic=88.67, Memory=84.73, Fusion=89.03
  Epoch 90: Semantic=88.66, Memory=84.73, Fusion=89.00
  Epoch 93: Semantic=88.59, Memory=84.73, Fusion=88.97
  Epoch 96: Semantic=88.68, Memory=84.73, Fusion=89.04
  Epoch 99: Semantic=88.68, Memory=84.73, Fusion=89.06
  Epoch 100: Semantic=88.67, Memory=84.73, Fusion=89.04
Object:cashew =========================== Fusion-AUROC:90.36, Semantic:88.87, Memory:84.73


============================================================
[Prompt Configuration] Class: chewing gum
  - Mode: MAP+LAP (Baseline)
  - MAP prompts: 7
  - LAP prompts: 8 (generic anomaly templates)
============================================================


[PromptAD] Initializing with use_lap=True
  Epoch 3: Semantic=95.81, Memory=92.43, Fusion=92.83
  Epoch 6: Semantic=95.32, Memory=92.43, Fusion=92.97 *** Best ***
  Epoch 9: Semantic=94.67, Memory=92.43, Fusion=93.35 *** Best ***
  Epoch 12: Semantic=93.40, Memory=92.43, Fusion=93.74 *** Best ***
  Epoch 15: Semantic=91.86, Memory=92.43, Fusion=94.11 *** Best ***
  Epoch 18: Semantic=92.75, Memory=92.43, Fusion=94.71 *** Best ***
  Epoch 21: Semantic=92.52, Memory=92.43, Fusion=94.37
  Epoch 24: Semantic=91.70, Memory=92.43, Fusion=93.41
  Epoch 27: Semantic=91.95, Memory=92.43, Fusion=93.12
  Epoch 30: Semantic=92.00, Memory=92.43, Fusion=92.85
  Epoch 33: Semantic=92.31, Memory=92.43, Fusion=93.05
  Epoch 36: Semantic=92.35, Memory=92.43, Fusion=92.88
  Epoch 39: Semantic=92.09, Memory=92.43, Fusion=92.60
  Epoch 42: Semantic=91.71, Memory=92.43, Fusion=92.18
  Epoch 45: Semantic=91.51, Memory=92.43, Fusion=91.93
  Epoch 48: Semantic=91.44, Memory=92.43, Fusion=91.79
  Epoch 51: Semantic=91.37, Memory=92.43, Fusion=91.72
  Epoch 54: Semantic=91.39, Memory=92.43, Fusion=91.72
  Epoch 57: Semantic=91.45, Memory=92.43, Fusion=91.74
  Epoch 60: Semantic=91.44, Memory=92.43, Fusion=91.71
  Epoch 63: Semantic=91.43, Memory=92.43, Fusion=91.67
  Epoch 66: Semantic=91.46, Memory=92.43, Fusion=91.70
  Epoch 69: Semantic=91.48, Memory=92.43, Fusion=91.69
  Epoch 72: Semantic=91.47, Memory=92.43, Fusion=91.68
  Epoch 75: Semantic=91.46, Memory=92.43, Fusion=91.65
  Epoch 78: Semantic=91.50, Memory=92.43, Fusion=91.67
  Epoch 81: Semantic=91.47, Memory=92.43, Fusion=91.66
  Epoch 84: Semantic=91.49, Memory=92.43, Fusion=91.68
  Epoch 87: Semantic=91.44, Memory=92.43, Fusion=91.63
  Epoch 90: Semantic=91.44, Memory=92.43, Fusion=91.61
  Epoch 93: Semantic=91.45, Memory=92.43, Fusion=91.65
  Epoch 96: Semantic=91.44, Memory=92.43, Fusion=91.61
  Epoch 99: Semantic=91.45, Memory=92.43, Fusion=91.66
  Epoch 100: Semantic=91.45, Memory=92.43, Fusion=91.62
Object:chewinggum =========================== Fusion-AUROC:94.71, Semantic:92.75, Memory:92.43


============================================================
[Prompt Configuration] Class: fryum
  - Mode: MAP+LAP (Baseline)
  - MAP prompts: 8
  - LAP prompts: 8 (generic anomaly templates)
============================================================


[PromptAD] Initializing with use_lap=True
  Epoch 3: Semantic=75.91, Memory=84.05, Fusion=84.43
  Epoch 6: Semantic=77.31, Memory=84.05, Fusion=84.63 *** Best ***
  Epoch 9: Semantic=76.94, Memory=84.05, Fusion=85.05 *** Best ***
  Epoch 12: Semantic=79.11, Memory=84.05, Fusion=85.68 *** Best ***
  Epoch 15: Semantic=82.09, Memory=84.05, Fusion=87.03 *** Best ***
  Epoch 18: Semantic=82.69, Memory=84.05, Fusion=86.97
  Epoch 21: Semantic=84.33, Memory=84.05, Fusion=87.46 *** Best ***
  Epoch 24: Semantic=84.29, Memory=84.05, Fusion=86.88
  Epoch 27: Semantic=84.03, Memory=84.05, Fusion=86.37
  Epoch 30: Semantic=83.83, Memory=84.05, Fusion=85.75
  Epoch 33: Semantic=83.70, Memory=84.05, Fusion=85.24
  Epoch 36: Semantic=84.33, Memory=84.05, Fusion=85.63
  Epoch 39: Semantic=84.71, Memory=84.05, Fusion=85.80
  Epoch 42: Semantic=84.80, Memory=84.05, Fusion=85.78
  Epoch 45: Semantic=85.18, Memory=84.05, Fusion=86.05
  Epoch 48: Semantic=85.23, Memory=84.05, Fusion=85.91
  Epoch 51: Semantic=85.18, Memory=84.05, Fusion=85.86
  Epoch 54: Semantic=85.32, Memory=84.05, Fusion=85.89
  Epoch 57: Semantic=85.37, Memory=84.05, Fusion=85.90
  Epoch 60: Semantic=85.48, Memory=84.05, Fusion=85.97
  Epoch 63: Semantic=85.49, Memory=84.05, Fusion=86.02
  Epoch 66: Semantic=85.65, Memory=84.05, Fusion=86.09
  Epoch 69: Semantic=85.72, Memory=84.05, Fusion=86.14
  Epoch 72: Semantic=85.71, Memory=84.05, Fusion=86.16
  Epoch 75: Semantic=85.73, Memory=84.05, Fusion=86.19
  Epoch 78: Semantic=85.78, Memory=84.05, Fusion=86.23
  Epoch 81: Semantic=85.77, Memory=84.05, Fusion=86.19
  Epoch 84: Semantic=85.77, Memory=84.05, Fusion=86.20
  Epoch 87: Semantic=85.79, Memory=84.05, Fusion=86.19
  Epoch 90: Semantic=85.78, Memory=84.05, Fusion=86.19
  Epoch 93: Semantic=85.80, Memory=84.05, Fusion=86.17
  Epoch 96: Semantic=85.79, Memory=84.05, Fusion=86.17
  Epoch 99: Semantic=85.81, Memory=84.05, Fusion=86.20
  Epoch 100: Semantic=85.82, Memory=84.05, Fusion=86.25
Object:fryum =========================== Fusion-AUROC:87.46, Semantic:84.33, Memory:84.05


============================================================
[Prompt Configuration] Class: macaroni
  - Mode: MAP+LAP (Baseline)
  - MAP prompts: 7
  - LAP prompts: 8 (generic anomaly templates)
============================================================


[PromptAD] Initializing with use_lap=True
  Epoch 3: Semantic=79.05, Memory=76.70, Fusion=77.27
  Epoch 6: Semantic=70.53, Memory=76.70, Fusion=77.11
  Epoch 9: Semantic=71.53, Memory=76.70, Fusion=77.13
  Epoch 12: Semantic=70.75, Memory=76.70, Fusion=77.13
  Epoch 15: Semantic=67.97, Memory=76.70, Fusion=76.84
  Epoch 18: Semantic=73.91, Memory=76.70, Fusion=77.83 *** Best ***
  Epoch 21: Semantic=69.88, Memory=76.70, Fusion=77.04
  Epoch 24: Semantic=73.02, Memory=76.70, Fusion=77.94 *** Best ***
  Epoch 27: Semantic=72.03, Memory=76.70, Fusion=77.05
  Epoch 30: Semantic=68.19, Memory=76.70, Fusion=73.84
  Epoch 33: Semantic=66.63, Memory=76.70, Fusion=71.33
  Epoch 36: Semantic=64.86, Memory=76.70, Fusion=68.88
  Epoch 39: Semantic=66.46, Memory=76.70, Fusion=69.42
  Epoch 42: Semantic=64.86, Memory=76.70, Fusion=67.55
  Epoch 45: Semantic=65.95, Memory=76.70, Fusion=68.10
  Epoch 48: Semantic=64.06, Memory=76.70, Fusion=65.94
  Epoch 51: Semantic=64.91, Memory=76.70, Fusion=66.50
  Epoch 54: Semantic=64.96, Memory=76.70, Fusion=66.32
  Epoch 57: Semantic=64.26, Memory=76.70, Fusion=65.59
  Epoch 60: Semantic=64.44, Memory=76.70, Fusion=65.63
  Epoch 63: Semantic=64.22, Memory=76.70, Fusion=65.32
  Epoch 66: Semantic=63.71, Memory=76.70, Fusion=64.79
  Epoch 69: Semantic=63.79, Memory=76.70, Fusion=64.78
  Epoch 72: Semantic=63.87, Memory=76.70, Fusion=64.81
  Epoch 75: Semantic=63.86, Memory=76.70, Fusion=64.79
  Epoch 78: Semantic=63.61, Memory=76.70, Fusion=64.47
  Epoch 81: Semantic=63.52, Memory=76.70, Fusion=64.40
  Epoch 84: Semantic=63.47, Memory=76.70, Fusion=64.37
  Epoch 87: Semantic=63.47, Memory=76.70, Fusion=64.34
  Epoch 90: Semantic=63.39, Memory=76.70, Fusion=64.26
  Epoch 93: Semantic=63.46, Memory=76.70, Fusion=64.32
  Epoch 96: Semantic=63.50, Memory=76.70, Fusion=64.35
  Epoch 99: Semantic=63.49, Memory=76.70, Fusion=64.36
  Epoch 100: Semantic=63.49, Memory=76.70, Fusion=64.35
Object:macaroni1 =========================== Fusion-AUROC:77.94, Semantic:73.02, Memory:76.7


============================================================
[Prompt Configuration] Class: macaroni
  - Mode: MAP+LAP (Baseline)
  - MAP prompts: 7
  - LAP prompts: 8 (generic anomaly templates)
============================================================


[PromptAD] Initializing with use_lap=True
  Epoch 3: Semantic=65.75, Memory=66.98, Fusion=67.64
  Epoch 6: Semantic=66.53, Memory=66.98, Fusion=67.84 *** Best ***
  Epoch 9: Semantic=68.13, Memory=66.98, Fusion=68.39 *** Best ***
  Epoch 12: Semantic=65.40, Memory=66.98, Fusion=68.54 *** Best ***
  Epoch 15: Semantic=65.21, Memory=66.98, Fusion=68.90 *** Best ***
  Epoch 18: Semantic=64.78, Memory=66.98, Fusion=69.17 *** Best ***
  Epoch 21: Semantic=64.43, Memory=66.98, Fusion=69.14
  Epoch 24: Semantic=63.21, Memory=66.98, Fusion=67.67
  Epoch 27: Semantic=62.28, Memory=66.98, Fusion=65.70
  Epoch 30: Semantic=63.22, Memory=66.98, Fusion=65.62
  Epoch 33: Semantic=61.85, Memory=66.98, Fusion=63.75
  Epoch 36: Semantic=61.13, Memory=66.98, Fusion=62.56
  Epoch 39: Semantic=60.30, Memory=66.98, Fusion=61.42
  Epoch 42: Semantic=59.34, Memory=66.98, Fusion=60.20
  Epoch 45: Semantic=58.67, Memory=66.98, Fusion=59.34
  Epoch 48: Semantic=58.02, Memory=66.98, Fusion=58.64
  Epoch 51: Semantic=57.56, Memory=66.98, Fusion=58.10
  Epoch 54: Semantic=57.35, Memory=66.98, Fusion=57.83
  Epoch 57: Semantic=57.15, Memory=66.98, Fusion=57.60
  Epoch 60: Semantic=56.90, Memory=66.98, Fusion=57.35
  Epoch 63: Semantic=56.69, Memory=66.98, Fusion=57.09
  Epoch 66: Semantic=56.55, Memory=66.98, Fusion=56.93
  Epoch 69: Semantic=56.41, Memory=66.98, Fusion=56.76
  Epoch 72: Semantic=56.28, Memory=66.98, Fusion=56.67
  Epoch 75: Semantic=56.21, Memory=66.98, Fusion=56.61
  Epoch 78: Semantic=56.12, Memory=66.98, Fusion=56.51
  Epoch 81: Semantic=56.04, Memory=66.98, Fusion=56.43
  Epoch 84: Semantic=56.03, Memory=66.98, Fusion=56.40
  Epoch 87: Semantic=56.02, Memory=66.98, Fusion=56.40
  Epoch 90: Semantic=55.98, Memory=66.98, Fusion=56.36
  Epoch 93: Semantic=56.01, Memory=66.98, Fusion=56.40
  Epoch 96: Semantic=55.97, Memory=66.98, Fusion=56.34
  Epoch 99: Semantic=55.97, Memory=66.98, Fusion=56.32
  Epoch 100: Semantic=56.01, Memory=66.98, Fusion=56.38
Object:macaroni2 =========================== Fusion-AUROC:69.17, Semantic:64.78, Memory:66.98


============================================================
[Prompt Configuration] Class: printed circuit board
  - Mode: MAP+LAP (Baseline)
  - MAP prompts: 6
  - LAP prompts: 8 (generic anomaly templates)
============================================================


[PromptAD] Initializing with use_lap=True
  Epoch 3: Semantic=48.77, Memory=92.25, Fusion=92.22
  Epoch 6: Semantic=74.30, Memory=92.25, Fusion=92.37 *** Best ***
  Epoch 9: Semantic=82.23, Memory=92.25, Fusion=92.50 *** Best ***
  Epoch 12: Semantic=83.42, Memory=92.25, Fusion=92.54 *** Best ***
  Epoch 15: Semantic=85.99, Memory=92.25, Fusion=92.73 *** Best ***
  Epoch 18: Semantic=87.92, Memory=92.25, Fusion=93.10 *** Best ***
  Epoch 21: Semantic=88.87, Memory=92.25, Fusion=93.50 *** Best ***
  Epoch 24: Semantic=89.76, Memory=92.25, Fusion=94.07 *** Best ***
  Epoch 27: Semantic=89.46, Memory=92.25, Fusion=94.20 *** Best ***
  Epoch 30: Semantic=89.57, Memory=92.25, Fusion=94.18
  Epoch 33: Semantic=90.07, Memory=92.25, Fusion=94.02
  Epoch 36: Semantic=90.08, Memory=92.25, Fusion=93.49
  Epoch 39: Semantic=90.27, Memory=92.25, Fusion=93.04
  Epoch 42: Semantic=90.26, Memory=92.25, Fusion=92.43
  Epoch 45: Semantic=90.32, Memory=92.25, Fusion=92.01
  Epoch 48: Semantic=90.48, Memory=92.25, Fusion=91.86
  Epoch 51: Semantic=90.54, Memory=92.25, Fusion=91.69
  Epoch 54: Semantic=90.54, Memory=92.25, Fusion=91.50
  Epoch 57: Semantic=90.67, Memory=92.25, Fusion=91.51
  Epoch 60: Semantic=90.75, Memory=92.25, Fusion=91.50
  Epoch 63: Semantic=90.74, Memory=92.25, Fusion=91.40
  Epoch 66: Semantic=90.72, Memory=92.25, Fusion=91.34
  Epoch 69: Semantic=90.73, Memory=92.25, Fusion=91.32
  Epoch 72: Semantic=90.74, Memory=92.25, Fusion=91.30
  Epoch 75: Semantic=90.76, Memory=92.25, Fusion=91.31
  Epoch 78: Semantic=90.79, Memory=92.25, Fusion=91.33
  Epoch 81: Semantic=90.82, Memory=92.25, Fusion=91.34
  Epoch 84: Semantic=90.82, Memory=92.25, Fusion=91.33
  Epoch 87: Semantic=90.83, Memory=92.25, Fusion=91.31
  Epoch 90: Semantic=90.85, Memory=92.25, Fusion=91.32
  Epoch 93: Semantic=90.84, Memory=92.25, Fusion=91.30
  Epoch 96: Semantic=90.85, Memory=92.25, Fusion=91.33
  Epoch 99: Semantic=90.85, Memory=92.25, Fusion=91.33
  Epoch 100: Semantic=90.85, Memory=92.25, Fusion=91.33
Object:pcb1 =========================== Fusion-AUROC:94.2, Semantic:89.46, Memory:92.25


============================================================
[Prompt Configuration] Class: printed circuit board
  - Mode: MAP+LAP (Baseline)
  - MAP prompts: 6
  - LAP prompts: 8 (generic anomaly templates)
============================================================


[PromptAD] Initializing with use_lap=True
  Epoch 3: Semantic=57.76, Memory=78.02, Fusion=78.13
  Epoch 6: Semantic=58.76, Memory=78.02, Fusion=78.22 *** Best ***
  Epoch 9: Semantic=60.63, Memory=78.02, Fusion=78.31 *** Best ***
  Epoch 12: Semantic=61.84, Memory=78.02, Fusion=78.41 *** Best ***
  Epoch 15: Semantic=64.34, Memory=78.02, Fusion=78.47 *** Best ***
  Epoch 18: Semantic=62.74, Memory=78.02, Fusion=78.50 *** Best ***
  Epoch 21: Semantic=60.96, Memory=78.02, Fusion=78.51 *** Best ***
  Epoch 24: Semantic=61.17, Memory=78.02, Fusion=78.60 *** Best ***
  Epoch 27: Semantic=62.90, Memory=78.02, Fusion=78.99 *** Best ***
  Epoch 30: Semantic=65.67, Memory=78.02, Fusion=79.63 *** Best ***
  Epoch 33: Semantic=65.70, Memory=78.02, Fusion=79.89 *** Best ***
  Epoch 36: Semantic=66.17, Memory=78.02, Fusion=80.10 *** Best ***
  Epoch 39: Semantic=66.51, Memory=78.02, Fusion=80.15 *** Best ***
  Epoch 42: Semantic=66.73, Memory=78.02, Fusion=79.86
  Epoch 45: Semantic=67.01, Memory=78.02, Fusion=79.22
  Epoch 48: Semantic=68.20, Memory=78.02, Fusion=79.05
  Epoch 51: Semantic=68.72, Memory=78.02, Fusion=78.57
  Epoch 54: Semantic=68.94, Memory=78.02, Fusion=77.85
  Epoch 57: Semantic=69.60, Memory=78.02, Fusion=77.35
  Epoch 60: Semantic=70.35, Memory=78.02, Fusion=77.05
  Epoch 63: Semantic=70.72, Memory=78.02, Fusion=76.67
  Epoch 66: Semantic=71.06, Memory=78.02, Fusion=76.45
  Epoch 69: Semantic=71.49, Memory=78.02, Fusion=76.27
  Epoch 72: Semantic=71.78, Memory=78.02, Fusion=76.14
  Epoch 75: Semantic=72.17, Memory=78.02, Fusion=76.17
  Epoch 78: Semantic=72.19, Memory=78.02, Fusion=76.00
  Epoch 81: Semantic=72.32, Memory=78.02, Fusion=75.93
  Epoch 84: Semantic=72.47, Memory=78.02, Fusion=75.94
  Epoch 87: Semantic=72.51, Memory=78.02, Fusion=75.87
  Epoch 90: Semantic=72.60, Memory=78.02, Fusion=75.91
  Epoch 93: Semantic=72.59, Memory=78.02, Fusion=75.92
  Epoch 96: Semantic=72.53, Memory=78.02, Fusion=75.80
  Epoch 99: Semantic=72.57, Memory=78.02, Fusion=75.86
  Epoch 100: Semantic=72.58, Memory=78.02, Fusion=75.85
Object:pcb2 =========================== Fusion-AUROC:80.15, Semantic:66.51, Memory:78.02


============================================================
[Prompt Configuration] Class: printed circuit board
  - Mode: MAP+LAP (Baseline)
  - MAP prompts: 6
  - LAP prompts: 8 (generic anomaly templates)
============================================================


[PromptAD] Initializing with use_lap=True
  Epoch 3: Semantic=70.42, Memory=70.98, Fusion=71.24
  Epoch 6: Semantic=72.61, Memory=70.98, Fusion=71.34 *** Best ***
  Epoch 9: Semantic=70.85, Memory=70.98, Fusion=71.33
  Epoch 12: Semantic=70.05, Memory=70.98, Fusion=71.38 *** Best ***
  Epoch 15: Semantic=71.35, Memory=70.98, Fusion=71.52 *** Best ***
  Epoch 18: Semantic=72.39, Memory=70.98, Fusion=71.72 *** Best ***
  Epoch 21: Semantic=72.40, Memory=70.98, Fusion=72.01 *** Best ***
  Epoch 24: Semantic=72.92, Memory=70.98, Fusion=72.33 *** Best ***
  Epoch 27: Semantic=73.08, Memory=70.98, Fusion=72.76 *** Best ***
  Epoch 30: Semantic=72.75, Memory=70.98, Fusion=73.11 *** Best ***
  Epoch 33: Semantic=72.79, Memory=70.98, Fusion=73.63 *** Best ***
  Epoch 36: Semantic=72.66, Memory=70.98, Fusion=73.97 *** Best ***
  Epoch 39: Semantic=72.46, Memory=70.98, Fusion=74.20 *** Best ***
  Epoch 42: Semantic=71.85, Memory=70.98, Fusion=73.97
  Epoch 45: Semantic=71.76, Memory=70.98, Fusion=73.88
  Epoch 48: Semantic=71.12, Memory=70.98, Fusion=73.33
  Epoch 51: Semantic=70.84, Memory=70.98, Fusion=72.99
  Epoch 54: Semantic=70.60, Memory=70.98, Fusion=72.51
  Epoch 57: Semantic=70.57, Memory=70.98, Fusion=72.35
  Epoch 60: Semantic=70.48, Memory=70.98, Fusion=72.13
  Epoch 63: Semantic=70.29, Memory=70.98, Fusion=71.85
  Epoch 66: Semantic=70.12, Memory=70.98, Fusion=71.54
  Epoch 69: Semantic=70.15, Memory=70.98, Fusion=71.45
  Epoch 72: Semantic=70.04, Memory=70.98, Fusion=71.26
  Epoch 75: Semantic=70.11, Memory=70.98, Fusion=71.20
  Epoch 78: Semantic=70.02, Memory=70.98, Fusion=71.08
  Epoch 81: Semantic=69.99, Memory=70.98, Fusion=71.04
  Epoch 84: Semantic=69.99, Memory=70.98, Fusion=71.01
  Epoch 87: Semantic=69.94, Memory=70.98, Fusion=70.90
  Epoch 90: Semantic=69.86, Memory=70.98, Fusion=70.88
  Epoch 93: Semantic=69.94, Memory=70.98, Fusion=70.90
  Epoch 96: Semantic=69.84, Memory=70.98, Fusion=70.83
  Epoch 99: Semantic=69.83, Memory=70.98, Fusion=70.84
  Epoch 100: Semantic=69.88, Memory=70.98, Fusion=70.87
Object:pcb3 =========================== Fusion-AUROC:74.2, Semantic:72.46, Memory:70.98


============================================================
[Prompt Configuration] Class: printed circuit board
  - Mode: MAP+LAP (Baseline)
  - MAP prompts: 9
  - LAP prompts: 8 (generic anomaly templates)
============================================================


[PromptAD] Initializing with use_lap=True
  Epoch 3: Semantic=85.61, Memory=81.65, Fusion=82.90
  Epoch 6: Semantic=87.73, Memory=81.65, Fusion=83.68 *** Best ***
  Epoch 9: Semantic=86.54, Memory=81.65, Fusion=84.19 *** Best ***
  Epoch 12: Semantic=87.35, Memory=81.65, Fusion=85.13 *** Best ***
  Epoch 15: Semantic=89.13, Memory=81.65, Fusion=86.09 *** Best ***
  Epoch 18: Semantic=88.56, Memory=81.65, Fusion=87.08 *** Best ***
  Epoch 21: Semantic=89.36, Memory=81.65, Fusion=89.00 *** Best ***
  Epoch 24: Semantic=87.56, Memory=81.65, Fusion=89.44 *** Best ***
  Epoch 27: Semantic=87.47, Memory=81.65, Fusion=90.13 *** Best ***
  Epoch 30: Semantic=87.44, Memory=81.65, Fusion=90.56 *** Best ***
  Epoch 33: Semantic=87.47, Memory=81.65, Fusion=90.65 *** Best ***
  Epoch 36: Semantic=87.21, Memory=81.65, Fusion=90.15
  Epoch 39: Semantic=87.58, Memory=81.65, Fusion=90.08
  Epoch 42: Semantic=87.46, Memory=81.65, Fusion=89.69
  Epoch 45: Semantic=87.39, Memory=81.65, Fusion=89.45
  Epoch 48: Semantic=87.06, Memory=81.65, Fusion=88.89
  Epoch 51: Semantic=87.10, Memory=81.65, Fusion=88.68
  Epoch 54: Semantic=87.22, Memory=81.65, Fusion=88.63
  Epoch 57: Semantic=87.21, Memory=81.65, Fusion=88.41
  Epoch 60: Semantic=87.47, Memory=81.65, Fusion=88.48
  Epoch 63: Semantic=87.69, Memory=81.65, Fusion=88.61
  Epoch 66: Semantic=87.81, Memory=81.65, Fusion=88.62
  Epoch 69: Semantic=87.97, Memory=81.65, Fusion=88.73
  Epoch 72: Semantic=88.01, Memory=81.65, Fusion=88.72
  Epoch 75: Semantic=88.19, Memory=81.65, Fusion=88.84
  Epoch 78: Semantic=88.28, Memory=81.65, Fusion=88.91
  Epoch 81: Semantic=88.36, Memory=81.65, Fusion=88.96
  Epoch 84: Semantic=88.36, Memory=81.65, Fusion=88.94
  Epoch 87: Semantic=88.41, Memory=81.65, Fusion=88.98
  Epoch 90: Semantic=88.45, Memory=81.65, Fusion=89.00
  Epoch 93: Semantic=88.46, Memory=81.65, Fusion=89.01
  Epoch 96: Semantic=88.47, Memory=81.65, Fusion=89.02
  Epoch 99: Semantic=88.48, Memory=81.65, Fusion=89.02
  Epoch 100: Semantic=88.44, Memory=81.65, Fusion=89.00
Object:pcb4 =========================== Fusion-AUROC:90.65, Semantic:87.47, Memory:81.65


============================================================
[Prompt Configuration] Class: pipe fryum
  - Mode: MAP+LAP (Baseline)
  - MAP prompts: 8
  - LAP prompts: 8 (generic anomaly templates)
============================================================


[PromptAD] Initializing with use_lap=True
  Epoch 3: Semantic=75.43, Memory=99.22, Fusion=99.21
  Epoch 6: Semantic=77.51, Memory=99.22, Fusion=99.19
  Epoch 9: Semantic=78.07, Memory=99.22, Fusion=99.17
  Epoch 12: Semantic=79.45, Memory=99.22, Fusion=99.11
  Epoch 15: Semantic=82.91, Memory=99.22, Fusion=99.06
  Epoch 18: Semantic=84.58, Memory=99.22, Fusion=98.92
  Epoch 21: Semantic=86.40, Memory=99.22, Fusion=98.66
  Epoch 24: Semantic=87.48, Memory=99.22, Fusion=98.28
  Epoch 27: Semantic=85.34, Memory=99.22, Fusion=97.52
  Epoch 30: Semantic=85.72, Memory=99.22, Fusion=96.13
  Epoch 33: Semantic=86.65, Memory=99.22, Fusion=95.04
  Epoch 36: Semantic=88.13, Memory=99.22, Fusion=94.26
  Epoch 39: Semantic=89.17, Memory=99.22, Fusion=94.06
  Epoch 42: Semantic=88.71, Memory=99.22, Fusion=92.89
  Epoch 45: Semantic=88.83, Memory=99.22, Fusion=92.32
  Epoch 48: Semantic=89.45, Memory=99.22, Fusion=92.21
  Epoch 51: Semantic=89.57, Memory=99.22, Fusion=91.97
  Epoch 54: Semantic=90.00, Memory=99.22, Fusion=92.00
  Epoch 57: Semantic=90.32, Memory=99.22, Fusion=92.07
  Epoch 60: Semantic=90.32, Memory=99.22, Fusion=91.96
  Epoch 63: Semantic=90.37, Memory=99.22, Fusion=91.82
  Epoch 66: Semantic=90.47, Memory=99.22, Fusion=91.80
  Epoch 69: Semantic=90.55, Memory=99.22, Fusion=91.80
  Epoch 72: Semantic=90.59, Memory=99.22, Fusion=91.79
  Epoch 75: Semantic=90.60, Memory=99.22, Fusion=91.75
  Epoch 78: Semantic=90.65, Memory=99.22, Fusion=91.80
  Epoch 81: Semantic=90.67, Memory=99.22, Fusion=91.80
  Epoch 84: Semantic=90.61, Memory=99.22, Fusion=91.77
  Epoch 87: Semantic=90.63, Memory=99.22, Fusion=91.77
  Epoch 90: Semantic=90.63, Memory=99.22, Fusion=91.74
  Epoch 93: Semantic=90.63, Memory=99.22, Fusion=91.76
  Epoch 96: Semantic=90.62, Memory=99.22, Fusion=91.74
  Epoch 99: Semantic=90.62, Memory=99.22, Fusion=91.73
  Epoch 100: Semantic=90.67, Memory=99.22, Fusion=91.78
Object:pipe_fryum =========================== Fusion-AUROC:99.21, Semantic:75.43, Memory:99.22


============================================================
[Prompt Configuration] Class: grid
  - Mode: MAP+LAP (Baseline)
  - MAP prompts: 8
  - LAP prompts: 8 (generic anomaly templates)
============================================================


[PromptAD] Initializing with use_lap=True
  Epoch 3: Semantic=98.83, Memory=95.32, Fusion=95.91
  Epoch 6: Semantic=99.75, Memory=95.32, Fusion=95.99 *** Best ***
  Epoch 9: Semantic=99.67, Memory=95.32, Fusion=96.24 *** Best ***
  Epoch 12: Semantic=99.29, Memory=95.32, Fusion=96.83 *** Best ***
  Epoch 15: Semantic=98.66, Memory=95.32, Fusion=97.24 *** Best ***
  Epoch 18: Semantic=98.50, Memory=95.32, Fusion=97.83 *** Best ***
  Epoch 21: Semantic=98.08, Memory=95.32, Fusion=97.99 *** Best ***
  Epoch 24: Semantic=98.50, Memory=95.32, Fusion=98.66 *** Best ***
  Epoch 27: Semantic=98.71, Memory=95.32, Fusion=98.83 *** Best ***
  Epoch 30: Semantic=99.25, Memory=95.32, Fusion=99.08 *** Best ***
  Epoch 33: Semantic=99.25, Memory=95.32, Fusion=99.16 *** Best ***
  Epoch 36: Semantic=99.08, Memory=95.32, Fusion=99.16
  Epoch 39: Semantic=99.25, Memory=95.32, Fusion=99.16
  Epoch 42: Semantic=99.16, Memory=95.32, Fusion=99.25 *** Best ***
  Epoch 45: Semantic=99.16, Memory=95.32, Fusion=99.16
  Epoch 48: Semantic=99.00, Memory=95.32, Fusion=99.08
  Epoch 51: Semantic=99.16, Memory=95.32, Fusion=99.08
  Epoch 54: Semantic=99.16, Memory=95.32, Fusion=99.25
  Epoch 57: Semantic=99.08, Memory=95.32, Fusion=99.08
  Epoch 60: Semantic=99.08, Memory=95.32, Fusion=99.25
  Epoch 63: Semantic=99.08, Memory=95.32, Fusion=99.25
  Epoch 66: Semantic=99.12, Memory=95.32, Fusion=99.25
  Epoch 69: Semantic=99.29, Memory=95.32, Fusion=99.42 *** Best ***
  Epoch 72: Semantic=99.29, Memory=95.32, Fusion=99.42
  Epoch 75: Semantic=99.21, Memory=95.32, Fusion=99.33
  Epoch 78: Semantic=99.37, Memory=95.32, Fusion=99.42
  Epoch 81: Semantic=99.33, Memory=95.32, Fusion=99.42
  Epoch 84: Semantic=99.33, Memory=95.32, Fusion=99.42
  Epoch 87: Semantic=99.29, Memory=95.32, Fusion=99.42
  Epoch 90: Semantic=99.42, Memory=95.32, Fusion=99.42
  Epoch 93: Semantic=99.37, Memory=95.32, Fusion=99.42
  Epoch 96: Semantic=99.37, Memory=95.32, Fusion=99.42
  Epoch 99: Semantic=99.42, Memory=95.32, Fusion=99.42
  Epoch 100: Semantic=99.33, Memory=95.32, Fusion=99.33
Object:grid =========================== Fusion-AUROC:99.42, Semantic:99.29, Memory:95.32


============================================================
[Prompt Configuration] Class: carpet
  - Mode: MAP+LAP (Baseline)
  - MAP prompts: 8
  - LAP prompts: 8 (generic anomaly templates)
============================================================


[PromptAD] Initializing with use_lap=True
  Epoch 3: Semantic=99.86, Memory=99.88, Fusion=99.92
  Epoch 6: Semantic=99.88, Memory=99.88, Fusion=99.92
  Epoch 9: Semantic=99.96, Memory=99.88, Fusion=100.00 *** Best ***
  Epoch 12: Semantic=100.00, Memory=99.88, Fusion=100.00
  Epoch 15: Semantic=99.96, Memory=99.88, Fusion=100.00
  Epoch 18: Semantic=100.00, Memory=99.88, Fusion=100.00
  Epoch 21: Semantic=99.96, Memory=99.88, Fusion=100.00
  Epoch 24: Semantic=99.96, Memory=99.88, Fusion=100.00
  Epoch 27: Semantic=99.96, Memory=99.88, Fusion=100.00
  Epoch 30: Semantic=99.96, Memory=99.88, Fusion=100.00
  Epoch 33: Semantic=99.96, Memory=99.88, Fusion=100.00
  Epoch 36: Semantic=99.96, Memory=99.88, Fusion=100.00
  Epoch 39: Semantic=99.96, Memory=99.88, Fusion=100.00
  Epoch 42: Semantic=99.96, Memory=99.88, Fusion=99.96
  Epoch 45: Semantic=99.92, Memory=99.88, Fusion=99.96
  Epoch 48: Semantic=99.92, Memory=99.88, Fusion=99.96
  Epoch 51: Semantic=99.92, Memory=99.88, Fusion=99.96
  Epoch 54: Semantic=99.92, Memory=99.88, Fusion=99.92
  Epoch 57: Semantic=99.92, Memory=99.88, Fusion=99.92
  Epoch 60: Semantic=99.92, Memory=99.88, Fusion=99.92
  Epoch 63: Semantic=99.92, Memory=99.88, Fusion=99.92
  Epoch 66: Semantic=99.92, Memory=99.88, Fusion=99.92
  Epoch 69: Semantic=99.92, Memory=99.88, Fusion=99.92
  Epoch 72: Semantic=99.92, Memory=99.88, Fusion=99.92
  Epoch 75: Semantic=99.92, Memory=99.88, Fusion=99.92
  Epoch 78: Semantic=99.92, Memory=99.88, Fusion=99.92
  Epoch 81: Semantic=99.90, Memory=99.88, Fusion=99.92
  Epoch 84: Semantic=99.92, Memory=99.88, Fusion=99.92
  Epoch 87: Semantic=99.92, Memory=99.88, Fusion=99.92
  Epoch 90: Semantic=99.92, Memory=99.88, Fusion=99.92
  Epoch 93: Semantic=99.92, Memory=99.88, Fusion=99.92
  Epoch 96: Semantic=99.88, Memory=99.88, Fusion=99.92
  Epoch 99: Semantic=99.88, Memory=99.88, Fusion=99.92
  Epoch 100: Semantic=99.92, Memory=99.88, Fusion=99.92
Object:carpet =========================== Fusion-AUROC:100.0, Semantic:99.96, Memory:99.88


============================================================
[Prompt Configuration] Class: leather
  - Mode: MAP+LAP (Baseline)
  - MAP prompts: 7
  - LAP prompts: 8 (generic anomaly templates)
============================================================


[PromptAD] Initializing with use_lap=True
  Epoch 3: Semantic=100.00, Memory=99.08, Fusion=99.29
  Epoch 6: Semantic=100.00, Memory=99.08, Fusion=99.46 *** Best ***
  Epoch 9: Semantic=100.00, Memory=99.08, Fusion=99.69 *** Best ***
  Epoch 12: Semantic=100.00, Memory=99.08, Fusion=99.80 *** Best ***
  Epoch 15: Semantic=100.00, Memory=99.08, Fusion=99.93 *** Best ***
  Epoch 18: Semantic=100.00, Memory=99.08, Fusion=99.97 *** Best ***
  Epoch 21: Semantic=100.00, Memory=99.08, Fusion=100.00 *** Best ***
  Epoch 24: Semantic=100.00, Memory=99.08, Fusion=100.00
  Epoch 27: Semantic=100.00, Memory=99.08, Fusion=100.00
  Epoch 30: Semantic=100.00, Memory=99.08, Fusion=100.00
  Epoch 33: Semantic=100.00, Memory=99.08, Fusion=100.00
  Epoch 36: Semantic=100.00, Memory=99.08, Fusion=100.00
  Epoch 39: Semantic=100.00, Memory=99.08, Fusion=100.00
  Epoch 42: Semantic=100.00, Memory=99.08, Fusion=100.00
  Epoch 45: Semantic=100.00, Memory=99.08, Fusion=100.00
  Epoch 48: Semantic=100.00, Memory=99.08, Fusion=100.00
  Epoch 51: Semantic=100.00, Memory=99.08, Fusion=100.00
  Epoch 54: Semantic=100.00, Memory=99.08, Fusion=100.00
  Epoch 57: Semantic=100.00, Memory=99.08, Fusion=100.00
  Epoch 60: Semantic=100.00, Memory=99.08, Fusion=100.00
  Epoch 63: Semantic=100.00, Memory=99.08, Fusion=100.00
  Epoch 66: Semantic=100.00, Memory=99.08, Fusion=100.00
  Epoch 69: Semantic=100.00, Memory=99.08, Fusion=100.00
  Epoch 72: Semantic=100.00, Memory=99.08, Fusion=100.00
  Epoch 75: Semantic=100.00, Memory=99.08, Fusion=100.00
  Epoch 78: Semantic=100.00, Memory=99.08, Fusion=100.00
  Epoch 81: Semantic=100.00, Memory=99.08, Fusion=100.00
  Epoch 84: Semantic=100.00, Memory=99.08, Fusion=100.00
  Epoch 87: Semantic=100.00, Memory=99.08, Fusion=100.00
  Epoch 90: Semantic=100.00, Memory=99.08, Fusion=100.00
  Epoch 93: Semantic=100.00, Memory=99.08, Fusion=100.00
  Epoch 96: Semantic=100.00, Memory=99.08, Fusion=100.00
  Epoch 99: Semantic=100.00, Memory=99.08, Fusion=100.00
  Epoch 100: Semantic=100.00, Memory=99.08, Fusion=100.00
Object:leather =========================== Fusion-AUROC:100.0, Semantic:100.0, Memory:99.08


============================================================
[Prompt Configuration] Class: tile
  - Mode: MAP+LAP (Baseline)
  - MAP prompts: 7
  - LAP prompts: 8 (generic anomaly templates)
============================================================


[PromptAD] Initializing with use_lap=True
  Epoch 3: Semantic=100.00, Memory=100.00, Fusion=100.00
  Epoch 6: Semantic=100.00, Memory=100.00, Fusion=100.00
  Epoch 9: Semantic=100.00, Memory=100.00, Fusion=100.00
  Epoch 12: Semantic=100.00, Memory=100.00, Fusion=100.00
  Epoch 15: Semantic=100.00, Memory=100.00, Fusion=100.00
  Epoch 18: Semantic=100.00, Memory=100.00, Fusion=100.00
  Epoch 21: Semantic=100.00, Memory=100.00, Fusion=100.00
  Epoch 24: Semantic=100.00, Memory=100.00, Fusion=100.00
  Epoch 27: Semantic=100.00, Memory=100.00, Fusion=100.00
  Epoch 30: Semantic=100.00, Memory=100.00, Fusion=100.00
  Epoch 33: Semantic=100.00, Memory=100.00, Fusion=100.00
  Epoch 36: Semantic=99.96, Memory=100.00, Fusion=100.00
  Epoch 39: Semantic=100.00, Memory=100.00, Fusion=100.00
  Epoch 42: Semantic=100.00, Memory=100.00, Fusion=100.00
  Epoch 45: Semantic=100.00, Memory=100.00, Fusion=100.00
  Epoch 48: Semantic=100.00, Memory=100.00, Fusion=100.00
  Epoch 51: Semantic=100.00, Memory=100.00, Fusion=100.00
  Epoch 54: Semantic=100.00, Memory=100.00, Fusion=100.00
  Epoch 57: Semantic=100.00, Memory=100.00, Fusion=100.00
  Epoch 60: Semantic=100.00, Memory=100.00, Fusion=100.00
  Epoch 63: Semantic=100.00, Memory=100.00, Fusion=100.00
  Epoch 66: Semantic=100.00, Memory=100.00, Fusion=100.00
  Epoch 69: Semantic=100.00, Memory=100.00, Fusion=100.00
  Epoch 72: Semantic=100.00, Memory=100.00, Fusion=100.00
  Epoch 75: Semantic=100.00, Memory=100.00, Fusion=100.00
  Epoch 78: Semantic=100.00, Memory=100.00, Fusion=100.00
  Epoch 81: Semantic=100.00, Memory=100.00, Fusion=100.00
  Epoch 84: Semantic=100.00, Memory=100.00, Fusion=100.00
  Epoch 87: Semantic=100.00, Memory=100.00, Fusion=100.00
  Epoch 90: Semantic=100.00, Memory=100.00, Fusion=100.00
  Epoch 93: Semantic=100.00, Memory=100.00, Fusion=100.00
  Epoch 96: Semantic=100.00, Memory=100.00, Fusion=100.00
  Epoch 99: Semantic=100.00, Memory=100.00, Fusion=100.00
  Epoch 100: Semantic=100.00, Memory=100.00, Fusion=100.00
Object:tile =========================== Fusion-AUROC:100.0, Semantic:100.0, Memory:100.0


============================================================
[Prompt Configuration] Class: wood
  - Mode: MAP+LAP (Baseline)
  - MAP prompts: 6
  - LAP prompts: 8 (generic anomaly templates)
============================================================


[PromptAD] Initializing with use_lap=True
  Epoch 3: Semantic=96.89, Memory=98.42, Fusion=98.60
  Epoch 6: Semantic=98.51, Memory=98.42, Fusion=98.60
  Epoch 9: Semantic=97.98, Memory=98.42, Fusion=98.60
  Epoch 12: Semantic=97.41, Memory=98.42, Fusion=98.77 *** Best ***
  Epoch 15: Semantic=97.41, Memory=98.42, Fusion=98.77 *** Best ***
  Epoch 18: Semantic=98.20, Memory=98.42, Fusion=99.04 *** Best ***
  Epoch 21: Semantic=97.98, Memory=98.42, Fusion=98.86
  Epoch 24: Semantic=97.85, Memory=98.42, Fusion=98.86
  Epoch 27: Semantic=97.76, Memory=98.42, Fusion=98.68
  Epoch 30: Semantic=97.81, Memory=98.42, Fusion=98.42
  Epoch 33: Semantic=97.46, Memory=98.42, Fusion=97.98
  Epoch 36: Semantic=97.72, Memory=98.42, Fusion=98.07
  Epoch 39: Semantic=97.37, Memory=98.42, Fusion=97.37
  Epoch 42: Semantic=97.02, Memory=98.42, Fusion=97.46
  Epoch 45: Semantic=97.11, Memory=98.42, Fusion=97.28
  Epoch 48: Semantic=97.28, Memory=98.42, Fusion=97.72
  Epoch 51: Semantic=97.24, Memory=98.42, Fusion=97.46
  Epoch 54: Semantic=97.15, Memory=98.42, Fusion=97.37
  Epoch 57: Semantic=97.11, Memory=98.42, Fusion=97.37
  Epoch 60: Semantic=97.46, Memory=98.42, Fusion=97.54
  Epoch 63: Semantic=97.15, Memory=98.42, Fusion=97.46
  Epoch 66: Semantic=97.24, Memory=98.42, Fusion=97.54
  Epoch 69: Semantic=97.19, Memory=98.42, Fusion=97.46
  Epoch 72: Semantic=97.11, Memory=98.42, Fusion=97.37
  Epoch 75: Semantic=97.11, Memory=98.42, Fusion=97.54
  Epoch 78: Semantic=97.19, Memory=98.42, Fusion=97.54
  Epoch 81: Semantic=97.11, Memory=98.42, Fusion=97.46
  Epoch 84: Semantic=97.11, Memory=98.42, Fusion=97.28
  Epoch 87: Semantic=97.02, Memory=98.42, Fusion=97.37
  Epoch 90: Semantic=97.06, Memory=98.42, Fusion=97.37
  Epoch 93: Semantic=97.11, Memory=98.42, Fusion=97.28
  Epoch 96: Semantic=97.11, Memory=98.42, Fusion=97.28
  Epoch 99: Semantic=97.11, Memory=98.42, Fusion=97.28
  Epoch 100: Semantic=97.11, Memory=98.42, Fusion=97.28
Object:wood =========================== Fusion-AUROC:99.04, Semantic:98.2, Memory:98.42


============================================================
[Prompt Configuration] Class: bottle
  - Mode: MAP+LAP (Baseline)
  - MAP prompts: 5
  - LAP prompts: 8 (generic anomaly templates)
============================================================


[PromptAD] Initializing with use_lap=True
  Epoch 3: Semantic=97.38, Memory=99.68, Fusion=99.68
  Epoch 6: Semantic=95.00, Memory=99.68, Fusion=99.60
  Epoch 9: Semantic=92.66, Memory=99.68, Fusion=99.60
  Epoch 12: Semantic=95.56, Memory=99.68, Fusion=99.60
  Epoch 15: Semantic=94.92, Memory=99.68, Fusion=99.60
  Epoch 18: Semantic=95.40, Memory=99.68, Fusion=99.52
  Epoch 21: Semantic=95.79, Memory=99.68, Fusion=99.37
  Epoch 24: Semantic=96.67, Memory=99.68, Fusion=99.29
  Epoch 27: Semantic=97.54, Memory=99.68, Fusion=99.52
  Epoch 30: Semantic=97.98, Memory=99.68, Fusion=99.37
  Epoch 33: Semantic=98.21, Memory=99.68, Fusion=99.37
  Epoch 36: Semantic=98.25, Memory=99.68, Fusion=99.37
  Epoch 39: Semantic=98.37, Memory=99.68, Fusion=99.21
  Epoch 42: Semantic=98.41, Memory=99.68, Fusion=99.13
  Epoch 45: Semantic=98.49, Memory=99.68, Fusion=99.13
  Epoch 48: Semantic=98.61, Memory=99.68, Fusion=99.05
  Epoch 51: Semantic=98.65, Memory=99.68, Fusion=99.13
  Epoch 54: Semantic=98.69, Memory=99.68, Fusion=99.13
  Epoch 57: Semantic=98.57, Memory=99.68, Fusion=98.97
  Epoch 60: Semantic=98.65, Memory=99.68, Fusion=98.97
  Epoch 63: Semantic=98.57, Memory=99.68, Fusion=99.05
  Epoch 66: Semantic=98.73, Memory=99.68, Fusion=99.05
  Epoch 69: Semantic=98.69, Memory=99.68, Fusion=99.05
  Epoch 72: Semantic=98.77, Memory=99.68, Fusion=99.05
  Epoch 75: Semantic=98.77, Memory=99.68, Fusion=99.05
  Epoch 78: Semantic=98.81, Memory=99.68, Fusion=99.05
  Epoch 81: Semantic=98.81, Memory=99.68, Fusion=99.05
  Epoch 84: Semantic=98.77, Memory=99.68, Fusion=98.97
  Epoch 87: Semantic=98.81, Memory=99.68, Fusion=99.05
  Epoch 90: Semantic=98.77, Memory=99.68, Fusion=98.97
  Epoch 93: Semantic=98.77, Memory=99.68, Fusion=98.97
  Epoch 96: Semantic=98.81, Memory=99.68, Fusion=98.97
  Epoch 99: Semantic=98.77, Memory=99.68, Fusion=98.97
  Epoch 100: Semantic=98.77, Memory=99.68, Fusion=98.97
Object:bottle =========================== Fusion-AUROC:99.68, Semantic:97.38, Memory:99.68


============================================================
[Prompt Configuration] Class: capsule
  - Mode: MAP+LAP (Baseline)
  - MAP prompts: 7
  - LAP prompts: 8 (generic anomaly templates)
============================================================


[PromptAD] Initializing with use_lap=True
  Epoch 3: Semantic=88.53, Memory=84.16, Fusion=84.56
  Epoch 6: Semantic=88.07, Memory=84.16, Fusion=84.88 *** Best ***
  Epoch 9: Semantic=91.86, Memory=84.16, Fusion=85.00 *** Best ***
  Epoch 12: Semantic=92.46, Memory=84.16, Fusion=85.52 *** Best ***
  Epoch 15: Semantic=92.38, Memory=84.16, Fusion=86.28 *** Best ***
  Epoch 18: Semantic=91.78, Memory=84.16, Fusion=87.51 *** Best ***
  Epoch 21: Semantic=90.95, Memory=84.16, Fusion=89.87 *** Best ***
  Epoch 24: Semantic=91.14, Memory=84.16, Fusion=91.50 *** Best ***
  Epoch 27: Semantic=92.18, Memory=84.16, Fusion=92.42 *** Best ***
  Epoch 30: Semantic=92.76, Memory=84.16, Fusion=92.74 *** Best ***
  Epoch 33: Semantic=92.52, Memory=84.16, Fusion=92.94 *** Best ***
  Epoch 36: Semantic=91.46, Memory=84.16, Fusion=92.98 *** Best ***
  Epoch 39: Semantic=91.42, Memory=84.16, Fusion=93.62 *** Best ***
  Epoch 42: Semantic=91.50, Memory=84.16, Fusion=93.66 *** Best ***
  Epoch 45: Semantic=90.21, Memory=84.16, Fusion=92.62
  Epoch 48: Semantic=90.73, Memory=84.16, Fusion=93.06
  Epoch 51: Semantic=89.35, Memory=84.16, Fusion=92.50
  Epoch 54: Semantic=89.51, Memory=84.16, Fusion=92.22
  Epoch 57: Semantic=89.47, Memory=84.16, Fusion=91.98
  Epoch 60: Semantic=89.07, Memory=84.16, Fusion=91.54
  Epoch 63: Semantic=88.71, Memory=84.16, Fusion=91.34
  Epoch 66: Semantic=88.91, Memory=84.16, Fusion=91.30
  Epoch 69: Semantic=88.67, Memory=84.16, Fusion=90.87
  Epoch 72: Semantic=88.57, Memory=84.16, Fusion=90.59
  Epoch 75: Semantic=88.49, Memory=84.16, Fusion=90.43
  Epoch 78: Semantic=88.45, Memory=84.16, Fusion=90.51
  Epoch 81: Semantic=88.33, Memory=84.16, Fusion=90.39
  Epoch 84: Semantic=88.37, Memory=84.16, Fusion=90.35
  Epoch 87: Semantic=88.31, Memory=84.16, Fusion=90.23
  Epoch 90: Semantic=88.29, Memory=84.16, Fusion=90.27
  Epoch 93: Semantic=88.25, Memory=84.16, Fusion=90.23
  Epoch 96: Semantic=88.25, Memory=84.16, Fusion=90.23
  Epoch 99: Semantic=88.29, Memory=84.16, Fusion=90.19
  Epoch 100: Semantic=88.35, Memory=84.16, Fusion=90.27
Object:capsule =========================== Fusion-AUROC:93.66, Semantic:91.5, Memory:84.16


============================================================
[Prompt Configuration] Class: cable
  - Mode: MAP+LAP (Baseline)
  - MAP prompts: 5
  - LAP prompts: 8 (generic anomaly templates)
============================================================


[PromptAD] Initializing with use_lap=True
  Epoch 3: Semantic=80.26, Memory=95.43, Fusion=95.50
  Epoch 6: Semantic=84.33, Memory=95.43, Fusion=95.76 *** Best ***
  Epoch 9: Semantic=87.73, Memory=95.43, Fusion=96.21 *** Best ***
  Epoch 12: Semantic=87.01, Memory=95.43, Fusion=96.85 *** Best ***
  Epoch 15: Semantic=87.05, Memory=95.43, Fusion=97.13 *** Best ***
  Epoch 18: Semantic=88.75, Memory=95.43, Fusion=97.54 *** Best ***
  Epoch 21: Semantic=89.30, Memory=95.43, Fusion=97.68 *** Best ***
  Epoch 24: Semantic=89.15, Memory=95.43, Fusion=96.27
  Epoch 27: Semantic=88.69, Memory=95.43, Fusion=93.55
  Epoch 30: Semantic=90.10, Memory=95.43, Fusion=93.35
  Epoch 33: Semantic=90.26, Memory=95.43, Fusion=92.73
  Epoch 36: Semantic=89.50, Memory=95.43, Fusion=91.64
  Epoch 39: Semantic=89.51, Memory=95.43, Fusion=90.93
  Epoch 42: Semantic=89.15, Memory=95.43, Fusion=90.42
  Epoch 45: Semantic=88.94, Memory=95.43, Fusion=90.24
  Epoch 48: Semantic=88.86, Memory=95.43, Fusion=89.99
  Epoch 51: Semantic=89.25, Memory=95.43, Fusion=89.96
  Epoch 54: Semantic=88.95, Memory=95.43, Fusion=89.66
  Epoch 57: Semantic=89.02, Memory=95.43, Fusion=89.75
  Epoch 60: Semantic=89.11, Memory=95.43, Fusion=89.84
  Epoch 63: Semantic=89.13, Memory=95.43, Fusion=89.75
  Epoch 66: Semantic=89.07, Memory=95.43, Fusion=89.69
  Epoch 69: Semantic=89.07, Memory=95.43, Fusion=89.58
  Epoch 72: Semantic=89.07, Memory=95.43, Fusion=89.52
  Epoch 75: Semantic=89.03, Memory=95.43, Fusion=89.45
  Epoch 78: Semantic=88.94, Memory=95.43, Fusion=89.39
  Epoch 81: Semantic=88.81, Memory=95.43, Fusion=89.28
  Epoch 84: Semantic=88.87, Memory=95.43, Fusion=89.32
  Epoch 87: Semantic=88.80, Memory=95.43, Fusion=89.28
  Epoch 90: Semantic=88.88, Memory=95.43, Fusion=89.30
  Epoch 93: Semantic=88.73, Memory=95.43, Fusion=89.24
  Epoch 96: Semantic=88.77, Memory=95.43, Fusion=89.22
  Epoch 99: Semantic=88.68, Memory=95.43, Fusion=89.19
  Epoch 100: Semantic=88.72, Memory=95.43, Fusion=89.15
Object:cable =========================== Fusion-AUROC:97.68, Semantic:89.3, Memory:95.43


============================================================
[Prompt Configuration] Class: metal nut
  - Mode: MAP+LAP (Baseline)
  - MAP prompts: 4
  - LAP prompts: 8 (generic anomaly templates)
============================================================


[PromptAD] Initializing with use_lap=True
  Epoch 3: Semantic=93.11, Memory=100.00, Fusion=100.00
  Epoch 6: Semantic=87.78, Memory=100.00, Fusion=100.00
  Epoch 9: Semantic=88.44, Memory=100.00, Fusion=100.00
  Epoch 12: Semantic=88.78, Memory=100.00, Fusion=100.00
  Epoch 15: Semantic=92.13, Memory=100.00, Fusion=100.00
  Epoch 18: Semantic=94.65, Memory=100.00, Fusion=100.00
  Epoch 21: Semantic=94.04, Memory=100.00, Fusion=99.95
  Epoch 24: Semantic=94.53, Memory=100.00, Fusion=99.61
  Epoch 27: Semantic=92.33, Memory=100.00, Fusion=98.73
  Epoch 30: Semantic=92.47, Memory=100.00, Fusion=97.75
  Epoch 33: Semantic=92.42, Memory=100.00, Fusion=96.77
  Epoch 36: Semantic=91.72, Memory=100.00, Fusion=95.50
  Epoch 39: Semantic=91.06, Memory=100.00, Fusion=94.28
  Epoch 42: Semantic=90.66, Memory=100.00, Fusion=93.35
  Epoch 45: Semantic=91.18, Memory=100.00, Fusion=93.21
  Epoch 48: Semantic=91.01, Memory=100.00, Fusion=92.52
  Epoch 51: Semantic=90.76, Memory=100.00, Fusion=92.23
  Epoch 54: Semantic=91.06, Memory=100.00, Fusion=92.28
  Epoch 57: Semantic=91.13, Memory=100.00, Fusion=92.13
  Epoch 60: Semantic=91.40, Memory=100.00, Fusion=92.18
  Epoch 63: Semantic=91.45, Memory=100.00, Fusion=92.33
  Epoch 66: Semantic=91.50, Memory=100.00, Fusion=92.23
  Epoch 69: Semantic=91.25, Memory=100.00, Fusion=92.08
  Epoch 72: Semantic=91.20, Memory=100.00, Fusion=91.89
  Epoch 75: Semantic=91.15, Memory=100.00, Fusion=91.84
  Epoch 78: Semantic=91.15, Memory=100.00, Fusion=91.74
  Epoch 81: Semantic=91.10, Memory=100.00, Fusion=91.74
  Epoch 84: Semantic=91.10, Memory=100.00, Fusion=91.69
  Epoch 87: Semantic=91.03, Memory=100.00, Fusion=91.69
  Epoch 90: Semantic=91.06, Memory=100.00, Fusion=91.79
  Epoch 93: Semantic=91.13, Memory=100.00, Fusion=91.74
  Epoch 96: Semantic=91.08, Memory=100.00, Fusion=91.74
  Epoch 99: Semantic=90.96, Memory=100.00, Fusion=91.74
  Epoch 100: Semantic=91.06, Memory=100.00, Fusion=91.69
Object:metal_nut =========================== Fusion-AUROC:100.0, Semantic:93.11, Memory:100.0


============================================================
[Prompt Configuration] Class: hazelnut
  - Mode: MAP+LAP (Baseline)
  - MAP prompts: 6
  - LAP prompts: 8 (generic anomaly templates)
============================================================


[PromptAD] Initializing with use_lap=True
  Epoch 3: Semantic=92.79, Memory=100.00, Fusion=100.00
  Epoch 6: Semantic=91.80, Memory=100.00, Fusion=99.96
  Epoch 9: Semantic=92.55, Memory=100.00, Fusion=100.00
  Epoch 12: Semantic=91.93, Memory=100.00, Fusion=100.00
  Epoch 15: Semantic=90.16, Memory=100.00, Fusion=99.96
  Epoch 18: Semantic=85.77, Memory=100.00, Fusion=99.71
  Epoch 21: Semantic=86.23, Memory=100.00, Fusion=99.18
  Epoch 24: Semantic=86.70, Memory=100.00, Fusion=97.64
  Epoch 27: Semantic=86.71, Memory=100.00, Fusion=95.93
  Epoch 30: Semantic=86.68, Memory=100.00, Fusion=93.71
  Epoch 33: Semantic=86.43, Memory=100.00, Fusion=91.61
  Epoch 36: Semantic=87.20, Memory=100.00, Fusion=90.82
  Epoch 39: Semantic=87.04, Memory=100.00, Fusion=89.64
  Epoch 42: Semantic=86.91, Memory=100.00, Fusion=88.86
  Epoch 45: Semantic=86.86, Memory=100.00, Fusion=88.39
  Epoch 48: Semantic=86.88, Memory=100.00, Fusion=88.04
  Epoch 51: Semantic=86.95, Memory=100.00, Fusion=87.82
  Epoch 54: Semantic=87.18, Memory=100.00, Fusion=87.82
  Epoch 57: Semantic=87.20, Memory=100.00, Fusion=87.61
  Epoch 60: Semantic=87.18, Memory=100.00, Fusion=87.71
  Epoch 63: Semantic=87.05, Memory=100.00, Fusion=87.71
  Epoch 66: Semantic=87.14, Memory=100.00, Fusion=87.68
  Epoch 69: Semantic=87.09, Memory=100.00, Fusion=87.54
  Epoch 72: Semantic=87.09, Memory=100.00, Fusion=87.68
  Epoch 75: Semantic=87.12, Memory=100.00, Fusion=87.68
  Epoch 78: Semantic=87.09, Memory=100.00, Fusion=87.71
  Epoch 81: Semantic=87.00, Memory=100.00, Fusion=87.57
  Epoch 84: Semantic=87.04, Memory=100.00, Fusion=87.68
  Epoch 87: Semantic=87.00, Memory=100.00, Fusion=87.71
  Epoch 90: Semantic=87.07, Memory=100.00, Fusion=87.57
  Epoch 93: Semantic=87.04, Memory=100.00, Fusion=87.64
  Epoch 96: Semantic=87.00, Memory=100.00, Fusion=87.64
  Epoch 99: Semantic=86.96, Memory=100.00, Fusion=87.64
  Epoch 100: Semantic=87.04, Memory=100.00, Fusion=87.64
Object:hazelnut =========================== Fusion-AUROC:100.0, Semantic:92.79, Memory:100.0


============================================================
[Prompt Configuration] Class: pill
  - Mode: MAP+LAP (Baseline)
  - MAP prompts: 7
  - LAP prompts: 8 (generic anomaly templates)
============================================================


[PromptAD] Initializing with use_lap=True
  Epoch 3: Semantic=83.63, Memory=94.79, Fusion=95.01
  Epoch 6: Semantic=85.99, Memory=94.79, Fusion=95.20 *** Best ***
  Epoch 9: Semantic=87.36, Memory=94.79, Fusion=95.14
  Epoch 12: Semantic=89.31, Memory=94.79, Fusion=95.23 *** Best ***
  Epoch 15: Semantic=89.69, Memory=94.79, Fusion=95.39 *** Best ***
  Epoch 18: Semantic=89.17, Memory=94.79, Fusion=95.34
  Epoch 21: Semantic=88.99, Memory=94.79, Fusion=95.42 *** Best ***
  Epoch 24: Semantic=88.53, Memory=94.79, Fusion=95.55 *** Best ***
  Epoch 27: Semantic=88.11, Memory=94.79, Fusion=95.53
  Epoch 30: Semantic=88.52, Memory=94.79, Fusion=95.58 *** Best ***
  Epoch 33: Semantic=88.56, Memory=94.79, Fusion=95.06
  Epoch 36: Semantic=87.47, Memory=94.79, Fusion=94.71
  Epoch 39: Semantic=87.32, Memory=94.79, Fusion=93.84
  Epoch 42: Semantic=87.73, Memory=94.79, Fusion=93.59
  Epoch 45: Semantic=86.74, Memory=94.79, Fusion=92.47
  Epoch 48: Semantic=86.88, Memory=94.79, Fusion=91.90
  Epoch 51: Semantic=86.99, Memory=94.79, Fusion=91.35
  Epoch 54: Semantic=86.39, Memory=94.79, Fusion=90.32
  Epoch 57: Semantic=86.25, Memory=94.79, Fusion=90.15
  Epoch 60: Semantic=86.21, Memory=94.79, Fusion=90.02
  Epoch 63: Semantic=86.27, Memory=94.79, Fusion=89.44
  Epoch 66: Semantic=86.27, Memory=94.79, Fusion=89.53
  Epoch 69: Semantic=86.06, Memory=94.79, Fusion=89.14
  Epoch 72: Semantic=86.06, Memory=94.79, Fusion=89.06
  Epoch 75: Semantic=86.03, Memory=94.79, Fusion=88.90
  Epoch 78: Semantic=86.18, Memory=94.79, Fusion=88.95
  Epoch 81: Semantic=86.03, Memory=94.79, Fusion=88.95
  Epoch 84: Semantic=85.98, Memory=94.79, Fusion=88.87
  Epoch 87: Semantic=85.88, Memory=94.79, Fusion=88.68
  Epoch 90: Semantic=86.05, Memory=94.79, Fusion=88.79
  Epoch 93: Semantic=85.88, Memory=94.79, Fusion=88.73
  Epoch 96: Semantic=85.99, Memory=94.79, Fusion=88.71
  Epoch 99: Semantic=85.88, Memory=94.79, Fusion=88.63
  Epoch 100: Semantic=85.92, Memory=94.79, Fusion=88.63
Object:pill =========================== Fusion-AUROC:95.58, Semantic:88.52, Memory:94.79


============================================================
[Prompt Configuration] Class: screw
  - Mode: MAP+LAP (Baseline)
  - MAP prompts: 5
  - LAP prompts: 8 (generic anomaly templates)
============================================================


[PromptAD] Initializing with use_lap=True
  Epoch 3: Semantic=66.18, Memory=66.20, Fusion=66.82
  Epoch 6: Semantic=64.75, Memory=66.20, Fusion=67.02 *** Best ***
  Epoch 9: Semantic=59.90, Memory=66.20, Fusion=67.06 *** Best ***
  Epoch 12: Semantic=59.50, Memory=66.20, Fusion=66.90
  Epoch 15: Semantic=59.12, Memory=66.20, Fusion=65.34
  Epoch 18: Semantic=58.60, Memory=66.20, Fusion=62.45
  Epoch 21: Semantic=54.46, Memory=66.20, Fusion=58.97
  Epoch 24: Semantic=54.49, Memory=66.20, Fusion=57.80
  Epoch 27: Semantic=55.75, Memory=66.20, Fusion=58.09
  Epoch 30: Semantic=55.46, Memory=66.20, Fusion=57.08
  Epoch 33: Semantic=54.72, Memory=66.20, Fusion=55.79
  Epoch 36: Semantic=54.32, Memory=66.20, Fusion=55.28
  Epoch 39: Semantic=54.82, Memory=66.20, Fusion=55.52
  Epoch 42: Semantic=54.58, Memory=66.20, Fusion=55.40
  Epoch 45: Semantic=54.15, Memory=66.20, Fusion=54.68
  Epoch 48: Semantic=54.29, Memory=66.20, Fusion=54.66
  Epoch 51: Semantic=54.36, Memory=66.20, Fusion=54.97
  Epoch 54: Semantic=54.64, Memory=66.20, Fusion=55.22
  Epoch 57: Semantic=54.89, Memory=66.20, Fusion=55.38
  Epoch 60: Semantic=54.96, Memory=66.20, Fusion=55.22
  Epoch 63: Semantic=54.94, Memory=66.20, Fusion=55.34
  Epoch 66: Semantic=54.98, Memory=66.20, Fusion=55.34
  Epoch 69: Semantic=54.93, Memory=66.20, Fusion=55.36
  Epoch 72: Semantic=55.03, Memory=66.20, Fusion=55.36
  Epoch 75: Semantic=55.21, Memory=66.20, Fusion=55.56
  Epoch 78: Semantic=55.36, Memory=66.20, Fusion=55.65
  Epoch 81: Semantic=55.22, Memory=66.20, Fusion=55.61
  Epoch 84: Semantic=55.18, Memory=66.20, Fusion=55.61
  Epoch 87: Semantic=55.19, Memory=66.20, Fusion=55.63
  Epoch 90: Semantic=55.13, Memory=66.20, Fusion=55.52
  Epoch 93: Semantic=55.27, Memory=66.20, Fusion=55.67
  Epoch 96: Semantic=55.28, Memory=66.20, Fusion=55.65
  Epoch 99: Semantic=55.26, Memory=66.20, Fusion=55.63
  Epoch 100: Semantic=55.33, Memory=66.20, Fusion=55.73
Object:screw =========================== Fusion-AUROC:67.06, Semantic:59.9, Memory:66.2


============================================================
[Prompt Configuration] Class: toothbrush
  - Mode: MAP+LAP (Baseline)
  - MAP prompts: 4
  - LAP prompts: 8 (generic anomaly templates)
============================================================


[PromptAD] Initializing with use_lap=True
  Epoch 3: Semantic=76.81, Memory=97.22, Fusion=97.22
  Epoch 6: Semantic=78.89, Memory=97.22, Fusion=97.22
  Epoch 9: Semantic=76.53, Memory=97.22, Fusion=97.22
  Epoch 12: Semantic=80.97, Memory=97.22, Fusion=97.22
  Epoch 15: Semantic=84.17, Memory=97.22, Fusion=97.22
  Epoch 18: Semantic=86.94, Memory=97.22, Fusion=97.50 *** Best ***
  Epoch 21: Semantic=87.36, Memory=97.22, Fusion=97.22
  Epoch 24: Semantic=86.94, Memory=97.22, Fusion=96.67
  Epoch 27: Semantic=83.47, Memory=97.22, Fusion=95.56
  Epoch 30: Semantic=86.39, Memory=97.22, Fusion=95.00
  Epoch 33: Semantic=83.89, Memory=97.22, Fusion=92.78
  Epoch 36: Semantic=85.56, Memory=97.22, Fusion=90.56
  Epoch 39: Semantic=85.83, Memory=97.22, Fusion=90.56
  Epoch 42: Semantic=85.56, Memory=97.22, Fusion=90.28
  Epoch 45: Semantic=86.25, Memory=97.22, Fusion=89.44
  Epoch 48: Semantic=86.39, Memory=97.22, Fusion=88.89
  Epoch 51: Semantic=87.22, Memory=97.22, Fusion=88.89
  Epoch 54: Semantic=88.61, Memory=97.22, Fusion=89.72
  Epoch 57: Semantic=88.89, Memory=97.22, Fusion=89.72
  Epoch 60: Semantic=88.89, Memory=97.22, Fusion=89.72
  Epoch 63: Semantic=89.72, Memory=97.22, Fusion=90.00
  Epoch 66: Semantic=89.58, Memory=97.22, Fusion=90.00
  Epoch 69: Semantic=90.00, Memory=97.22, Fusion=90.00
  Epoch 72: Semantic=89.72, Memory=97.22, Fusion=90.00
  Epoch 75: Semantic=89.72, Memory=97.22, Fusion=90.28
  Epoch 78: Semantic=89.72, Memory=97.22, Fusion=90.00
  Epoch 81: Semantic=89.72, Memory=97.22, Fusion=90.00
  Epoch 84: Semantic=89.72, Memory=97.22, Fusion=90.00
  Epoch 87: Semantic=89.72, Memory=97.22, Fusion=90.28
  Epoch 90: Semantic=89.72, Memory=97.22, Fusion=90.28
  Epoch 93: Semantic=89.72, Memory=97.22, Fusion=90.28
  Epoch 96: Semantic=89.72, Memory=97.22, Fusion=90.28
  Epoch 99: Semantic=89.72, Memory=97.22, Fusion=90.28
  Epoch 100: Semantic=89.72, Memory=97.22, Fusion=90.28
Object:toothbrush =========================== Fusion-AUROC:97.5, Semantic:86.94, Memory:97.22


============================================================
[Prompt Configuration] Class: transistor
  - Mode: MAP+LAP (Baseline)
  - MAP prompts: 4
  - LAP prompts: 8 (generic anomaly templates)
============================================================


[PromptAD] Initializing with use_lap=True
  Epoch 3: Semantic=84.46, Memory=87.54, Fusion=88.13
  Epoch 6: Semantic=88.56, Memory=87.54, Fusion=88.29 *** Best ***
  Epoch 9: Semantic=90.31, Memory=87.54, Fusion=88.50 *** Best ***
  Epoch 12: Semantic=91.73, Memory=87.54, Fusion=89.17 *** Best ***
  Epoch 15: Semantic=92.65, Memory=87.54, Fusion=89.83 *** Best ***
  Epoch 18: Semantic=92.92, Memory=87.54, Fusion=91.12 *** Best ***
  Epoch 21: Semantic=92.40, Memory=87.54, Fusion=91.67 *** Best ***
  Epoch 24: Semantic=91.90, Memory=87.54, Fusion=92.29 *** Best ***
  Epoch 27: Semantic=91.38, Memory=87.54, Fusion=93.25 *** Best ***
  Epoch 30: Semantic=91.04, Memory=87.54, Fusion=93.75 *** Best ***
  Epoch 33: Semantic=90.69, Memory=87.54, Fusion=94.29 *** Best ***
  Epoch 36: Semantic=91.04, Memory=87.54, Fusion=94.50 *** Best ***
  Epoch 39: Semantic=90.94, Memory=87.54, Fusion=94.42
  Epoch 42: Semantic=91.08, Memory=87.54, Fusion=94.00
  Epoch 45: Semantic=91.21, Memory=87.54, Fusion=93.58
  Epoch 48: Semantic=91.04, Memory=87.54, Fusion=93.25
  Epoch 51: Semantic=91.17, Memory=87.54, Fusion=93.29
  Epoch 54: Semantic=91.19, Memory=87.54, Fusion=93.25
  Epoch 57: Semantic=91.08, Memory=87.54, Fusion=92.88
  Epoch 60: Semantic=91.06, Memory=87.54, Fusion=92.83
  Epoch 63: Semantic=91.15, Memory=87.54, Fusion=92.71
  Epoch 66: Semantic=91.23, Memory=87.54, Fusion=92.58
  Epoch 69: Semantic=91.21, Memory=87.54, Fusion=92.62
  Epoch 72: Semantic=91.25, Memory=87.54, Fusion=92.58
  Epoch 75: Semantic=91.29, Memory=87.54, Fusion=92.50
  Epoch 78: Semantic=91.29, Memory=87.54, Fusion=92.42
  Epoch 81: Semantic=91.25, Memory=87.54, Fusion=92.29
  Epoch 84: Semantic=91.29, Memory=87.54, Fusion=92.29
  Epoch 87: Semantic=91.23, Memory=87.54, Fusion=92.29
  Epoch 90: Semantic=91.29, Memory=87.54, Fusion=92.33
  Epoch 93: Semantic=91.21, Memory=87.54, Fusion=92.25
  Epoch 96: Semantic=91.21, Memory=87.54, Fusion=92.29
  Epoch 99: Semantic=91.25, Memory=87.54, Fusion=92.29
  Epoch 100: Semantic=91.17, Memory=87.54, Fusion=92.29
Object:transistor =========================== Fusion-AUROC:94.5, Semantic:91.04, Memory:87.54


============================================================
[Prompt Configuration] Class: zipper
  - Mode: MAP+LAP (Baseline)
  - MAP prompts: 8
  - LAP prompts: 8 (generic anomaly templates)
============================================================


[PromptAD] Initializing with use_lap=True
  Epoch 3: Semantic=78.76, Memory=91.89, Fusion=91.94
  Epoch 6: Semantic=87.26, Memory=91.89, Fusion=92.12 *** Best ***
  Epoch 9: Semantic=88.34, Memory=91.89, Fusion=92.23 *** Best ***
  Epoch 12: Semantic=89.98, Memory=91.89, Fusion=92.65 *** Best ***
  Epoch 15: Semantic=93.97, Memory=91.89, Fusion=93.54 *** Best ***
  Epoch 18: Semantic=93.87, Memory=91.89, Fusion=94.33 *** Best ***
  Epoch 21: Semantic=97.18, Memory=91.89, Fusion=96.64 *** Best ***
  Epoch 24: Semantic=97.24, Memory=91.89, Fusion=97.77 *** Best ***
  Epoch 27: Semantic=97.28, Memory=91.89, Fusion=97.87 *** Best ***
  Epoch 30: Semantic=97.40, Memory=91.89, Fusion=97.90 *** Best ***
  Epoch 33: Semantic=97.20, Memory=91.89, Fusion=97.74
  Epoch 36: Semantic=96.95, Memory=91.89, Fusion=97.53
  Epoch 39: Semantic=97.01, Memory=91.89, Fusion=97.51
  Epoch 42: Semantic=97.07, Memory=91.89, Fusion=97.43
  Epoch 45: Semantic=97.27, Memory=91.89, Fusion=97.56
  Epoch 48: Semantic=97.22, Memory=91.89, Fusion=97.51
  Epoch 51: Semantic=97.26, Memory=91.89, Fusion=97.43
  Epoch 54: Semantic=97.22, Memory=91.89, Fusion=97.51
  Epoch 57: Semantic=97.26, Memory=91.89, Fusion=97.48
  Epoch 60: Semantic=97.16, Memory=91.89, Fusion=97.43
  Epoch 63: Semantic=97.14, Memory=91.89, Fusion=97.37
  Epoch 66: Semantic=97.09, Memory=91.89, Fusion=97.35
  Epoch 69: Semantic=97.06, Memory=91.89, Fusion=97.35
  Epoch 72: Semantic=97.11, Memory=91.89, Fusion=97.35
  Epoch 75: Semantic=97.07, Memory=91.89, Fusion=97.32
  Epoch 78: Semantic=97.05, Memory=91.89, Fusion=97.24
  Epoch 81: Semantic=97.05, Memory=91.89, Fusion=97.32
  Epoch 84: Semantic=97.07, Memory=91.89, Fusion=97.30
  Epoch 87: Semantic=96.99, Memory=91.89, Fusion=97.32
  Epoch 90: Semantic=97.02, Memory=91.89, Fusion=97.30
  Epoch 93: Semantic=97.06, Memory=91.89, Fusion=97.30
  Epoch 96: Semantic=96.99, Memory=91.89, Fusion=97.27
  Epoch 99: Semantic=97.03, Memory=91.89, Fusion=97.30
  Epoch 100: Semantic=97.02, Memory=91.89, Fusion=97.27
Object:zipper =========================== Fusion-AUROC:97.9, Semantic:97.4, Memory:91.89


============================================================
[Prompt Configuration] Class: capsules
  - Mode: MAP+LAP (Baseline)
  - MAP prompts: 7
  - LAP prompts: 8 (generic anomaly templates)
============================================================


[PromptAD] Initializing with use_lap=True
  Epoch 3: Semantic=58.36, Memory=70.26, Fusion=70.13
  Epoch 6: Semantic=56.77, Memory=70.26, Fusion=70.17 *** Best ***
  Epoch 9: Semantic=55.55, Memory=70.26, Fusion=69.98
  Epoch 12: Semantic=61.55, Memory=70.26, Fusion=70.34 *** Best ***
  Epoch 15: Semantic=56.37, Memory=70.26, Fusion=69.56
  Epoch 18: Semantic=57.19, Memory=70.26, Fusion=68.94
  Epoch 21: Semantic=54.41, Memory=70.26, Fusion=68.47
  Epoch 24: Semantic=49.71, Memory=70.26, Fusion=64.17
  Epoch 27: Semantic=49.23, Memory=70.26, Fusion=62.28
  Epoch 30: Semantic=49.20, Memory=70.26, Fusion=59.73
  Epoch 33: Semantic=50.43, Memory=70.26, Fusion=58.51
  Epoch 36: Semantic=50.87, Memory=70.26, Fusion=57.15
  Epoch 39: Semantic=51.63, Memory=70.26, Fusion=56.64
  Epoch 42: Semantic=53.28, Memory=70.26, Fusion=57.21
  Epoch 45: Semantic=55.19, Memory=70.26, Fusion=58.45
  Epoch 48: Semantic=56.58, Memory=70.26, Fusion=59.23
  Epoch 51: Semantic=57.51, Memory=70.26, Fusion=59.79
  Epoch 54: Semantic=58.59, Memory=70.26, Fusion=60.55
  Epoch 57: Semantic=59.50, Memory=70.26, Fusion=61.19
  Epoch 60: Semantic=59.66, Memory=70.26, Fusion=61.19
  Epoch 63: Semantic=60.14, Memory=70.26, Fusion=61.56
  Epoch 66: Semantic=60.26, Memory=70.26, Fusion=61.53
  Epoch 69: Semantic=60.56, Memory=70.26, Fusion=61.85
  Epoch 72: Semantic=60.69, Memory=70.26, Fusion=61.89
  Epoch 75: Semantic=60.94, Memory=70.26, Fusion=62.11
  Epoch 78: Semantic=61.16, Memory=70.26, Fusion=62.28
  Epoch 81: Semantic=61.15, Memory=70.26, Fusion=62.33
  Epoch 84: Semantic=61.36, Memory=70.26, Fusion=62.44
  Epoch 87: Semantic=61.38, Memory=70.26, Fusion=62.43
  Epoch 90: Semantic=61.50, Memory=70.26, Fusion=62.59
  Epoch 93: Semantic=61.54, Memory=70.26, Fusion=62.59
  Epoch 96: Semantic=61.43, Memory=70.26, Fusion=62.50
  Epoch 99: Semantic=61.48, Memory=70.26, Fusion=62.54
  Epoch 100: Semantic=61.44, Memory=70.26, Fusion=62.55
Object:capsules =========================== Fusion-AUROC:70.34, Semantic:61.55, Memory:70.26


============================================================
[Prompt Configuration] Class: candle
  - Mode: MAP+LAP (Baseline)
  - MAP prompts: 9
  - LAP prompts: 8 (generic anomaly templates)
============================================================


[PromptAD] Initializing with use_lap=True
  Epoch 3: Semantic=95.08, Memory=86.08, Fusion=86.41
  Epoch 6: Semantic=93.44, Memory=86.08, Fusion=86.42 *** Best ***
  Epoch 9: Semantic=95.23, Memory=86.08, Fusion=86.72 *** Best ***
  Epoch 12: Semantic=95.43, Memory=86.08, Fusion=86.98 *** Best ***
  Epoch 15: Semantic=94.92, Memory=86.08, Fusion=87.15 *** Best ***
  Epoch 18: Semantic=94.65, Memory=86.08, Fusion=87.59 *** Best ***
  Epoch 21: Semantic=94.84, Memory=86.08, Fusion=88.52 *** Best ***
  Epoch 24: Semantic=94.75, Memory=86.08, Fusion=89.60 *** Best ***
  Epoch 27: Semantic=94.95, Memory=86.08, Fusion=90.97 *** Best ***
  Epoch 30: Semantic=95.17, Memory=86.08, Fusion=92.37 *** Best ***
  Epoch 33: Semantic=95.28, Memory=86.08, Fusion=90.61
  Epoch 36: Semantic=94.93, Memory=86.08, Fusion=90.69
  Epoch 39: Semantic=95.22, Memory=86.08, Fusion=92.11
  Epoch 42: Semantic=95.44, Memory=86.08, Fusion=93.71 *** Best ***
  Epoch 45: Semantic=95.23, Memory=86.08, Fusion=95.03 *** Best ***
  Epoch 48: Semantic=95.04, Memory=86.08, Fusion=95.43 *** Best ***
  Epoch 51: Semantic=95.00, Memory=86.08, Fusion=95.58 *** Best ***
  Epoch 54: Semantic=94.82, Memory=86.08, Fusion=95.47
  Epoch 57: Semantic=94.71, Memory=86.08, Fusion=95.43
  Epoch 60: Semantic=94.62, Memory=86.08, Fusion=95.35
  Epoch 63: Semantic=94.52, Memory=86.08, Fusion=95.22
  Epoch 66: Semantic=94.41, Memory=86.08, Fusion=95.11
  Epoch 69: Semantic=94.24, Memory=86.08, Fusion=94.94
  Epoch 72: Semantic=94.13, Memory=86.08, Fusion=94.82
  Epoch 75: Semantic=94.04, Memory=86.08, Fusion=94.75
  Epoch 78: Semantic=93.99, Memory=86.08, Fusion=94.67
  Epoch 81: Semantic=93.91, Memory=86.08, Fusion=94.60
  Epoch 84: Semantic=93.91, Memory=86.08, Fusion=94.56
  Epoch 87: Semantic=93.86, Memory=86.08, Fusion=94.56
  Epoch 90: Semantic=93.85, Memory=86.08, Fusion=94.52
  Epoch 93: Semantic=93.83, Memory=86.08, Fusion=94.51
  Epoch 96: Semantic=93.83, Memory=86.08, Fusion=94.51
  Epoch 99: Semantic=93.81, Memory=86.08, Fusion=94.51
  Epoch 100: Semantic=93.84, Memory=86.08, Fusion=94.53
Object:candle =========================== Fusion-AUROC:95.58, Semantic:95.0, Memory:86.08


============================================================
[Prompt Configuration] Class: cashew
  - Mode: MAP+LAP (Baseline)
  - MAP prompts: 7
  - LAP prompts: 8 (generic anomaly templates)
============================================================


[PromptAD] Initializing with use_lap=True
  Epoch 3: Semantic=90.34, Memory=83.43, Fusion=84.11
  Epoch 6: Semantic=89.20, Memory=83.43, Fusion=84.26 *** Best ***
  Epoch 9: Semantic=88.57, Memory=83.43, Fusion=84.59 *** Best ***
  Epoch 12: Semantic=82.12, Memory=83.43, Fusion=84.22
  Epoch 15: Semantic=83.84, Memory=83.43, Fusion=84.93 *** Best ***
  Epoch 18: Semantic=85.13, Memory=83.43, Fusion=86.10 *** Best ***
  Epoch 21: Semantic=85.01, Memory=83.43, Fusion=87.55 *** Best ***
  Epoch 24: Semantic=84.93, Memory=83.43, Fusion=88.02 *** Best ***
  Epoch 27: Semantic=84.56, Memory=83.43, Fusion=87.92
  Epoch 30: Semantic=86.74, Memory=83.43, Fusion=88.92 *** Best ***
  Epoch 33: Semantic=86.96, Memory=83.43, Fusion=88.85
  Epoch 36: Semantic=85.87, Memory=83.43, Fusion=87.84
  Epoch 39: Semantic=85.76, Memory=83.43, Fusion=87.55
  Epoch 42: Semantic=85.77, Memory=83.43, Fusion=87.35
  Epoch 45: Semantic=85.63, Memory=83.43, Fusion=87.01
  Epoch 48: Semantic=85.52, Memory=83.43, Fusion=86.73
  Epoch 51: Semantic=85.65, Memory=83.43, Fusion=86.66
  Epoch 54: Semantic=85.67, Memory=83.43, Fusion=86.58
  Epoch 57: Semantic=85.86, Memory=83.43, Fusion=86.65
  Epoch 60: Semantic=85.79, Memory=83.43, Fusion=86.60
  Epoch 63: Semantic=85.90, Memory=83.43, Fusion=86.64
  Epoch 66: Semantic=85.96, Memory=83.43, Fusion=86.65
  Epoch 69: Semantic=86.01, Memory=83.43, Fusion=86.71
  Epoch 72: Semantic=86.00, Memory=83.43, Fusion=86.64
  Epoch 75: Semantic=86.07, Memory=83.43, Fusion=86.67
  Epoch 78: Semantic=86.15, Memory=83.43, Fusion=86.70
  Epoch 81: Semantic=86.06, Memory=83.43, Fusion=86.67
  Epoch 84: Semantic=86.05, Memory=83.43, Fusion=86.60
  Epoch 87: Semantic=86.16, Memory=83.43, Fusion=86.70
  Epoch 90: Semantic=86.18, Memory=83.43, Fusion=86.70
  Epoch 93: Semantic=86.15, Memory=83.43, Fusion=86.69
  Epoch 96: Semantic=86.18, Memory=83.43, Fusion=86.74
  Epoch 99: Semantic=86.16, Memory=83.43, Fusion=86.71
  Epoch 100: Semantic=86.16, Memory=83.43, Fusion=86.68
Object:cashew =========================== Fusion-AUROC:88.92, Semantic:86.74, Memory:83.43


============================================================
[Prompt Configuration] Class: chewing gum
  - Mode: MAP+LAP (Baseline)
  - MAP prompts: 7
  - LAP prompts: 8 (generic anomaly templates)
============================================================


[PromptAD] Initializing with use_lap=True
  Epoch 3: Semantic=95.93, Memory=94.66, Fusion=94.85
  Epoch 6: Semantic=95.68, Memory=94.66, Fusion=94.93 *** Best ***
  Epoch 9: Semantic=95.44, Memory=94.66, Fusion=95.08 *** Best ***
  Epoch 12: Semantic=94.83, Memory=94.66, Fusion=95.40 *** Best ***
  Epoch 15: Semantic=94.13, Memory=94.66, Fusion=95.68 *** Best ***
  Epoch 18: Semantic=93.48, Memory=94.66, Fusion=95.71 *** Best ***
  Epoch 21: Semantic=92.78, Memory=94.66, Fusion=95.36
  Epoch 24: Semantic=93.04, Memory=94.66, Fusion=94.96
  Epoch 27: Semantic=92.64, Memory=94.66, Fusion=94.34
  Epoch 30: Semantic=93.27, Memory=94.66, Fusion=94.50
  Epoch 33: Semantic=93.96, Memory=94.66, Fusion=94.79
  Epoch 36: Semantic=93.82, Memory=94.66, Fusion=94.50
  Epoch 39: Semantic=93.88, Memory=94.66, Fusion=94.44
  Epoch 42: Semantic=93.72, Memory=94.66, Fusion=94.29
  Epoch 45: Semantic=93.63, Memory=94.66, Fusion=94.03
  Epoch 48: Semantic=93.56, Memory=94.66, Fusion=93.95
  Epoch 51: Semantic=93.54, Memory=94.66, Fusion=93.86
  Epoch 54: Semantic=93.54, Memory=94.66, Fusion=93.88
  Epoch 57: Semantic=93.52, Memory=94.66, Fusion=93.82
  Epoch 60: Semantic=93.53, Memory=94.66, Fusion=93.81
  Epoch 63: Semantic=93.57, Memory=94.66, Fusion=93.84
  Epoch 66: Semantic=93.56, Memory=94.66, Fusion=93.80
  Epoch 69: Semantic=93.53, Memory=94.66, Fusion=93.77
  Epoch 72: Semantic=93.52, Memory=94.66, Fusion=93.78
  Epoch 75: Semantic=93.51, Memory=94.66, Fusion=93.75
  Epoch 78: Semantic=93.51, Memory=94.66, Fusion=93.73
  Epoch 81: Semantic=93.52, Memory=94.66, Fusion=93.76
  Epoch 84: Semantic=93.52, Memory=94.66, Fusion=93.74
  Epoch 87: Semantic=93.50, Memory=94.66, Fusion=93.74
  Epoch 90: Semantic=93.50, Memory=94.66, Fusion=93.75
  Epoch 93: Semantic=93.50, Memory=94.66, Fusion=93.74
  Epoch 96: Semantic=93.52, Memory=94.66, Fusion=93.76
  Epoch 99: Semantic=93.51, Memory=94.66, Fusion=93.73
  Epoch 100: Semantic=93.51, Memory=94.66, Fusion=93.76
Object:chewinggum =========================== Fusion-AUROC:95.71, Semantic:93.48, Memory:94.66


============================================================
[Prompt Configuration] Class: fryum
  - Mode: MAP+LAP (Baseline)
  - MAP prompts: 8
  - LAP prompts: 8 (generic anomaly templates)
============================================================


[PromptAD] Initializing with use_lap=True
  Epoch 3: Semantic=77.31, Memory=89.01, Fusion=89.21
  Epoch 6: Semantic=78.21, Memory=89.01, Fusion=89.35 *** Best ***
  Epoch 9: Semantic=76.75, Memory=89.01, Fusion=89.62 *** Best ***
  Epoch 12: Semantic=78.83, Memory=89.01, Fusion=90.30 *** Best ***
  Epoch 15: Semantic=82.36, Memory=89.01, Fusion=91.05 *** Best ***
  Epoch 18: Semantic=84.32, Memory=89.01, Fusion=91.36 *** Best ***
  Epoch 21: Semantic=84.43, Memory=89.01, Fusion=90.68
  Epoch 24: Semantic=86.71, Memory=89.01, Fusion=90.60
  Epoch 27: Semantic=87.22, Memory=89.01, Fusion=90.33
  Epoch 30: Semantic=87.79, Memory=89.01, Fusion=90.36
  Epoch 33: Semantic=87.14, Memory=89.01, Fusion=89.38
  Epoch 36: Semantic=87.54, Memory=89.01, Fusion=89.47
  Epoch 39: Semantic=87.30, Memory=89.01, Fusion=89.07
  Epoch 42: Semantic=87.82, Memory=89.01, Fusion=89.31
  Epoch 45: Semantic=87.56, Memory=89.01, Fusion=88.98
  Epoch 48: Semantic=87.55, Memory=89.01, Fusion=88.82
  Epoch 51: Semantic=87.18, Memory=89.01, Fusion=88.44
  Epoch 54: Semantic=87.12, Memory=89.01, Fusion=88.31
  Epoch 57: Semantic=87.04, Memory=89.01, Fusion=88.15
  Epoch 60: Semantic=87.15, Memory=89.01, Fusion=88.24
  Epoch 63: Semantic=87.28, Memory=89.01, Fusion=88.28
  Epoch 66: Semantic=87.31, Memory=89.01, Fusion=88.32
  Epoch 69: Semantic=87.25, Memory=89.01, Fusion=88.20
  Epoch 72: Semantic=87.37, Memory=89.01, Fusion=88.26
  Epoch 75: Semantic=87.40, Memory=89.01, Fusion=88.29
  Epoch 78: Semantic=87.38, Memory=89.01, Fusion=88.22
  Epoch 81: Semantic=87.39, Memory=89.01, Fusion=88.23
  Epoch 84: Semantic=87.39, Memory=89.01, Fusion=88.23
  Epoch 87: Semantic=87.44, Memory=89.01, Fusion=88.29
  Epoch 90: Semantic=87.41, Memory=89.01, Fusion=88.21
  Epoch 93: Semantic=87.42, Memory=89.01, Fusion=88.26
  Epoch 96: Semantic=87.41, Memory=89.01, Fusion=88.24
  Epoch 99: Semantic=87.44, Memory=89.01, Fusion=88.29
  Epoch 100: Semantic=87.44, Memory=89.01, Fusion=88.27
Object:fryum =========================== Fusion-AUROC:91.36, Semantic:84.32, Memory:89.01


============================================================
[Prompt Configuration] Class: macaroni
  - Mode: MAP+LAP (Baseline)
  - MAP prompts: 7
  - LAP prompts: 8 (generic anomaly templates)
============================================================


[PromptAD] Initializing with use_lap=True
  Epoch 3: Semantic=80.59, Memory=83.50, Fusion=83.80
  Epoch 6: Semantic=77.16, Memory=83.50, Fusion=83.81 *** Best ***
  Epoch 9: Semantic=80.08, Memory=83.50, Fusion=83.95 *** Best ***
  Epoch 12: Semantic=81.86, Memory=83.50, Fusion=84.25 *** Best ***
  Epoch 15: Semantic=80.39, Memory=83.50, Fusion=84.58 *** Best ***
  Epoch 18: Semantic=83.95, Memory=83.50, Fusion=86.12 *** Best ***
  Epoch 21: Semantic=84.73, Memory=83.50, Fusion=87.62 *** Best ***
  Epoch 24: Semantic=85.78, Memory=83.50, Fusion=88.83 *** Best ***
  Epoch 27: Semantic=85.93, Memory=83.50, Fusion=89.18 *** Best ***
  Epoch 30: Semantic=86.23, Memory=83.50, Fusion=89.60 *** Best ***
  Epoch 33: Semantic=84.10, Memory=83.50, Fusion=87.64
  Epoch 36: Semantic=85.81, Memory=83.50, Fusion=88.50
  Epoch 39: Semantic=83.90, Memory=83.50, Fusion=86.55
  Epoch 42: Semantic=84.83, Memory=83.50, Fusion=87.09
  Epoch 45: Semantic=84.08, Memory=83.50, Fusion=86.02
  Epoch 48: Semantic=84.28, Memory=83.50, Fusion=85.92
  Epoch 51: Semantic=84.12, Memory=83.50, Fusion=85.59
  Epoch 54: Semantic=83.78, Memory=83.50, Fusion=85.17
  Epoch 57: Semantic=83.79, Memory=83.50, Fusion=85.06
  Epoch 60: Semantic=83.64, Memory=83.50, Fusion=84.82
  Epoch 63: Semantic=83.42, Memory=83.50, Fusion=84.53
  Epoch 66: Semantic=83.55, Memory=83.50, Fusion=84.62
  Epoch 69: Semantic=83.83, Memory=83.50, Fusion=84.84
  Epoch 72: Semantic=83.75, Memory=83.50, Fusion=84.73
  Epoch 75: Semantic=83.70, Memory=83.50, Fusion=84.65
  Epoch 78: Semantic=83.58, Memory=83.50, Fusion=84.53
  Epoch 81: Semantic=83.67, Memory=83.50, Fusion=84.58
  Epoch 84: Semantic=83.62, Memory=83.50, Fusion=84.52
  Epoch 87: Semantic=83.62, Memory=83.50, Fusion=84.55
  Epoch 90: Semantic=83.66, Memory=83.50, Fusion=84.55
  Epoch 93: Semantic=83.69, Memory=83.50, Fusion=84.57
  Epoch 96: Semantic=83.60, Memory=83.50, Fusion=84.50
  Epoch 99: Semantic=83.66, Memory=83.50, Fusion=84.53
  Epoch 100: Semantic=83.71, Memory=83.50, Fusion=84.58
Object:macaroni1 =========================== Fusion-AUROC:89.6, Semantic:86.23, Memory:83.5


============================================================
[Prompt Configuration] Class: macaroni
  - Mode: MAP+LAP (Baseline)
  - MAP prompts: 7
  - LAP prompts: 8 (generic anomaly templates)
============================================================


[PromptAD] Initializing with use_lap=True
  Epoch 3: Semantic=66.50, Memory=73.26, Fusion=73.51
  Epoch 6: Semantic=65.79, Memory=73.26, Fusion=73.59 *** Best ***
  Epoch 9: Semantic=66.77, Memory=73.26, Fusion=73.74 *** Best ***
  Epoch 12: Semantic=65.34, Memory=73.26, Fusion=73.64
  Epoch 15: Semantic=64.64, Memory=73.26, Fusion=73.43
  Epoch 18: Semantic=62.31, Memory=73.26, Fusion=72.73
  Epoch 21: Semantic=63.76, Memory=73.26, Fusion=72.21
  Epoch 24: Semantic=64.03, Memory=73.26, Fusion=70.80
  Epoch 27: Semantic=63.44, Memory=73.26, Fusion=68.47
  Epoch 30: Semantic=61.47, Memory=73.26, Fusion=65.56
  Epoch 33: Semantic=61.73, Memory=73.26, Fusion=64.39
  Epoch 36: Semantic=63.67, Memory=73.26, Fusion=65.74
  Epoch 39: Semantic=60.15, Memory=73.26, Fusion=61.98
  Epoch 42: Semantic=61.71, Memory=73.26, Fusion=63.03
  Epoch 45: Semantic=61.33, Memory=73.26, Fusion=62.39
  Epoch 48: Semantic=60.57, Memory=73.26, Fusion=61.53
  Epoch 51: Semantic=60.92, Memory=73.26, Fusion=61.79
  Epoch 54: Semantic=60.54, Memory=73.26, Fusion=61.26
  Epoch 57: Semantic=60.10, Memory=73.26, Fusion=60.83
  Epoch 60: Semantic=60.43, Memory=73.26, Fusion=61.09
  Epoch 63: Semantic=60.75, Memory=73.26, Fusion=61.39
  Epoch 66: Semantic=60.61, Memory=73.26, Fusion=61.24
  Epoch 69: Semantic=60.38, Memory=73.26, Fusion=60.99
  Epoch 72: Semantic=60.44, Memory=73.26, Fusion=61.00
  Epoch 75: Semantic=60.60, Memory=73.26, Fusion=61.14
  Epoch 78: Semantic=60.74, Memory=73.26, Fusion=61.28
  Epoch 81: Semantic=60.79, Memory=73.26, Fusion=61.32
  Epoch 84: Semantic=60.75, Memory=73.26, Fusion=61.32
  Epoch 87: Semantic=60.71, Memory=73.26, Fusion=61.27
  Epoch 90: Semantic=60.69, Memory=73.26, Fusion=61.27
  Epoch 93: Semantic=60.69, Memory=73.26, Fusion=61.25
  Epoch 96: Semantic=60.63, Memory=73.26, Fusion=61.19
  Epoch 99: Semantic=60.67, Memory=73.26, Fusion=61.22
  Epoch 100: Semantic=60.69, Memory=73.26, Fusion=61.25
Object:macaroni2 =========================== Fusion-AUROC:73.74, Semantic:66.77, Memory:73.26


============================================================
[Prompt Configuration] Class: printed circuit board
  - Mode: MAP+LAP (Baseline)
  - MAP prompts: 6
  - LAP prompts: 8 (generic anomaly templates)
============================================================


[PromptAD] Initializing with use_lap=True
  Epoch 3: Semantic=48.69, Memory=93.68, Fusion=93.65
  Epoch 6: Semantic=75.51, Memory=93.68, Fusion=93.72 *** Best ***
  Epoch 9: Semantic=83.46, Memory=93.68, Fusion=93.77 *** Best ***
  Epoch 12: Semantic=84.59, Memory=93.68, Fusion=93.80 *** Best ***
  Epoch 15: Semantic=86.75, Memory=93.68, Fusion=93.89 *** Best ***
  Epoch 18: Semantic=88.55, Memory=93.68, Fusion=94.06 *** Best ***
  Epoch 21: Semantic=89.68, Memory=93.68, Fusion=94.36 *** Best ***
  Epoch 24: Semantic=90.12, Memory=93.68, Fusion=94.63 *** Best ***
  Epoch 27: Semantic=89.90, Memory=93.68, Fusion=94.77 *** Best ***
  Epoch 30: Semantic=90.31, Memory=93.68, Fusion=94.84 *** Best ***
  Epoch 33: Semantic=90.26, Memory=93.68, Fusion=94.62
  Epoch 36: Semantic=90.55, Memory=93.68, Fusion=94.34
  Epoch 39: Semantic=90.97, Memory=93.68, Fusion=94.15
  Epoch 42: Semantic=91.23, Memory=93.68, Fusion=93.89
  Epoch 45: Semantic=91.23, Memory=93.68, Fusion=93.44
  Epoch 48: Semantic=91.21, Memory=93.68, Fusion=93.05
  Epoch 51: Semantic=91.26, Memory=93.68, Fusion=92.86
  Epoch 54: Semantic=91.41, Memory=93.68, Fusion=92.78
  Epoch 57: Semantic=91.43, Memory=93.68, Fusion=92.66
  Epoch 60: Semantic=91.48, Memory=93.68, Fusion=92.54
  Epoch 63: Semantic=91.45, Memory=93.68, Fusion=92.43
  Epoch 66: Semantic=91.48, Memory=93.68, Fusion=92.38
  Epoch 69: Semantic=91.52, Memory=93.68, Fusion=92.34
  Epoch 72: Semantic=91.58, Memory=93.68, Fusion=92.35
  Epoch 75: Semantic=91.57, Memory=93.68, Fusion=92.33
  Epoch 78: Semantic=91.64, Memory=93.68, Fusion=92.34
  Epoch 81: Semantic=91.63, Memory=93.68, Fusion=92.31
  Epoch 84: Semantic=91.64, Memory=93.68, Fusion=92.33
  Epoch 87: Semantic=91.64, Memory=93.68, Fusion=92.29
  Epoch 90: Semantic=91.63, Memory=93.68, Fusion=92.31
  Epoch 93: Semantic=91.63, Memory=93.68, Fusion=92.27
  Epoch 96: Semantic=91.65, Memory=93.68, Fusion=92.30
  Epoch 99: Semantic=91.64, Memory=93.68, Fusion=92.29
  Epoch 100: Semantic=91.66, Memory=93.68, Fusion=92.32
Object:pcb1 =========================== Fusion-AUROC:94.84, Semantic:90.31, Memory:93.68


============================================================
[Prompt Configuration] Class: printed circuit board
  - Mode: MAP+LAP (Baseline)
  - MAP prompts: 6
  - LAP prompts: 8 (generic anomaly templates)
============================================================


[PromptAD] Initializing with use_lap=True
  Epoch 3: Semantic=57.59, Memory=75.67, Fusion=75.75
  Epoch 6: Semantic=59.74, Memory=75.67, Fusion=75.85 *** Best ***
  Epoch 9: Semantic=61.46, Memory=75.67, Fusion=75.90 *** Best ***
  Epoch 12: Semantic=61.69, Memory=75.67, Fusion=75.96 *** Best ***
  Epoch 15: Semantic=62.79, Memory=75.67, Fusion=76.07 *** Best ***
  Epoch 18: Semantic=61.12, Memory=75.67, Fusion=76.06
  Epoch 21: Semantic=60.76, Memory=75.67, Fusion=76.08 *** Best ***
  Epoch 24: Semantic=61.49, Memory=75.67, Fusion=76.17 *** Best ***
  Epoch 27: Semantic=62.38, Memory=75.67, Fusion=76.45 *** Best ***
  Epoch 30: Semantic=62.87, Memory=75.67, Fusion=76.77 *** Best ***
  Epoch 33: Semantic=65.09, Memory=75.67, Fusion=77.38 *** Best ***
  Epoch 36: Semantic=64.59, Memory=75.67, Fusion=77.46 *** Best ***
  Epoch 39: Semantic=65.83, Memory=75.67, Fusion=77.84 *** Best ***
  Epoch 42: Semantic=66.54, Memory=75.67, Fusion=77.91 *** Best ***
  Epoch 45: Semantic=67.17, Memory=75.67, Fusion=77.80
  Epoch 48: Semantic=67.75, Memory=75.67, Fusion=77.38
  Epoch 51: Semantic=67.91, Memory=75.67, Fusion=76.78
  Epoch 54: Semantic=68.45, Memory=75.67, Fusion=76.51
  Epoch 57: Semantic=69.15, Memory=75.67, Fusion=76.17
  Epoch 60: Semantic=69.40, Memory=75.67, Fusion=75.62
  Epoch 63: Semantic=69.70, Memory=75.67, Fusion=75.21
  Epoch 66: Semantic=70.10, Memory=75.67, Fusion=75.09
  Epoch 69: Semantic=70.15, Memory=75.67, Fusion=74.84
  Epoch 72: Semantic=70.42, Memory=75.67, Fusion=74.72
  Epoch 75: Semantic=70.39, Memory=75.67, Fusion=74.38
  Epoch 78: Semantic=70.62, Memory=75.67, Fusion=74.37
  Epoch 81: Semantic=70.68, Memory=75.67, Fusion=74.26
  Epoch 84: Semantic=70.68, Memory=75.67, Fusion=74.16
  Epoch 87: Semantic=70.73, Memory=75.67, Fusion=74.10
  Epoch 90: Semantic=70.82, Memory=75.67, Fusion=74.17
  Epoch 93: Semantic=70.76, Memory=75.67, Fusion=74.03
  Epoch 96: Semantic=70.64, Memory=75.67, Fusion=73.93
  Epoch 99: Semantic=70.74, Memory=75.67, Fusion=74.05
  Epoch 100: Semantic=70.83, Memory=75.67, Fusion=74.14
Object:pcb2 =========================== Fusion-AUROC:77.91, Semantic:66.54, Memory:75.67


============================================================
[Prompt Configuration] Class: printed circuit board
  - Mode: MAP+LAP (Baseline)
  - MAP prompts: 6
  - LAP prompts: 8 (generic anomaly templates)
============================================================


[PromptAD] Initializing with use_lap=True
  Epoch 3: Semantic=70.82, Memory=80.15, Fusion=80.25
  Epoch 6: Semantic=72.09, Memory=80.15, Fusion=80.28 *** Best ***
  Epoch 9: Semantic=70.89, Memory=80.15, Fusion=80.27
  Epoch 12: Semantic=70.72, Memory=80.15, Fusion=80.31 *** Best ***
  Epoch 15: Semantic=71.23, Memory=80.15, Fusion=80.35 *** Best ***
  Epoch 18: Semantic=72.18, Memory=80.15, Fusion=80.42 *** Best ***
  Epoch 21: Semantic=72.59, Memory=80.15, Fusion=80.54 *** Best ***
  Epoch 24: Semantic=72.81, Memory=80.15, Fusion=80.76 *** Best ***
  Epoch 27: Semantic=72.68, Memory=80.15, Fusion=80.96 *** Best ***
  Epoch 30: Semantic=71.81, Memory=80.15, Fusion=81.15 *** Best ***
  Epoch 33: Semantic=72.20, Memory=80.15, Fusion=81.53 *** Best ***
  Epoch 36: Semantic=72.82, Memory=80.15, Fusion=81.90 *** Best ***
  Epoch 39: Semantic=72.87, Memory=80.15, Fusion=82.26 *** Best ***
  Epoch 42: Semantic=72.91, Memory=80.15, Fusion=82.41 *** Best ***
  Epoch 45: Semantic=73.16, Memory=80.15, Fusion=82.37
  Epoch 48: Semantic=73.29, Memory=80.15, Fusion=82.30
  Epoch 51: Semantic=73.06, Memory=80.15, Fusion=81.82
  Epoch 54: Semantic=72.82, Memory=80.15, Fusion=81.06
  Epoch 57: Semantic=72.58, Memory=80.15, Fusion=80.25
  Epoch 60: Semantic=72.43, Memory=80.15, Fusion=79.50
  Epoch 63: Semantic=72.56, Memory=80.15, Fusion=78.97
  Epoch 66: Semantic=72.37, Memory=80.15, Fusion=78.33
  Epoch 69: Semantic=72.15, Memory=80.15, Fusion=77.66
  Epoch 72: Semantic=72.11, Memory=80.15, Fusion=77.26
  Epoch 75: Semantic=71.89, Memory=80.15, Fusion=76.79
  Epoch 78: Semantic=71.66, Memory=80.15, Fusion=76.37
  Epoch 81: Semantic=71.56, Memory=80.15, Fusion=76.10
  Epoch 84: Semantic=71.55, Memory=80.15, Fusion=75.94
  Epoch 87: Semantic=71.33, Memory=80.15, Fusion=75.72
  Epoch 90: Semantic=71.35, Memory=80.15, Fusion=75.64
  Epoch 93: Semantic=71.25, Memory=80.15, Fusion=75.53
  Epoch 96: Semantic=71.30, Memory=80.15, Fusion=75.53
  Epoch 99: Semantic=71.33, Memory=80.15, Fusion=75.55
  Epoch 100: Semantic=71.28, Memory=80.15, Fusion=75.54
Object:pcb3 =========================== Fusion-AUROC:82.41, Semantic:72.91, Memory:80.15


============================================================
[Prompt Configuration] Class: printed circuit board
  - Mode: MAP+LAP (Baseline)
  - MAP prompts: 9
  - LAP prompts: 8 (generic anomaly templates)
============================================================


[PromptAD] Initializing with use_lap=True
  Epoch 3: Semantic=85.31, Memory=86.36, Fusion=86.74
  Epoch 6: Semantic=86.59, Memory=86.36, Fusion=86.98 *** Best ***
  Epoch 9: Semantic=85.00, Memory=86.36, Fusion=87.11 *** Best ***
  Epoch 12: Semantic=86.31, Memory=86.36, Fusion=87.38 *** Best ***
  Epoch 15: Semantic=87.66, Memory=86.36, Fusion=87.65 *** Best ***
  Epoch 18: Semantic=86.30, Memory=86.36, Fusion=87.95 *** Best ***
  Epoch 21: Semantic=86.08, Memory=86.36, Fusion=88.49 *** Best ***
  Epoch 24: Semantic=85.73, Memory=86.36, Fusion=89.03 *** Best ***
  Epoch 27: Semantic=85.25, Memory=86.36, Fusion=89.44 *** Best ***
  Epoch 30: Semantic=85.04, Memory=86.36, Fusion=89.80 *** Best ***
  Epoch 33: Semantic=84.80, Memory=86.36, Fusion=89.87 *** Best ***
  Epoch 36: Semantic=84.06, Memory=86.36, Fusion=89.32
  Epoch 39: Semantic=84.23, Memory=86.36, Fusion=89.01
  Epoch 42: Semantic=84.51, Memory=86.36, Fusion=88.74
  Epoch 45: Semantic=84.29, Memory=86.36, Fusion=88.13
  Epoch 48: Semantic=84.16, Memory=86.36, Fusion=87.54
  Epoch 51: Semantic=83.72, Memory=86.36, Fusion=86.77
  Epoch 54: Semantic=83.36, Memory=86.36, Fusion=86.13
  Epoch 57: Semantic=83.27, Memory=86.36, Fusion=85.69
  Epoch 60: Semantic=83.40, Memory=86.36, Fusion=85.48
  Epoch 63: Semantic=83.46, Memory=86.36, Fusion=85.34
  Epoch 66: Semantic=83.29, Memory=86.36, Fusion=85.05
  Epoch 69: Semantic=83.19, Memory=86.36, Fusion=84.87
  Epoch 72: Semantic=83.04, Memory=86.36, Fusion=84.62
  Epoch 75: Semantic=83.05, Memory=86.36, Fusion=84.51
  Epoch 78: Semantic=83.12, Memory=86.36, Fusion=84.54
  Epoch 81: Semantic=83.13, Memory=86.36, Fusion=84.51
  Epoch 84: Semantic=83.14, Memory=86.36, Fusion=84.44
  Epoch 87: Semantic=83.13, Memory=86.36, Fusion=84.40
  Epoch 90: Semantic=83.08, Memory=86.36, Fusion=84.36
  Epoch 93: Semantic=83.09, Memory=86.36, Fusion=84.37
  Epoch 96: Semantic=83.05, Memory=86.36, Fusion=84.33
  Epoch 99: Semantic=83.06, Memory=86.36, Fusion=84.34
  Epoch 100: Semantic=83.08, Memory=86.36, Fusion=84.36
Object:pcb4 =========================== Fusion-AUROC:89.87, Semantic:84.8, Memory:86.36


============================================================
[Prompt Configuration] Class: pipe fryum
  - Mode: MAP+LAP (Baseline)
  - MAP prompts: 8
  - LAP prompts: 8 (generic anomaly templates)
============================================================


[PromptAD] Initializing with use_lap=True
  Epoch 3: Semantic=74.17, Memory=98.60, Fusion=98.61
  Epoch 6: Semantic=78.74, Memory=98.60, Fusion=98.63 *** Best ***
  Epoch 9: Semantic=77.54, Memory=98.60, Fusion=98.62
  Epoch 12: Semantic=75.46, Memory=98.60, Fusion=98.61
  Epoch 15: Semantic=72.24, Memory=98.60, Fusion=98.52
  Epoch 18: Semantic=78.27, Memory=98.60, Fusion=98.42
  Epoch 21: Semantic=80.33, Memory=98.60, Fusion=98.12
  Epoch 24: Semantic=75.07, Memory=98.60, Fusion=96.95
  Epoch 27: Semantic=78.88, Memory=98.60, Fusion=97.22
  Epoch 30: Semantic=79.78, Memory=98.60, Fusion=94.63
  Epoch 33: Semantic=82.46, Memory=98.60, Fusion=93.13
  Epoch 36: Semantic=84.87, Memory=98.60, Fusion=92.79
  Epoch 39: Semantic=85.30, Memory=98.60, Fusion=91.62
  Epoch 42: Semantic=85.99, Memory=98.60, Fusion=90.99
  Epoch 45: Semantic=85.19, Memory=98.60, Fusion=89.52
  Epoch 48: Semantic=86.35, Memory=98.60, Fusion=89.61
  Epoch 51: Semantic=87.83, Memory=98.60, Fusion=90.24
  Epoch 54: Semantic=86.88, Memory=98.60, Fusion=89.15
  Epoch 57: Semantic=87.11, Memory=98.60, Fusion=89.15
  Epoch 60: Semantic=87.92, Memory=98.60, Fusion=89.69
  Epoch 63: Semantic=87.91, Memory=98.60, Fusion=89.57
  Epoch 66: Semantic=87.57, Memory=98.60, Fusion=89.13
  Epoch 69: Semantic=87.68, Memory=98.60, Fusion=89.14
  Epoch 72: Semantic=87.65, Memory=98.60, Fusion=89.05
  Epoch 75: Semantic=87.72, Memory=98.60, Fusion=89.05
  Epoch 78: Semantic=87.79, Memory=98.60, Fusion=89.06
  Epoch 81: Semantic=87.76, Memory=98.60, Fusion=89.02
  Epoch 84: Semantic=87.74, Memory=98.60, Fusion=89.00
  Epoch 87: Semantic=87.73, Memory=98.60, Fusion=88.97
  Epoch 90: Semantic=87.71, Memory=98.60, Fusion=88.98
  Epoch 93: Semantic=87.72, Memory=98.60, Fusion=88.94
  Epoch 96: Semantic=87.73, Memory=98.60, Fusion=88.95
  Epoch 99: Semantic=87.72, Memory=98.60, Fusion=88.96
  Epoch 100: Semantic=87.71, Memory=98.60, Fusion=88.94
Object:pipe_fryum =========================== Fusion-AUROC:98.63, Semantic:78.74, Memory:98.6

python train_cls.py --dataset visa --gpu-id 0 --k-shot 4 --class_name fryum --root-dir ./result/promptpurging
python train_cls.py --dataset visa --gpu-id 0 --k-shot 4 --class_name macaroni1 --root-dir ./result/promptpurging
python train_cls.py --dataset visa --gpu-id 0 --k-shot 4 --class_name macaroni2 --root-dir ./result/promptpurging
python train_cls.py --dataset visa --gpu-id 0 --k-shot 4 --class_name pcb1 --root-dir ./result/promptpurging
python train_cls.py --dataset visa --gpu-id 0 --k-shot 4 --class_name pcb2 --root-dir ./result/promptpurging
python train_cls.py --dataset visa --gpu-id 0 --k-shot 4 --class_name pcb3 --root-dir ./result/promptpurging
python train_cls.py --dataset visa --gpu-id 0 --k-shot 4 --class_name pcb4 --root-dir ./result/promptpurging
python train_cls.py --dataset visa --gpu-id 0 --k-shot 4 --class_name pipe_fryum --root-dir ./result/promptpurging
python train_seg.py --dataset mvtec --gpu-id 0 --k-shot 1 --class_name carpet --root-dir ./result/promptpurging > ./result/promptpurging/seg_logs/k1_mvtec_carpet.log 2>&1
python train_seg.py --dataset mvtec --gpu-id 0 --k-shot 1 --class_name grid --root-dir ./result/promptpurging > ./result/promptpurging/seg_logs/k1_mvtec_grid.log 2>&1
python train_seg.py --dataset mvtec --gpu-id 0 --k-shot 1 --class_name leather --root-dir ./result/promptpurging > ./result/promptpurging/seg_logs/k1_mvtec_leather.log 2>&1
python train_seg.py --dataset mvtec --gpu-id 0 --k-shot 1 --class_name tile --root-dir ./result/promptpurging > ./result/promptpurging/seg_logs/k1_mvtec_tile.log 2>&1
python train_seg.py --dataset mvtec --gpu-id 0 --k-shot 1 --class_name wood --root-dir ./result/promptpurging > ./result/promptpurging/seg_logs/k1_mvtec_wood.log 2>&1
python train_seg.py --dataset mvtec --gpu-id 0 --k-shot 1 --class_name bottle --root-dir ./result/promptpurging > ./result/promptpurging/seg_logs/k1_mvtec_bottle.log 2>&1
python train_seg.py --dataset mvtec --gpu-id 0 --k-shot 1 --class_name cable --root-dir ./result/promptpurging > ./result/promptpurging/seg_logs/k1_mvtec_cable.log 2>&1
python train_seg.py --dataset mvtec --gpu-id 0 --k-shot 1 --class_name capsule --root-dir ./result/promptpurging > ./result/promptpurging/seg_logs/k1_mvtec_capsule.log 2>&1
python train_seg.py --dataset mvtec --gpu-id 0 --k-shot 1 --class_name hazelnut --root-dir ./result/promptpurging > ./result/promptpurging/seg_logs/k1_mvtec_hazelnut.log 2>&1
python train_seg.py --dataset mvtec --gpu-id 0 --k-shot 1 --class_name metal_nut --root-dir ./result/promptpurging > ./result/promptpurging/seg_logs/k1_mvtec_metal_nut.log 2>&1
python train_seg.py --dataset mvtec --gpu-id 0 --k-shot 1 --class_name pill --root-dir ./result/promptpurging > ./result/promptpurging/seg_logs/k1_mvtec_pill.log 2>&1
python train_seg.py --dataset mvtec --gpu-id 0 --k-shot 1 --class_name screw --root-dir ./result/promptpurging > ./result/promptpurging/seg_logs/k1_mvtec_screw.log 2>&1
python train_seg.py --dataset mvtec --gpu-id 0 --k-shot 1 --class_name toothbrush --root-dir ./result/promptpurging > ./result/promptpurging/seg_logs/k1_mvtec_toothbrush.log 2>&1
python train_seg.py --dataset mvtec --gpu-id 0 --k-shot 1 --class_name transistor --root-dir ./result/promptpurging > ./result/promptpurging/seg_logs/k1_mvtec_transistor.log 2>&1
python train_seg.py --dataset mvtec --gpu-id 0 --k-shot 1 --class_name zipper --root-dir ./result/promptpurging > ./result/promptpurging/seg_logs/k1_mvtec_zipper.log 2>&1
python train_seg.py --dataset visa --gpu-id 0 --k-shot 1 --class_name candle --root-dir ./result/promptpurging > ./result/promptpurging/seg_logs/k1_visa_candle.log 2>&1
python train_seg.py --dataset visa --gpu-id 0 --k-shot 1 --class_name capsules --root-dir ./result/promptpurging > ./result/promptpurging/seg_logs/k1_visa_capsules.log 2>&1
python train_seg.py --dataset visa --gpu-id 0 --k-shot 1 --class_name cashew --root-dir ./result/promptpurging > ./result/promptpurging/seg_logs/k1_visa_cashew.log 2>&1
python train_seg.py --dataset visa --gpu-id 0 --k-shot 1 --class_name chewinggum --root-dir ./result/promptpurging > ./result/promptpurging/seg_logs/k1_visa_chewinggum.log 2>&1
python train_seg.py --dataset visa --gpu-id 0 --k-shot 1 --class_name fryum --root-dir ./result/promptpurging > ./result/promptpurging/seg_logs/k1_visa_fryum.log 2>&1
python train_seg.py --dataset visa --gpu-id 0 --k-shot 1 --class_name macaroni1 --root-dir ./result/promptpurging > ./result/promptpurging/seg_logs/k1_visa_macaroni1.log 2>&1
python train_seg.py --dataset visa --gpu-id 0 --k-shot 1 --class_name macaroni2 --root-dir ./result/promptpurging > ./result/promptpurging/seg_logs/k1_visa_macaroni2.log 2>&1
python train_seg.py --dataset visa --gpu-id 0 --k-shot 1 --class_name pcb1 --root-dir ./result/promptpurging > ./result/promptpurging/seg_logs/k1_visa_pcb1.log 2>&1
python train_seg.py --dataset visa --gpu-id 0 --k-shot 1 --class_name pcb2 --root-dir ./result/promptpurging > ./result/promptpurging/seg_logs/k1_visa_pcb2.log 2>&1
python train_seg.py --dataset visa --gpu-id 0 --k-shot 1 --class_name pcb3 --root-dir ./result/promptpurging > ./result/promptpurging/seg_logs/k1_visa_pcb3.log 2>&1
python train_seg.py --dataset visa --gpu-id 0 --k-shot 1 --class_name pcb4 --root-dir ./result/promptpurging > ./result/promptpurging/seg_logs/k1_visa_pcb4.log 2>&1
python train_seg.py --dataset visa --gpu-id 0 --k-shot 1 --class_name pipe_fryum --root-dir ./result/promptpurging > ./result/promptpurging/seg_logs/k1_visa_pipe_fryum.log 2>&1
python train_seg.py --dataset mvtec --gpu-id 0 --k-shot 2 --class_name carpet --root-dir ./result/promptpurging > ./result/promptpurging/seg_logs/k2_mvtec_carpet.log 2>&1
python train_seg.py --dataset mvtec --gpu-id 0 --k-shot 2 --class_name grid --root-dir ./result/promptpurging > ./result/promptpurging/seg_logs/k2_mvtec_grid.log 2>&1
python train_seg.py --dataset mvtec --gpu-id 0 --k-shot 2 --class_name leather --root-dir ./result/promptpurging > ./result/promptpurging/seg_logs/k2_mvtec_leather.log 2>&1
python train_seg.py --dataset mvtec --gpu-id 0 --k-shot 2 --class_name tile --root-dir ./result/promptpurging > ./result/promptpurging/seg_logs/k2_mvtec_tile.log 2>&1
python train_seg.py --dataset mvtec --gpu-id 0 --k-shot 2 --class_name wood --root-dir ./result/promptpurging > ./result/promptpurging/seg_logs/k2_mvtec_wood.log 2>&1
python train_seg.py --dataset mvtec --gpu-id 0 --k-shot 2 --class_name bottle --root-dir ./result/promptpurging > ./result/promptpurging/seg_logs/k2_mvtec_bottle.log 2>&1
python train_seg.py --dataset mvtec --gpu-id 0 --k-shot 2 --class_name cable --root-dir ./result/promptpurging > ./result/promptpurging/seg_logs/k2_mvtec_cable.log 2>&1
python train_seg.py --dataset mvtec --gpu-id 0 --k-shot 2 --class_name capsule --root-dir ./result/promptpurging > ./result/promptpurging/seg_logs/k2_mvtec_capsule.log 2>&1
python train_seg.py --dataset mvtec --gpu-id 0 --k-shot 2 --class_name hazelnut --root-dir ./result/promptpurging > ./result/promptpurging/seg_logs/k2_mvtec_hazelnut.log 2>&1
python train_seg.py --dataset mvtec --gpu-id 0 --k-shot 2 --class_name metal_nut --root-dir ./result/promptpurging > ./result/promptpurging/seg_logs/k2_mvtec_metal_nut.log 2>&1
python train_seg.py --dataset mvtec --gpu-id 0 --k-shot 2 --class_name pill --root-dir ./result/promptpurging > ./result/promptpurging/seg_logs/k2_mvtec_pill.log 2>&1
python train_seg.py --dataset mvtec --gpu-id 0 --k-shot 2 --class_name screw --root-dir ./result/promptpurging > ./result/promptpurging/seg_logs/k2_mvtec_screw.log 2>&1
python train_seg.py --dataset mvtec --gpu-id 0 --k-shot 2 --class_name toothbrush --root-dir ./result/promptpurging > ./result/promptpurging/seg_logs/k2_mvtec_toothbrush.log 2>&1
python train_seg.py --dataset mvtec --gpu-id 0 --k-shot 2 --class_name transistor --root-dir ./result/promptpurging > ./result/promptpurging/seg_logs/k2_mvtec_transistor.log 2>&1
python train_seg.py --dataset mvtec --gpu-id 0 --k-shot 2 --class_name zipper --root-dir ./result/promptpurging > ./result/promptpurging/seg_logs/k2_mvtec_zipper.log 2>&1
python train_seg.py --dataset visa --gpu-id 0 --k-shot 2 --class_name candle --root-dir ./result/promptpurging > ./result/promptpurging/seg_logs/k2_visa_candle.log 2>&1
python train_seg.py --dataset visa --gpu-id 0 --k-shot 2 --class_name capsules --root-dir ./result/promptpurging > ./result/promptpurging/seg_logs/k2_visa_capsules.log 2>&1
python train_seg.py --dataset visa --gpu-id 0 --k-shot 2 --class_name cashew --root-dir ./result/promptpurging > ./result/promptpurging/seg_logs/k2_visa_cashew.log 2>&1
python train_seg.py --dataset visa --gpu-id 0 --k-shot 2 --class_name chewinggum --root-dir ./result/promptpurging > ./result/promptpurging/seg_logs/k2_visa_chewinggum.log 2>&1
python train_seg.py --dataset visa --gpu-id 0 --k-shot 2 --class_name fryum --root-dir ./result/promptpurging > ./result/promptpurging/seg_logs/k2_visa_fryum.log 2>&1
python train_seg.py --dataset visa --gpu-id 0 --k-shot 2 --class_name macaroni1 --root-dir ./result/promptpurging > ./result/promptpurging/seg_logs/k2_visa_macaroni1.log 2>&1
python train_seg.py --dataset visa --gpu-id 0 --k-shot 2 --class_name macaroni2 --root-dir ./result/promptpurging > ./result/promptpurging/seg_logs/k2_visa_macaroni2.log 2>&1
python train_seg.py --dataset visa --gpu-id 0 --k-shot 2 --class_name pcb1 --root-dir ./result/promptpurging > ./result/promptpurging/seg_logs/k2_visa_pcb1.log 2>&1
python train_seg.py --dataset visa --gpu-id 0 --k-shot 2 --class_name pcb2 --root-dir ./result/promptpurging > ./result/promptpurging/seg_logs/k2_visa_pcb2.log 2>&1
python train_seg.py --dataset visa --gpu-id 0 --k-shot 2 --class_name pcb3 --root-dir ./result/promptpurging > ./result/promptpurging/seg_logs/k2_visa_pcb3.log 2>&1
python train_seg.py --dataset visa --gpu-id 0 --k-shot 2 --class_name pcb4 --root-dir ./result/promptpurging > ./result/promptpurging/seg_logs/k2_visa_pcb4.log 2>&1
python train_seg.py --dataset visa --gpu-id 0 --k-shot 2 --class_name pipe_fryum --root-dir ./result/promptpurging > ./result/promptpurging/seg_logs/k2_visa_pipe_fryum.log 2>&1
python train_seg.py --dataset mvtec --gpu-id 0 --k-shot 4 --class_name carpet --root-dir ./result/promptpurging > ./result/promptpurging/seg_logs/k4_mvtec_carpet.log 2>&1
python train_seg.py --dataset mvtec --gpu-id 0 --k-shot 4 --class_name grid --root-dir ./result/promptpurging > ./result/promptpurging/seg_logs/k4_mvtec_grid.log 2>&1
python train_seg.py --dataset mvtec --gpu-id 0 --k-shot 4 --class_name leather --root-dir ./result/promptpurging > ./result/promptpurging/seg_logs/k4_mvtec_leather.log 2>&1
python train_seg.py --dataset mvtec --gpu-id 0 --k-shot 4 --class_name tile --root-dir ./result/promptpurging > ./result/promptpurging/seg_logs/k4_mvtec_tile.log 2>&1
python train_seg.py --dataset mvtec --gpu-id 0 --k-shot 4 --class_name wood --root-dir ./result/promptpurging > ./result/promptpurging/seg_logs/k4_mvtec_wood.log 2>&1
python train_seg.py --dataset mvtec --gpu-id 0 --k-shot 4 --class_name bottle --root-dir ./result/promptpurging > ./result/promptpurging/seg_logs/k4_mvtec_bottle.log 2>&1
python train_seg.py --dataset mvtec --gpu-id 0 --k-shot 4 --class_name cable --root-dir ./result/promptpurging > ./result/promptpurging/seg_logs/k4_mvtec_cable.log 2>&1
python train_seg.py --dataset mvtec --gpu-id 0 --k-shot 4 --class_name capsule --root-dir ./result/promptpurging > ./result/promptpurging/seg_logs/k4_mvtec_capsule.log 2>&1
python train_seg.py --dataset mvtec --gpu-id 0 --k-shot 4 --class_name hazelnut --root-dir ./result/promptpurging > ./result/promptpurging/seg_logs/k4_mvtec_hazelnut.log 2>&1
python train_seg.py --dataset mvtec --gpu-id 0 --k-shot 4 --class_name metal_nut --root-dir ./result/promptpurging > ./result/promptpurging/seg_logs/k4_mvtec_metal_nut.log 2>&1
python train_seg.py --dataset mvtec --gpu-id 0 --k-shot 4 --class_name pill --root-dir ./result/promptpurging > ./result/promptpurging/seg_logs/k4_mvtec_pill.log 2>&1
python train_seg.py --dataset mvtec --gpu-id 0 --k-shot 4 --class_name screw --root-dir ./result/promptpurging > ./result/promptpurging/seg_logs/k4_mvtec_screw.log 2>&1
python train_seg.py --dataset mvtec --gpu-id 0 --k-shot 4 --class_name toothbrush --root-dir ./result/promptpurging > ./result/promptpurging/seg_logs/k4_mvtec_toothbrush.log 2>&1
python train_seg.py --dataset mvtec --gpu-id 0 --k-shot 4 --class_name transistor --root-dir ./result/promptpurging > ./result/promptpurging/seg_logs/k4_mvtec_transistor.log 2>&1
python train_seg.py --dataset mvtec --gpu-id 0 --k-shot 4 --class_name zipper --root-dir ./result/promptpurging > ./result/promptpurging/seg_logs/k4_mvtec_zipper.log 2>&1
python train_seg.py --dataset visa --gpu-id 0 --k-shot 4 --class_name candle --root-dir ./result/promptpurging > ./result/promptpurging/seg_logs/k4_visa_candle.log 2>&1
python train_seg.py --dataset visa --gpu-id 0 --k-shot 4 --class_name capsules --root-dir ./result/promptpurging > ./result/promptpurging/seg_logs/k4_visa_capsules.log 2>&1
python train_seg.py --dataset visa --gpu-id 0 --k-shot 4 --class_name cashew --root-dir ./result/promptpurging > ./result/promptpurging/seg_logs/k4_visa_cashew.log 2>&1
python train_seg.py --dataset visa --gpu-id 0 --k-shot 4 --class_name chewinggum --root-dir ./result/promptpurging > ./result/promptpurging/seg_logs/k4_visa_chewinggum.log 2>&1
python train_seg.py --dataset visa --gpu-id 0 --k-shot 4 --class_name fryum --root-dir ./result/promptpurging > ./result/promptpurging/seg_logs/k4_visa_fryum.log 2>&1
python train_seg.py --dataset visa --gpu-id 0 --k-shot 4 --class_name macaroni1 --root-dir ./result/promptpurging > ./result/promptpurging/seg_logs/k4_visa_macaroni1.log 2>&1
python train_seg.py --dataset visa --gpu-id 0 --k-shot 4 --class_name macaroni2 --root-dir ./result/promptpurging > ./result/promptpurging/seg_logs/k4_visa_macaroni2.log 2>&1
python train_seg.py --dataset visa --gpu-id 0 --k-shot 4 --class_name pcb1 --root-dir ./result/promptpurging > ./result/promptpurging/seg_logs/k4_visa_pcb1.log 2>&1
python train_seg.py --dataset visa --gpu-id 0 --k-shot 4 --class_name pcb2 --root-dir ./result/promptpurging > ./result/promptpurging/seg_logs/k4_visa_pcb2.log 2>&1
python train_seg.py --dataset visa --gpu-id 0 --k-shot 4 --class_name pcb3 --root-dir ./result/promptpurging > ./result/promptpurging/seg_logs/k4_visa_pcb3.log 2>&1
python train_seg.py --dataset visa --gpu-id 0 --k-shot 4 --class_name pcb4 --root-dir ./result/promptpurging > ./result/promptpurging/seg_logs/k4_visa_pcb4.log 2>&1
python train_seg.py --dataset visa --gpu-id 0 --k-shot 4 --class_name pipe_fryum --root-dir ./result/promptpurging > ./result/promptpurging/seg_logs/k4_visa_pipe_fryum.log 2>&1
