{
  "mean": 0.243408203125,
  "std": 0.00389862060546875,
  "p50": 0.24346923828125,
  "p90": 0.24871826171875,
  "p95": 0.24984130859375,
  "p99": 0.25041259765625,
  "max": 0.25048828125,
  "hit_rate_0.3": 0.0,
  "hit_rate_0.4": 0.0,
  "hit_rate_0.5": 0.0,
  "hit_rate_0.6": 0.0,
  "hit_rate_0.7": 0.0
}