{
  "mean": 0.86083984375,
  "std": 0.03656005859375,
  "max": 0.93896484375,
  "p90": 0.9072265625,
  "p95": 0.92529296875,
  "top10_mean": 0.93408203125,
  "collapse_score": 0.93408203125
}