{
  "normal_mean": -0.0096282958984375,
  "normal_std": 0.0016374588012695312,
  "abnormal_mean": -0.034423828125,
  "abnormal_std": 0.0166778564453125,
  "separation": 0.0247955322265625,
  "overlap_ratio": 0.10986328125,
  "ks_distance": 0.8478260869565217,
  "ks_pvalue": 3.3261144958896736e-18
}