{
  "normal_semantic_mean": 0.50244140625,
  "normal_semantic_std": 0.0004229545593261719,
  "abnormal_semantic_mean": 0.5087890625,
  "abnormal_semantic_std": 0.004184722900390625
}