{
  "semantic": {
    "p_roc": 88.0904170930068
  },
  "memory": {
    "p_roc": 94.3571327204595
  },
  "max": {
    "p_roc": 94.10934091363603
  },
  "harmonic": {
    "p_roc": 93.63903730599968
  },
  "oracle": {
    "p_roc": 94.10934091363603
  }
}