{
  "semantic": {
    "i_roc": 95.113,
    "score_mode": "semantic"
  },
  "memory": {
    "i_roc": 86.07849999999999,
    "score_mode": "memory"
  },
  "max": {
    "i_roc": 95.113,
    "score_mode": "max",
    "i_roc_semantic": 95.113,
    "i_roc_memory": 86.07849999999999,
    "gap": 0.0,
    "memory_nn_margin_mean": 0.0218505859375,
    "memory_nn_margin_std": 0.002315521240234375
  },
  "harmonic": {
    "i_roc": 86.81949999999999,
    "score_mode": "harmonic",
    "i_roc_semantic": 95.113,
    "i_roc_memory": 86.07849999999999,
    "gap": -8.293500000000009,
    "memory_nn_margin_mean": 0.0218505859375,
    "memory_nn_margin_std": 0.002315521240234375
  },
  "oracle": {
    "i_roc": 100.0,
    "score_mode": "oracle",
    "i_roc_semantic": 95.113,
    "i_roc_memory": 86.07849999999999,
    "gap": 4.886999999999997,
    "oracle_semantic_ratio": 9.090909090909092,
    "oracle_memory_ratio": 90.9090909090909,
    "memory_nn_margin_mean": 0.0218505859375,
    "memory_nn_margin_std": 0.002315521240234375
  }
}