{
  "semantic": {
    "i_roc": 57.80813953488373,
    "score_mode": "semantic"
  },
  "memory": {
    "i_roc": 70.27906976744187,
    "score_mode": "memory"
  },
  "max": {
    "i_roc": 70.1295681063123,
    "score_mode": "max",
    "i_roc_semantic": 57.80813953488373,
    "i_roc_memory": 70.27906976744187,
    "gap": -0.14950166112956964,
    "memory_nn_margin_mean": 0.0289154052734375,
    "memory_nn_margin_std": 0.0015630722045898438
  },
  "harmonic": {
    "i_roc": 70.19186046511628,
    "score_mode": "harmonic",
    "i_roc_semantic": 57.80813953488373,
    "i_roc_memory": 70.27906976744187,
    "gap": -0.0872093023255971,
    "memory_nn_margin_mean": 0.0289154052734375,
    "memory_nn_margin_std": 0.0015630722045898438
  },
  "oracle": {
    "i_roc": 100.0,
    "score_mode": "oracle",
    "i_roc_semantic": 57.80813953488373,
    "i_roc_memory": 70.27906976744187,
    "gap": 29.72093023255813,
    "oracle_semantic_ratio": 85.18518518518519,
    "oracle_memory_ratio": 14.814814814814813,
    "memory_nn_margin_mean": 0.0289154052734375,
    "memory_nn_margin_std": 0.0015630722045898438
  }
}