{
  "semantic": {
    "p_roc": 61.5407139706039
  },
  "memory": {
    "p_roc": 95.63333566280143
  },
  "max": {
    "p_roc": 95.631540283649
  },
  "harmonic": {
    "p_roc": 66.09944227315965
  },
  "oracle": {
    "p_roc": 95.631540283649
  }
}