{
  "semantic": {
    "p_roc": 95.29732625458233
  },
  "memory": {
    "p_roc": 87.98799532072339
  },
  "max": {
    "p_roc": 95.29732625458233
  },
  "harmonic": {
    "p_roc": 91.95445375955818
  },
  "oracle": {
    "p_roc": 95.29732625458233
  }
}