{
  "semantic": {
    "i_roc": 92.31800000000001,
    "score_mode": "semantic"
  },
  "memory": {
    "i_roc": 83.43599999999999,
    "score_mode": "memory"
  },
  "max": {
    "i_roc": 92.31800000000001,
    "score_mode": "max",
    "i_roc_semantic": 92.31800000000001,
    "i_roc_memory": 83.43599999999999,
    "gap": 0.0,
    "memory_nn_margin_mean": 0.0188446044921875,
    "memory_nn_margin_std": 0.001064300537109375
  },
  "harmonic": {
    "i_roc": 84.571,
    "score_mode": "harmonic",
    "i_roc_semantic": 92.31800000000001,
    "i_roc_memory": 83.43599999999999,
    "gap": -7.747000000000015,
    "memory_nn_margin_mean": 0.0188446044921875,
    "memory_nn_margin_std": 0.001064300537109375
  },
  "oracle": {
    "i_roc": 100.0,
    "score_mode": "oracle",
    "i_roc_semantic": 92.31800000000001,
    "i_roc_memory": 83.43599999999999,
    "gap": 7.681999999999989,
    "oracle_semantic_ratio": 16.666666666666664,
    "oracle_memory_ratio": 83.33333333333334,
    "memory_nn_margin_mean": 0.0188446044921875,
    "memory_nn_margin_std": 0.001064300537109375
  }
}