{
  "semantic": {
    "p_roc": 98.60818401428615
  },
  "memory": {
    "p_roc": 96.91984083241054
  },
  "max": {
    "p_roc": 99.14072243994568
  },
  "harmonic": {
    "p_roc": 99.60949826594236
  },
  "oracle": {
    "p_roc": 99.14072243994568
  }
}