{
  "semantic": {
    "i_roc": 76.88600000000001,
    "score_mode": "semantic"
  },
  "memory": {
    "i_roc": 88.99600000000001,
    "score_mode": "memory"
  },
  "max": {
    "i_roc": 90.104,
    "score_mode": "max",
    "i_roc_semantic": 76.88600000000001,
    "i_roc_memory": 88.99600000000001,
    "gap": 1.1079999999999868,
    "memory_nn_margin_mean": 0.024688720703125,
    "memory_nn_margin_std": 0.002315521240234375
  },
  "harmonic": {
    "i_roc": 90.157,
    "score_mode": "harmonic",
    "i_roc_semantic": 76.88600000000001,
    "i_roc_memory": 88.99600000000001,
    "gap": 1.1609999999999898,
    "memory_nn_margin_mean": 0.024688720703125,
    "memory_nn_margin_std": 0.002315521240234375
  },
  "oracle": {
    "i_roc": 98.099,
    "score_mode": "oracle",
    "i_roc_semantic": 76.88600000000001,
    "i_roc_memory": 88.99600000000001,
    "gap": 9.102999999999994,
    "oracle_semantic_ratio": 26.0,
    "oracle_memory_ratio": 74.0,
    "memory_nn_margin_mean": 0.024688720703125,
    "memory_nn_margin_std": 0.002315521240234375
  }
}