{
  "semantic": {
    "p_roc": 93.4951243688127
  },
  "memory": {
    "p_roc": 95.10369002750775
  },
  "max": {
    "p_roc": 96.01561875546122
  },
  "harmonic": {
    "p_roc": 97.23277907361725
  },
  "oracle": {
    "p_roc": 96.01561875546122
  }
}