{
  "semantic": {
    "p_roc": 95.61130818561107
  },
  "memory": {
    "p_roc": 91.22873890337975
  },
  "max": {
    "p_roc": 96.5926074277556
  },
  "harmonic": {
    "p_roc": 97.23929036096325
  },
  "oracle": {
    "p_roc": 96.5926074277556
  }
}