{
  "semantic": {
    "p_roc": 93.76848564221613
  },
  "memory": {
    "p_roc": 91.51984522372777
  },
  "max": {
    "p_roc": 94.84360115921771
  },
  "harmonic": {
    "p_roc": 94.95689610805525
  },
  "oracle": {
    "p_roc": 94.84360115921771
  }
}