{
  "semantic": {
    "i_roc": 83.7295,
    "score_mode": "semantic"
  },
  "memory": {
    "i_roc": 83.534,
    "score_mode": "memory"
  },
  "max": {
    "i_roc": 83.5685,
    "score_mode": "max",
    "i_roc_semantic": 83.7295,
    "i_roc_memory": 83.534,
    "gap": -0.16100000000000003,
    "memory_nn_margin_mean": 0.02630615234375,
    "memory_nn_margin_std": 0.0019683837890625
  },
  "harmonic": {
    "i_roc": 87.2345,
    "score_mode": "harmonic",
    "i_roc_semantic": 83.7295,
    "i_roc_memory": 83.534,
    "gap": 3.5049999999999915,
    "memory_nn_margin_mean": 0.02630615234375,
    "memory_nn_margin_std": 0.0019683837890625
  },
  "oracle": {
    "i_roc": 100.0,
    "score_mode": "oracle",
    "i_roc_semantic": 83.7295,
    "i_roc_memory": 83.534,
    "gap": 16.2705,
    "oracle_semantic_ratio": 90.54545454545455,
    "oracle_memory_ratio": 9.454545454545455,
    "memory_nn_margin_mean": 0.02630615234375,
    "memory_nn_margin_std": 0.0019683837890625
  }
}