{
  "semantic": {
    "p_roc": 89.56871706695603
  },
  "memory": {
    "p_roc": 98.15929045194117
  },
  "max": {
    "p_roc": 98.32865313177177
  },
  "harmonic": {
    "p_roc": 96.84542778872213
  },
  "oracle": {
    "p_roc": 98.32865313177177
  }
}