{
  "semantic": {
    "p_roc": 89.55996482331987
  },
  "memory": {
    "p_roc": 84.44882799105213
  },
  "max": {
    "p_roc": 94.85184299646396
  },
  "harmonic": {
    "p_roc": 93.63832377886925
  },
  "oracle": {
    "p_roc": 94.85184299646396
  }
}