{
  "semantic": {
    "p_roc": 85.47621347481613
  },
  "memory": {
    "p_roc": 95.98546823483163
  },
  "max": {
    "p_roc": 96.40106196751977
  },
  "harmonic": {
    "p_roc": 93.98011941577114
  },
  "oracle": {
    "p_roc": 96.40106196751977
  }
}