{
  "semantic": {
    "p_roc": 93.37090834519978
  },
  "memory": {
    "p_roc": 93.20029874970362
  },
  "max": {
    "p_roc": 97.9433273780934
  },
  "harmonic": {
    "p_roc": 97.88581897773484
  },
  "oracle": {
    "p_roc": 97.9433273780934
  }
}