{
  "semantic": {
    "p_roc": 98.92619965244002
  },
  "memory": {
    "p_roc": 99.54291654118663
  },
  "max": {
    "p_roc": 99.54223917493839
  },
  "harmonic": {
    "p_roc": 99.56919497537604
  },
  "oracle": {
    "p_roc": 99.54223917493839
  }
}