{
  "semantic": {
    "i_roc": 73.178,
    "score_mode": "semantic"
  },
  "memory": {
    "i_roc": 98.6,
    "score_mode": "memory"
  },
  "max": {
    "i_roc": 98.60200000000002,
    "score_mode": "max",
    "i_roc_semantic": 73.178,
    "i_roc_memory": 98.6,
    "gap": 0.0020000000000131024,
    "memory_nn_margin_mean": 0.019073486328125,
    "memory_nn_margin_std": 0.001064300537109375
  },
  "harmonic": {
    "i_roc": 96.57,
    "score_mode": "harmonic",
    "i_roc_semantic": 73.178,
    "i_roc_memory": 98.6,
    "gap": -2.0299999999999985,
    "memory_nn_margin_mean": 0.019073486328125,
    "memory_nn_margin_std": 0.001064300537109375
  },
  "oracle": {
    "i_roc": 100.0,
    "score_mode": "oracle",
    "i_roc_semantic": 73.178,
    "i_roc_memory": 98.6,
    "gap": 1.4000000000000012,
    "oracle_semantic_ratio": 82.66666666666667,
    "oracle_memory_ratio": 17.333333333333336,
    "memory_nn_margin_mean": 0.019073486328125,
    "memory_nn_margin_std": 0.001064300537109375
  }
}