{
  "mean": 0.3447265625,
  "std": 0.011505126953125,
  "p50": 0.343505859375,
  "p90": 0.35888671875,
  "p95": 0.36083984375,
  "p99": 0.37158203125,
  "max": 0.375,
  "hit_rate_0.3": 1.0,
  "hit_rate_0.4": 0.0,
  "hit_rate_0.5": 0.0,
  "hit_rate_0.6": 0.0,
  "hit_rate_0.7": 0.0
}