{
  "mean": 0.7802734375,
  "std": 0.078369140625,
  "max": 0.9345703125,
  "p90": 0.8818359375,
  "p95": 0.8988037109375,
  "top10_mean": 0.9111328125,
  "collapse_score": 0.9111328125
}