{
  "normal_mean": -0.1444091796875,
  "normal_std": 0.005512237548828125,
  "abnormal_mean": -0.1466064453125,
  "abnormal_std": 0.00926971435546875,
  "separation": 0.002197265625,
  "overlap_ratio": 0.47705078125,
  "ks_distance": 0.29296235679214405,
  "ks_pvalue": 0.036254531960661834
}