{
  "normal_semantic_mean": 0.5361328125,
  "normal_semantic_std": 0.0014028549194335938,
  "abnormal_semantic_mean": 0.53662109375,
  "abnormal_semantic_std": 0.00234222412109375
}