{
  "mean": 0.9375,
  "std": 0.0189361572265625,
  "max": 1.0,
  "p90": 0.9599609375,
  "p95": 0.9671630859375,
  "top10_mean": 0.97705078125,
  "collapse_score": 0.97705078125
}