{
  "normal_mean": -0.0106048583984375,
  "normal_std": 0.0022373199462890625,
  "abnormal_mean": -0.0102691650390625,
  "abnormal_std": 0.001827239990234375,
  "separation": -0.000335693359375,
  "overlap_ratio": 0.84521484375,
  "ks_distance": 0.11502487562189055,
  "ks_pvalue": 0.1657192382463539
}