{
  "normal_semantic_mean": 0.5029296875,
  "normal_semantic_std": 0.0006461143493652344,
  "abnormal_semantic_mean": 0.50244140625,
  "abnormal_semantic_std": 0.00048828125
}