{
  "mean": 0.25048828125,
  "std": 0.0101318359375,
  "p50": 0.2509765625,
  "p90": 0.26318359375,
  "p95": 0.267041015625,
  "p99": 0.274404296875,
  "max": 0.280517578125,
  "hit_rate_0.3": 0.0,
  "hit_rate_0.4": 0.0,
  "hit_rate_0.5": 0.0,
  "hit_rate_0.6": 0.0,
  "hit_rate_0.7": 0.0
}