{
  "normal_mean": -0.0380859375,
  "normal_std": 0.004627227783203125,
  "abnormal_mean": -0.03106689453125,
  "abnormal_std": 0.004852294921875,
  "separation": -0.00701904296875,
  "overlap_ratio": 0.62060546875,
  "ks_distance": 0.5870517928286852,
  "ks_pvalue": 4.391404612038e-30
}