{
  "mean": 0.89208984375,
  "std": 0.0390625,
  "max": 0.96728515625,
  "p90": 0.9361328125,
  "p95": 0.9448974609374999,
  "top10_mean": 0.95703125,
  "collapse_score": 0.95703125
}