{
  "normal_semantic_mean": 0.50927734375,
  "normal_semantic_std": 0.001171112060546875,
  "abnormal_semantic_mean": 0.5078125,
  "abnormal_semantic_std": 0.0011959075927734375
}