{
  "mean": 0.1981201171875,
  "std": 0.0095062255859375,
  "p50": 0.19775390625,
  "p90": 0.2108154296875,
  "p95": 0.21435546875,
  "p99": 0.22092163085937502,
  "max": 0.23291015625,
  "hit_rate_0.3": 0.0,
  "hit_rate_0.4": 0.0,
  "hit_rate_0.5": 0.0,
  "hit_rate_0.6": 0.0,
  "hit_rate_0.7": 0.0
}