{
  "normal_semantic_mean": 0.505859375,
  "normal_semantic_std": 0.000690460205078125,
  "abnormal_semantic_mean": 0.505859375,
  "abnormal_semantic_std": 0.000732421875
}