{
  "normal_mean": -0.0230560302734375,
  "normal_std": 0.002750396728515625,
  "abnormal_mean": -0.0230865478515625,
  "abnormal_std": 0.0029392242431640625,
  "separation": 3.0517578125e-05,
  "overlap_ratio": 0.8896484375,
  "ks_distance": 0.03679920477137177,
  "ks_pvalue": 0.9992402396518
}