{
  "mean": 0.2091064453125,
  "std": 0.008697509765625,
  "p50": 0.2088623046875,
  "p90": 0.2205810546875,
  "p95": 0.2239990234375,
  "p99": 0.23043212890625003,
  "max": 0.2418212890625,
  "hit_rate_0.3": 0.0,
  "hit_rate_0.4": 0.0,
  "hit_rate_0.5": 0.0,
  "hit_rate_0.6": 0.0,
  "hit_rate_0.7": 0.0
}