{
  "mean": 0.88330078125,
  "std": 0.03985595703125,
  "max": 0.9599609375,
  "p90": 0.92998046875,
  "p95": 0.943408203125,
  "top10_mean": 0.95263671875,
  "collapse_score": 0.95263671875
}