{
  "semantic": {
    "i_roc": 86.493,
    "score_mode": "semantic"
  },
  "memory": {
    "i_roc": 83.43599999999999,
    "score_mode": "memory"
  },
  "max": {
    "i_roc": 86.493,
    "score_mode": "max",
    "i_roc_semantic": 86.493,
    "i_roc_memory": 83.43599999999999,
    "gap": 0.0,
    "memory_nn_margin_mean": 0.0188446044921875,
    "memory_nn_margin_std": 0.001064300537109375
  },
  "harmonic": {
    "i_roc": 84.04799999999999,
    "score_mode": "harmonic",
    "i_roc_semantic": 86.493,
    "i_roc_memory": 83.43599999999999,
    "gap": -2.4450000000000083,
    "memory_nn_margin_mean": 0.0188446044921875,
    "memory_nn_margin_std": 0.001064300537109375
  },
  "oracle": {
    "i_roc": 100.0,
    "score_mode": "oracle",
    "i_roc_semantic": 86.493,
    "i_roc_memory": 83.43599999999999,
    "gap": 13.507000000000001,
    "oracle_semantic_ratio": 16.666666666666664,
    "oracle_memory_ratio": 83.33333333333334,
    "memory_nn_margin_mean": 0.0188446044921875,
    "memory_nn_margin_std": 0.001064300537109375
  }
}