{
  "semantic": {
    "i_roc": 76.61300000000001,
    "score_mode": "semantic"
  },
  "memory": {
    "i_roc": 83.534,
    "score_mode": "memory"
  },
  "max": {
    "i_roc": 76.61300000000001,
    "score_mode": "max",
    "i_roc_semantic": 76.61300000000001,
    "i_roc_memory": 83.534,
    "gap": -6.920999999999999,
    "memory_nn_margin_mean": 0.02630615234375,
    "memory_nn_margin_std": 0.0019683837890625
  },
  "harmonic": {
    "i_roc": 83.7935,
    "score_mode": "harmonic",
    "i_roc_semantic": 76.61300000000001,
    "i_roc_memory": 83.534,
    "gap": 0.2594999999999903,
    "memory_nn_margin_mean": 0.02630615234375,
    "memory_nn_margin_std": 0.0019683837890625
  },
  "oracle": {
    "i_roc": 100.0,
    "score_mode": "oracle",
    "i_roc_semantic": 76.61300000000001,
    "i_roc_memory": 83.534,
    "gap": 16.46599999999999,
    "oracle_semantic_ratio": 9.090909090909092,
    "oracle_memory_ratio": 90.9090909090909,
    "memory_nn_margin_mean": 0.02630615234375,
    "memory_nn_margin_std": 0.0019683837890625
  }
}