{
  "semantic": {
    "i_roc": 52.27322677322677,
    "score_mode": "semantic"
  },
  "memory": {
    "i_roc": 75.68031968031967,
    "score_mode": "memory"
  },
  "max": {
    "i_roc": 52.27322677322677,
    "score_mode": "max",
    "i_roc_semantic": 52.27322677322677,
    "i_roc_memory": 75.68031968031967,
    "gap": -23.40709290709291,
    "memory_nn_margin_mean": 0.0313720703125,
    "memory_nn_margin_std": 0.00656890869140625
  },
  "harmonic": {
    "i_roc": 76.09590409590409,
    "score_mode": "harmonic",
    "i_roc_semantic": 52.27322677322677,
    "i_roc_memory": 75.68031968031967,
    "gap": 0.4155844155844135,
    "memory_nn_margin_mean": 0.0313720703125,
    "memory_nn_margin_std": 0.00656890869140625
  },
  "oracle": {
    "i_roc": 100.0,
    "score_mode": "oracle",
    "i_roc_semantic": 52.27322677322677,
    "i_roc_memory": 75.68031968031967,
    "gap": 24.319680319680327,
    "oracle_semantic_ratio": 9.08265213442325,
    "oracle_memory_ratio": 90.91734786557674,
    "memory_nn_margin_mean": 0.0313720703125,
    "memory_nn_margin_std": 0.00656890869140625
  }
}