{
  "semantic": {
    "i_roc": 85.48407960199005,
    "score_mode": "semantic"
  },
  "memory": {
    "i_roc": 86.37114427860698,
    "score_mode": "memory"
  },
  "max": {
    "i_roc": 85.48407960199005,
    "score_mode": "max",
    "i_roc_semantic": 85.48407960199005,
    "i_roc_memory": 86.37114427860698,
    "gap": -0.8870646766169221,
    "memory_nn_margin_mean": 0.031280517578125,
    "memory_nn_margin_std": 0.00550079345703125
  },
  "harmonic": {
    "i_roc": 86.63731343283581,
    "score_mode": "harmonic",
    "i_roc_semantic": 85.48407960199005,
    "i_roc_memory": 86.37114427860698,
    "gap": 0.2661691542288458,
    "memory_nn_margin_mean": 0.031280517578125,
    "memory_nn_margin_std": 0.00550079345703125
  },
  "oracle": {
    "i_roc": 100.0,
    "score_mode": "oracle",
    "i_roc_semantic": 85.48407960199005,
    "i_roc_memory": 86.37114427860698,
    "gap": 13.62885572139303,
    "oracle_semantic_ratio": 9.049773755656108,
    "oracle_memory_ratio": 90.9502262443439,
    "memory_nn_margin_mean": 0.031280517578125,
    "memory_nn_margin_std": 0.00550079345703125
  }
}