{
  "normal_mean": -0.09033203125,
  "normal_std": 0.005405426025390625,
  "abnormal_mean": -0.09429931640625,
  "abnormal_std": 0.007694244384765625,
  "separation": 0.00396728515625,
  "overlap_ratio": 0.49267578125,
  "ks_distance": 0.3310729956122856,
  "ks_pvalue": 0.023245007852468937
}