{
  "normal_semantic_mean": 0.5224609375,
  "normal_semantic_std": 0.0013370513916015625,
  "abnormal_semantic_mean": 0.5234375,
  "abnormal_semantic_std": 0.0019063949584960938
}