{
  "mean": 0.76708984375,
  "std": 0.06964111328125,
  "max": 0.9091796875,
  "p90": 0.859814453125,
  "p95": 0.8777832031249999,
  "top10_mean": 0.8984375,
  "collapse_score": 0.8984375
}