{
  "mean": 0.252197265625,
  "std": 0.016082763671875,
  "p50": 0.257080078125,
  "p90": 0.266015625,
  "p95": 0.2667724609375,
  "p99": 0.275986328125,
  "max": 0.278564453125,
  "hit_rate_0.3": 0.0,
  "hit_rate_0.4": 0.0,
  "hit_rate_0.5": 0.0,
  "hit_rate_0.6": 0.0,
  "hit_rate_0.7": 0.0
}