{
  "mean": 0.84619140625,
  "std": 0.0574951171875,
  "max": 0.9501953125,
  "p90": 0.9228515625,
  "p95": 0.9407958984375,
  "top10_mean": 0.9453125,
  "collapse_score": 0.9453125
}