{
  "normal_mean": -0.02923583984375,
  "normal_std": 0.00899505615234375,
  "abnormal_mean": -0.032501220703125,
  "abnormal_std": 0.01126861572265625,
  "separation": 0.003265380859375,
  "overlap_ratio": 0.92041015625,
  "ks_distance": 0.192,
  "ks_pvalue": 0.0038369748542590085
}