{
  "mean": 0.1453857421875,
  "std": 0.026397705078125,
  "p50": 0.1451416015625,
  "p90": 0.1808349609375,
  "p95": 0.188970947265625,
  "p99": 0.20618896484375,
  "max": 0.2344970703125,
  "hit_rate_0.3": 0.0,
  "hit_rate_0.4": 0.0,
  "hit_rate_0.5": 0.0,
  "hit_rate_0.6": 0.0,
  "hit_rate_0.7": 0.0
}