{
  "normal_semantic_mean": 0.50732421875,
  "normal_semantic_std": 0.0022106170654296875,
  "abnormal_semantic_mean": 0.50830078125,
  "abnormal_semantic_std": 0.002826690673828125
}