{
  "mean": 0.26806640625,
  "std": 0.0083465576171875,
  "p50": 0.26806640625,
  "p90": 0.279296875,
  "p95": 0.28272705078125,
  "p99": 0.28809326171875,
  "max": 0.29833984375,
  "hit_rate_0.3": 0.0,
  "hit_rate_0.4": 0.0,
  "hit_rate_0.5": 0.0,
  "hit_rate_0.6": 0.0,
  "hit_rate_0.7": 0.0
}