{
  "mean": 0.814453125,
  "std": 0.06597900390625,
  "max": 0.94775390625,
  "p90": 0.8939453125,
  "p95": 0.902734375,
  "top10_mean": 0.92724609375,
  "collapse_score": 0.92724609375
}