{
  "mean": 0.8212890625,
  "std": 0.058868408203125,
  "max": 0.935546875,
  "p90": 0.89541015625,
  "p95": 0.9069580078125,
  "top10_mean": 0.91943359375,
  "collapse_score": 0.91943359375
}