{
  "normal_semantic_mean": 0.51611328125,
  "normal_semantic_std": 0.0016012191772460938,
  "abnormal_semantic_mean": 0.5166015625,
  "abnormal_semantic_std": 0.0015249252319335938
}