{
  "mean": 0.166015625,
  "std": 0.0111236572265625,
  "p50": 0.1651611328125,
  "p90": 0.18079833984375,
  "p95": 0.1849365234375,
  "p99": 0.19482421875,
  "max": 0.2086181640625,
  "hit_rate_0.3": 0.0,
  "hit_rate_0.4": 0.0,
  "hit_rate_0.5": 0.0,
  "hit_rate_0.6": 0.0,
  "hit_rate_0.7": 0.0
}