{
  "normal_mean": -0.051666259765625,
  "normal_std": 0.005084991455078125,
  "abnormal_mean": -0.06146240234375,
  "abnormal_std": 0.00777435302734375,
  "separation": 0.009796142578125,
  "overlap_ratio": 0.509765625,
  "ks_distance": 0.5459433040078201,
  "ks_pvalue": 1.896191925081346e-05
}