{
  "mean": 0.290283203125,
  "std": 0.00949859619140625,
  "p50": 0.2923583984375,
  "p90": 0.3011474609375,
  "p95": 0.30474853515625,
  "p99": 0.30512451171875,
  "max": 0.30517578125,
  "hit_rate_0.3": 0.13636363636363635,
  "hit_rate_0.4": 0.0,
  "hit_rate_0.5": 0.0,
  "hit_rate_0.6": 0.0,
  "hit_rate_0.7": 0.0
}