{
  "normal_semantic_mean": 0.51318359375,
  "normal_semantic_std": 0.0012445449829101562,
  "abnormal_semantic_mean": 0.51513671875,
  "abnormal_semantic_std": 0.0019063949584960938
}