{
  "mean": 0.84130859375,
  "std": 0.05560302734375,
  "max": 0.96142578125,
  "p90": 0.89990234375,
  "p95": 0.9156982421875,
  "top10_mean": 0.93212890625,
  "collapse_score": 0.93212890625
}