{
  "semantic": {
    "p_roc": 90.49706605056383
  },
  "memory": {
    "p_roc": 98.71839815537649
  },
  "max": {
    "p_roc": 98.61323145495248
  },
  "harmonic": {
    "p_roc": 95.43700655857165
  },
  "oracle": {
    "p_roc": 98.61323145495248
  }
}