{
  "semantic": {
    "i_roc": 95.51587301587301,
    "score_mode": "semantic"
  },
  "memory": {
    "i_roc": 99.52380952380952,
    "score_mode": "memory"
  },
  "max": {
    "i_roc": 99.44444444444444,
    "score_mode": "max",
    "i_roc_semantic": 95.51587301587301,
    "i_roc_memory": 99.52380952380952,
    "gap": -0.07936507936506798,
    "memory_nn_margin_mean": 0.0308685302734375,
    "memory_nn_margin_std": 0.004119873046875
  },
  "harmonic": {
    "i_roc": 99.36507936507937,
    "score_mode": "harmonic",
    "i_roc_semantic": 95.51587301587301,
    "i_roc_memory": 99.52380952380952,
    "gap": -0.15873015873014706,
    "memory_nn_margin_mean": 0.0308685302734375,
    "memory_nn_margin_std": 0.004119873046875
  },
  "oracle": {
    "i_roc": 100.0,
    "score_mode": "oracle",
    "i_roc_semantic": 95.51587301587301,
    "i_roc_memory": 99.52380952380952,
    "gap": 0.4761904761904856,
    "oracle_semantic_ratio": 12.048192771084338,
    "oracle_memory_ratio": 87.95180722891565,
    "memory_nn_margin_mean": 0.0308685302734375,
    "memory_nn_margin_std": 0.004119873046875
  }
}