{
  "semantic": {
    "p_roc": 92.82379590946576
  },
  "memory": {
    "p_roc": 95.92451138178242
  },
  "max": {
    "p_roc": 96.00464198990927
  },
  "harmonic": {
    "p_roc": 95.30078986381064
  },
  "oracle": {
    "p_roc": 96.00464198990927
  }
}