{
  "semantic": {
    "i_roc": 73.69365775827683,
    "score_mode": "semantic"
  },
  "memory": {
    "i_roc": 84.84244116473873,
    "score_mode": "memory"
  },
  "max": {
    "i_roc": 85.6003191065018,
    "score_mode": "max",
    "i_roc_semantic": 73.69365775827683,
    "i_roc_memory": 84.84244116473873,
    "gap": 0.7578779417630632,
    "memory_nn_margin_mean": 0.0301055908203125,
    "memory_nn_margin_std": 0.004093170166015625
  },
  "harmonic": {
    "i_roc": 82.0702034303949,
    "score_mode": "harmonic",
    "i_roc_semantic": 73.69365775827683,
    "i_roc_memory": 84.84244116473873,
    "gap": -2.772237734343841,
    "memory_nn_margin_mean": 0.0301055908203125,
    "memory_nn_margin_std": 0.004093170166015625
  },
  "oracle": {
    "i_roc": 93.67770243318706,
    "score_mode": "oracle",
    "i_roc_semantic": 73.69365775827683,
    "i_roc_memory": 84.84244116473873,
    "gap": 8.835261268448335,
    "oracle_semantic_ratio": 21.96969696969697,
    "oracle_memory_ratio": 78.03030303030303,
    "memory_nn_margin_mean": 0.0301055908203125,
    "memory_nn_margin_std": 0.004093170166015625
  }
}