{
  "semantic": {
    "p_roc": 91.43290689308085
  },
  "memory": {
    "p_roc": 89.85237888001133
  },
  "max": {
    "p_roc": 95.43968417009968
  },
  "harmonic": {
    "p_roc": 95.13958325701358
  },
  "oracle": {
    "p_roc": 95.43968417009968
  }
}