{
  "semantic": {
    "i_roc": 99.99999999999999,
    "score_mode": "semantic"
  },
  "memory": {
    "i_roc": 99.79935794542536,
    "score_mode": "memory"
  },
  "max": {
    "i_roc": 100.0,
    "score_mode": "max",
    "i_roc_semantic": 99.99999999999999,
    "i_roc_memory": 99.79935794542536,
    "gap": 1.1102230246251565e-14,
    "memory_nn_margin_mean": 0.02032470703125,
    "memory_nn_margin_std": 0.0011959075927734375
  },
  "harmonic": {
    "i_roc": 99.8796147672552,
    "score_mode": "harmonic",
    "i_roc_semantic": 99.99999999999999,
    "i_roc_memory": 99.79935794542536,
    "gap": -0.12038523274477964,
    "memory_nn_margin_mean": 0.02032470703125,
    "memory_nn_margin_std": 0.0011959075927734375
  },
  "oracle": {
    "i_roc": 100.0,
    "score_mode": "oracle",
    "i_roc_semantic": 99.99999999999999,
    "i_roc_memory": 99.79935794542536,
    "gap": 1.1102230246251565e-14,
    "oracle_semantic_ratio": 70.08547008547008,
    "oracle_memory_ratio": 29.914529914529915,
    "memory_nn_margin_mean": 0.02032470703125,
    "memory_nn_margin_std": 0.0011959075927734375
  }
}