{
  "semantic": {
    "p_roc": 98.10121221779853
  },
  "memory": {
    "p_roc": 96.00905371214058
  },
  "max": {
    "p_roc": 98.10121221779853
  },
  "harmonic": {
    "p_roc": 97.22810496143019
  },
  "oracle": {
    "p_roc": 98.10121221779853
  }
}