{
  "semantic": {
    "p_roc": 97.67301859398874
  },
  "memory": {
    "p_roc": 98.89465558069229
  },
  "max": {
    "p_roc": 98.89465477855805
  },
  "harmonic": {
    "p_roc": 98.12072925552107
  },
  "oracle": {
    "p_roc": 98.89465477855805
  }
}