{
  "semantic": {
    "i_roc": 80.10714285714286,
    "score_mode": "semantic"
  },
  "memory": {
    "i_roc": 99.85714285714286,
    "score_mode": "memory"
  },
  "max": {
    "i_roc": 99.85714285714286,
    "score_mode": "max",
    "i_roc_semantic": 80.10714285714286,
    "i_roc_memory": 99.85714285714286,
    "gap": 0.0,
    "memory_nn_margin_mean": 0.027435302734375,
    "memory_nn_margin_std": 0.0023670196533203125
  },
  "harmonic": {
    "i_roc": 96.58928571428571,
    "score_mode": "harmonic",
    "i_roc_semantic": 80.10714285714286,
    "i_roc_memory": 99.85714285714286,
    "gap": -3.2678571428571446,
    "memory_nn_margin_mean": 0.027435302734375,
    "memory_nn_margin_std": 0.0023670196533203125
  },
  "oracle": {
    "i_roc": 100.0,
    "score_mode": "oracle",
    "i_roc_semantic": 80.10714285714286,
    "i_roc_memory": 99.85714285714286,
    "gap": 0.14285714285714457,
    "oracle_semantic_ratio": 36.36363636363637,
    "oracle_memory_ratio": 63.63636363636363,
    "memory_nn_margin_mean": 0.027435302734375,
    "memory_nn_margin_std": 0.0023670196533203125
  }
}