{
  "semantic": {
    "i_roc": 100.0,
    "score_mode": "semantic"
  },
  "memory": {
    "i_roc": 99.86413043478261,
    "score_mode": "memory"
  },
  "max": {
    "i_roc": 100.0,
    "score_mode": "max",
    "i_roc_semantic": 100.0,
    "i_roc_memory": 99.86413043478261,
    "gap": 0.0,
    "memory_nn_margin_mean": 0.016937255859375,
    "memory_nn_margin_std": 0.0012683868408203125
  },
  "harmonic": {
    "i_roc": 99.86413043478261,
    "score_mode": "harmonic",
    "i_roc_semantic": 100.0,
    "i_roc_memory": 99.86413043478261,
    "gap": -0.13586956521739468,
    "memory_nn_margin_mean": 0.016937255859375,
    "memory_nn_margin_std": 0.0012683868408203125
  },
  "oracle": {
    "i_roc": 100.0,
    "score_mode": "oracle",
    "i_roc_semantic": 100.0,
    "i_roc_memory": 99.86413043478261,
    "gap": 0.0,
    "oracle_semantic_ratio": 74.19354838709677,
    "oracle_memory_ratio": 25.806451612903224,
    "memory_nn_margin_mean": 0.016937255859375,
    "memory_nn_margin_std": 0.0012683868408203125
  }
}