{
  "semantic": {
    "p_roc": 99.15760193713896
  },
  "memory": {
    "p_roc": 99.37995636106443
  },
  "max": {
    "p_roc": 99.39165609616235
  },
  "harmonic": {
    "p_roc": 99.34372546610624
  },
  "oracle": {
    "p_roc": 99.39165609616235
  }
}