{
  "semantic": {
    "i_roc": 85.55718475073313,
    "score_mode": "semantic"
  },
  "memory": {
    "i_roc": 99.41348973607037,
    "score_mode": "memory"
  },
  "max": {
    "i_roc": 99.38905180840665,
    "score_mode": "max",
    "i_roc_semantic": 85.55718475073313,
    "i_roc_memory": 99.41348973607037,
    "gap": -0.024437927663734094,
    "memory_nn_margin_mean": 0.031707763671875,
    "memory_nn_margin_std": 0.005924224853515625
  },
  "harmonic": {
    "i_roc": 99.48680351906158,
    "score_mode": "harmonic",
    "i_roc_semantic": 85.55718475073313,
    "i_roc_memory": 99.41348973607037,
    "gap": 0.07331378299120228,
    "memory_nn_margin_mean": 0.031707763671875,
    "memory_nn_margin_std": 0.005924224853515625
  },
  "oracle": {
    "i_roc": 99.99999999999999,
    "score_mode": "oracle",
    "i_roc_semantic": 85.55718475073313,
    "i_roc_memory": 99.41348973607037,
    "gap": 0.5865102639296071,
    "oracle_semantic_ratio": 19.130434782608695,
    "oracle_memory_ratio": 80.8695652173913,
    "memory_nn_margin_mean": 0.031707763671875,
    "memory_nn_margin_std": 0.005924224853515625
  }
}