{
  "semantic": {
    "p_roc": 80.07679253153918
  },
  "memory": {
    "p_roc": 91.0096439292779
  },
  "max": {
    "p_roc": 94.36515036499476
  },
  "harmonic": {
    "p_roc": 93.16411793104339
  },
  "oracle": {
    "p_roc": 94.36515036499476
  }
}