{
  "semantic": {
    "p_roc": 90.11101964039958
  },
  "memory": {
    "p_roc": 94.9457257132537
  },
  "max": {
    "p_roc": 96.00054005560644
  },
  "harmonic": {
    "p_roc": 94.91327059988434
  },
  "oracle": {
    "p_roc": 96.00054005560644
  }
}