{
  "semantic": {
    "i_roc": 66.41729862676777,
    "score_mode": "semantic"
  },
  "memory": {
    "i_roc": 55.91309694609551,
    "score_mode": "memory"
  },
  "max": {
    "i_roc": 66.41729862676777,
    "score_mode": "max",
    "i_roc_semantic": 66.41729862676777,
    "i_roc_memory": 55.91309694609551,
    "gap": 0.0,
    "memory_nn_margin_mean": 0.0260162353515625,
    "memory_nn_margin_std": 0.00504302978515625
  },
  "harmonic": {
    "i_roc": 58.03443328550932,
    "score_mode": "harmonic",
    "i_roc_semantic": 66.41729862676777,
    "i_roc_memory": 55.91309694609551,
    "gap": -8.38286534125845,
    "memory_nn_margin_mean": 0.0260162353515625,
    "memory_nn_margin_std": 0.00504302978515625
  },
  "oracle": {
    "i_roc": 100.0,
    "score_mode": "oracle",
    "i_roc_semantic": 66.41729862676777,
    "i_roc_memory": 55.91309694609551,
    "gap": 33.582701373232226,
    "oracle_semantic_ratio": 74.375,
    "oracle_memory_ratio": 25.624999999999996,
    "memory_nn_margin_mean": 0.0260162353515625,
    "memory_nn_margin_std": 0.00504302978515625
  }
}