{
  "semantic": {
    "p_roc": 74.6630596043857
  },
  "memory": {
    "p_roc": 91.64496583026614
  },
  "max": {
    "p_roc": 92.09613591783624
  },
  "harmonic": {
    "p_roc": 90.64423360356784
  },
  "oracle": {
    "p_roc": 92.09613591783624
  }
}