{
  "semantic": {
    "p_roc": 93.2313549241711
  },
  "memory": {
    "p_roc": 96.87125505030477
  },
  "max": {
    "p_roc": 97.03595078562476
  },
  "harmonic": {
    "p_roc": 95.73099694800908
  },
  "oracle": {
    "p_roc": 97.03595078562476
  }
}