{
  "semantic": {
    "i_roc": 69.58333333333333,
    "score_mode": "semantic"
  },
  "memory": {
    "i_roc": 94.16666666666667,
    "score_mode": "memory"
  },
  "max": {
    "i_roc": 94.02777777777779,
    "score_mode": "max",
    "i_roc_semantic": 69.58333333333333,
    "i_roc_memory": 94.16666666666667,
    "gap": -0.1388888888888884,
    "memory_nn_margin_mean": 0.02349853515625,
    "memory_nn_margin_std": 0.0016374588012695312
  },
  "harmonic": {
    "i_roc": 78.05555555555556,
    "score_mode": "harmonic",
    "i_roc_semantic": 69.58333333333333,
    "i_roc_memory": 94.16666666666667,
    "gap": -16.11111111111112,
    "memory_nn_margin_mean": 0.02349853515625,
    "memory_nn_margin_std": 0.0016374588012695312
  },
  "oracle": {
    "i_roc": 100.0,
    "score_mode": "oracle",
    "i_roc_semantic": 69.58333333333333,
    "i_roc_memory": 94.16666666666667,
    "gap": 5.833333333333323,
    "oracle_semantic_ratio": 28.57142857142857,
    "oracle_memory_ratio": 71.42857142857143,
    "memory_nn_margin_mean": 0.02349853515625,
    "memory_nn_margin_std": 0.0016374588012695312
  }
}