{
  "semantic": {
    "p_roc": 94.73410882813369
  },
  "memory": {
    "p_roc": 98.33785568914881
  },
  "max": {
    "p_roc": 98.3805514192148
  },
  "harmonic": {
    "p_roc": 98.35741869796425
  },
  "oracle": {
    "p_roc": 98.3805514192148
  }
}