{
  "semantic": {
    "p_roc": 72.85269119057415
  },
  "memory": {
    "p_roc": 87.95081928427169
  },
  "max": {
    "p_roc": 87.80393253902129
  },
  "harmonic": {
    "p_roc": 76.83287334451371
  },
  "oracle": {
    "p_roc": 87.80393253902129
  }
}