{
  "semantic": {
    "i_roc": 89.60416666666667,
    "score_mode": "semantic"
  },
  "memory": {
    "i_roc": 86.91666666666666,
    "score_mode": "memory"
  },
  "max": {
    "i_roc": 91.1875,
    "score_mode": "max",
    "i_roc_semantic": 89.60416666666667,
    "i_roc_memory": 86.91666666666666,
    "gap": 1.5833333333333255,
    "memory_nn_margin_mean": 0.05010986328125,
    "memory_nn_margin_std": 0.006694793701171875
  },
  "harmonic": {
    "i_roc": 91.89583333333333,
    "score_mode": "harmonic",
    "i_roc_semantic": 89.60416666666667,
    "i_roc_memory": 86.91666666666666,
    "gap": 2.2916666666666585,
    "memory_nn_margin_mean": 0.05010986328125,
    "memory_nn_margin_std": 0.006694793701171875
  },
  "oracle": {
    "i_roc": 99.97916666666666,
    "score_mode": "oracle",
    "i_roc_semantic": 89.60416666666667,
    "i_roc_memory": 86.91666666666666,
    "gap": 10.37499999999999,
    "oracle_semantic_ratio": 34.0,
    "oracle_memory_ratio": 66.0,
    "memory_nn_margin_mean": 0.05010986328125,
    "memory_nn_margin_std": 0.006694793701171875
  }
}