{
  "semantic": {
    "p_roc": 96.10529731821808
  },
  "memory": {
    "p_roc": 96.0691158157749
  },
  "max": {
    "p_roc": 96.56460974404321
  },
  "harmonic": {
    "p_roc": 96.27920864595666
  },
  "oracle": {
    "p_roc": 96.56460974404321
  }
}