{
  "semantic": {
    "p_roc": 92.58231636895579
  },
  "memory": {
    "p_roc": 89.49435520735689
  },
  "max": {
    "p_roc": 92.58231636895579
  },
  "harmonic": {
    "p_roc": 90.36071849262211
  },
  "oracle": {
    "p_roc": 92.58231636895579
  }
}