{
  "semantic": {
    "p_roc": 90.3240712525834
  },
  "memory": {
    "p_roc": 98.68692998164991
  },
  "max": {
    "p_roc": 98.58613954390843
  },
  "harmonic": {
    "p_roc": 95.03702489448092
  },
  "oracle": {
    "p_roc": 98.58613954390843
  }
}