{
  "semantic": {
    "i_roc": 83.11469265367316,
    "score_mode": "semantic"
  },
  "memory": {
    "i_roc": 89.14917541229384,
    "score_mode": "memory"
  },
  "max": {
    "i_roc": 89.03673163418291,
    "score_mode": "max",
    "i_roc_semantic": 83.11469265367316,
    "i_roc_memory": 89.14917541229384,
    "gap": -0.11244377811092665,
    "memory_nn_margin_mean": 0.049285888671875,
    "memory_nn_margin_std": 0.0040130615234375
  },
  "harmonic": {
    "i_roc": 92.62556221889055,
    "score_mode": "harmonic",
    "i_roc_semantic": 83.11469265367316,
    "i_roc_memory": 89.14917541229384,
    "gap": 3.4763868065966985,
    "memory_nn_margin_mean": 0.049285888671875,
    "memory_nn_margin_std": 0.0040130615234375
  },
  "oracle": {
    "i_roc": 99.60644677661169,
    "score_mode": "oracle",
    "i_roc_semantic": 83.11469265367316,
    "i_roc_memory": 89.14917541229384,
    "gap": 10.457271364317844,
    "oracle_semantic_ratio": 35.333333333333336,
    "oracle_memory_ratio": 64.66666666666666,
    "memory_nn_margin_mean": 0.049285888671875,
    "memory_nn_margin_std": 0.0040130615234375
  }
}