{
  "semantic": {
    "p_roc": 93.71988734113553
  },
  "memory": {
    "p_roc": 96.5976460531246
  },
  "max": {
    "p_roc": 96.6032243772633
  },
  "harmonic": {
    "p_roc": 96.14893980471211
  },
  "oracle": {
    "p_roc": 96.6032243772633
  }
}