{
  "semantic": {
    "p_roc": 91.5175982805806
  },
  "memory": {
    "p_roc": 88.42446577549875
  },
  "max": {
    "p_roc": 93.20647938725693
  },
  "harmonic": {
    "p_roc": 94.09773088650888
  },
  "oracle": {
    "p_roc": 93.20647938725693
  }
}