{
  "semantic": {
    "i_roc": 100.0,
    "score_mode": "semantic"
  },
  "memory": {
    "i_roc": 99.87961476725522,
    "score_mode": "memory"
  },
  "max": {
    "i_roc": 100.0,
    "score_mode": "max",
    "i_roc_semantic": 100.0,
    "i_roc_memory": 99.87961476725522,
    "gap": 0.0,
    "memory_nn_margin_mean": 0.022857666015625,
    "memory_nn_margin_std": 0.0015630722045898438
  },
  "harmonic": {
    "i_roc": 100.0,
    "score_mode": "harmonic",
    "i_roc_semantic": 100.0,
    "i_roc_memory": 99.87961476725522,
    "gap": 0.0,
    "memory_nn_margin_mean": 0.022857666015625,
    "memory_nn_margin_std": 0.0015630722045898438
  },
  "oracle": {
    "i_roc": 100.0,
    "score_mode": "oracle",
    "i_roc_semantic": 100.0,
    "i_roc_memory": 99.87961476725522,
    "gap": 0.0,
    "oracle_semantic_ratio": 38.46153846153847,
    "oracle_memory_ratio": 61.53846153846154,
    "memory_nn_margin_mean": 0.022857666015625,
    "memory_nn_margin_std": 0.0015630722045898438
  }
}