{
  "semantic": {
    "p_roc": 99.09404450677451
  },
  "memory": {
    "p_roc": 99.36330969687734
  },
  "max": {
    "p_roc": 99.36115552604993
  },
  "harmonic": {
    "p_roc": 99.26153615512
  },
  "oracle": {
    "p_roc": 99.36115552604993
  }
}