{
  "semantic": {
    "i_roc": 99.41520467836258,
    "score_mode": "semantic"
  },
  "memory": {
    "i_roc": 95.48872180451127,
    "score_mode": "memory"
  },
  "max": {
    "i_roc": 99.41520467836258,
    "score_mode": "max",
    "i_roc_semantic": 99.41520467836258,
    "i_roc_memory": 95.48872180451127,
    "gap": 0.0,
    "memory_nn_margin_mean": 0.0207366943359375,
    "memory_nn_margin_std": 0.0030193328857421875
  },
  "harmonic": {
    "i_roc": 96.65831244778613,
    "score_mode": "harmonic",
    "i_roc_semantic": 99.41520467836258,
    "i_roc_memory": 95.48872180451127,
    "gap": -2.7568922305764465,
    "memory_nn_margin_mean": 0.0207366943359375,
    "memory_nn_margin_std": 0.0030193328857421875
  },
  "oracle": {
    "i_roc": 100.0,
    "score_mode": "oracle",
    "i_roc_semantic": 99.41520467836258,
    "i_roc_memory": 95.48872180451127,
    "gap": 0.5847953216374213,
    "oracle_semantic_ratio": 73.07692307692307,
    "oracle_memory_ratio": 26.923076923076923,
    "memory_nn_margin_mean": 0.0207366943359375,
    "memory_nn_margin_std": 0.0030193328857421875
  }
}