{
  "semantic": {
    "p_roc": 97.97881304649587
  },
  "memory": {
    "p_roc": 95.60767535317339
  },
  "max": {
    "p_roc": 97.97881304649587
  },
  "harmonic": {
    "p_roc": 97.20243614922677
  },
  "oracle": {
    "p_roc": 97.97881304649587
  }
}