{
  "semantic": {
    "p_roc": 95.6793716886231
  },
  "memory": {
    "p_roc": 98.78337339104466
  },
  "max": {
    "p_roc": 98.78448912616335
  },
  "harmonic": {
    "p_roc": 98.6564924082063
  },
  "oracle": {
    "p_roc": 98.78448912616335
  }
}