{
  "semantic": {
    "p_roc": 99.04604547927633
  },
  "memory": {
    "p_roc": 99.44950715647688
  },
  "max": {
    "p_roc": 99.44950715647688
  },
  "harmonic": {
    "p_roc": 99.20714483494054
  },
  "oracle": {
    "p_roc": 99.44950715647688
  }
}