{
  "semantic": {
    "i_roc": 87.90322580645162,
    "score_mode": "semantic"
  },
  "memory": {
    "i_roc": 98.7781036168133,
    "score_mode": "memory"
  },
  "max": {
    "i_roc": 98.8514173998045,
    "score_mode": "max",
    "i_roc_semantic": 87.90322580645162,
    "i_roc_memory": 98.7781036168133,
    "gap": 0.07331378299120228,
    "memory_nn_margin_mean": 0.06005859375,
    "memory_nn_margin_std": 0.010528564453125
  },
  "harmonic": {
    "i_roc": 98.63147605083088,
    "score_mode": "harmonic",
    "i_roc_semantic": 87.90322580645162,
    "i_roc_memory": 98.7781036168133,
    "gap": -0.14662756598240456,
    "memory_nn_margin_mean": 0.06005859375,
    "memory_nn_margin_std": 0.010528564453125
  },
  "oracle": {
    "i_roc": 99.60899315738025,
    "score_mode": "oracle",
    "i_roc_semantic": 87.90322580645162,
    "i_roc_memory": 98.7781036168133,
    "gap": 0.8308895405669592,
    "oracle_semantic_ratio": 18.26086956521739,
    "oracle_memory_ratio": 81.73913043478261,
    "memory_nn_margin_mean": 0.06005859375,
    "memory_nn_margin_std": 0.010528564453125
  }
}