{
  "semantic": {
    "p_roc": 61.31707169273376
  },
  "memory": {
    "p_roc": 88.41203567315058
  },
  "max": {
    "p_roc": 88.78171071046867
  },
  "harmonic": {
    "p_roc": 89.36561412371184
  },
  "oracle": {
    "p_roc": 88.78171071046867
  }
}