{
  "semantic": {
    "p_roc": 92.24472644846854
  },
  "memory": {
    "p_roc": 93.49406215403663
  },
  "max": {
    "p_roc": 95.30837937110921
  },
  "harmonic": {
    "p_roc": 94.28040505400939
  },
  "oracle": {
    "p_roc": 95.30837937110921
  }
}