{
  "semantic": {
    "i_roc": 58.915761426521826,
    "score_mode": "semantic"
  },
  "memory": {
    "i_roc": 54.088952654232436,
    "score_mode": "memory"
  },
  "max": {
    "i_roc": 58.915761426521826,
    "score_mode": "max",
    "i_roc_semantic": 58.915761426521826,
    "i_roc_memory": 54.088952654232436,
    "gap": 0.0,
    "memory_nn_margin_mean": 0.026885986328125,
    "memory_nn_margin_std": 0.003444671630859375
  },
  "harmonic": {
    "i_roc": 54.81656077064972,
    "score_mode": "harmonic",
    "i_roc_semantic": 58.915761426521826,
    "i_roc_memory": 54.088952654232436,
    "gap": -4.099200655872104,
    "memory_nn_margin_mean": 0.026885986328125,
    "memory_nn_margin_std": 0.003444671630859375
  },
  "oracle": {
    "i_roc": 100.0,
    "score_mode": "oracle",
    "i_roc_semantic": 58.915761426521826,
    "i_roc_memory": 54.088952654232436,
    "gap": 41.084238573478174,
    "oracle_semantic_ratio": 74.375,
    "oracle_memory_ratio": 25.624999999999996,
    "memory_nn_margin_mean": 0.026885986328125,
    "memory_nn_margin_std": 0.003444671630859375
  }
}