{
  "semantic": {
    "p_roc": 84.04143950241043
  },
  "memory": {
    "p_roc": 91.73767726359779
  },
  "max": {
    "p_roc": 91.94840666527537
  },
  "harmonic": {
    "p_roc": 90.39997371136478
  },
  "oracle": {
    "p_roc": 91.94840666527537
  }
}