{
  "semantic": {
    "i_roc": 99.96392496392497,
    "score_mode": "semantic"
  },
  "memory": {
    "i_roc": 98.52092352092352,
    "score_mode": "memory"
  },
  "max": {
    "i_roc": 99.96392496392497,
    "score_mode": "max",
    "i_roc_semantic": 99.96392496392497,
    "i_roc_memory": 98.52092352092352,
    "gap": 0.0,
    "memory_nn_margin_mean": 0.0200347900390625,
    "memory_nn_margin_std": 0.0011959075927734375
  },
  "harmonic": {
    "i_roc": 98.95382395382396,
    "score_mode": "harmonic",
    "i_roc_semantic": 99.96392496392497,
    "i_roc_memory": 98.52092352092352,
    "gap": -1.0101010101010166,
    "memory_nn_margin_mean": 0.0200347900390625,
    "memory_nn_margin_std": 0.0011959075927734375
  },
  "oracle": {
    "i_roc": 100.0,
    "score_mode": "oracle",
    "i_roc_semantic": 99.96392496392497,
    "i_roc_memory": 98.52092352092352,
    "gap": 0.03607503607503393,
    "oracle_semantic_ratio": 71.7948717948718,
    "oracle_memory_ratio": 28.205128205128204,
    "memory_nn_margin_mean": 0.0200347900390625,
    "memory_nn_margin_std": 0.0011959075927734375
  }
}