{
  "semantic": {
    "p_roc": 94.20508893846396
  },
  "memory": {
    "p_roc": 96.65668331679413
  },
  "max": {
    "p_roc": 96.65676489839595
  },
  "harmonic": {
    "p_roc": 94.934381071513
  },
  "oracle": {
    "p_roc": 96.65676489839595
  }
}