{
  "semantic": {
    "i_roc": 72.77777777777777,
    "score_mode": "semantic"
  },
  "memory": {
    "i_roc": 94.44444444444446,
    "score_mode": "memory"
  },
  "max": {
    "i_roc": 93.6111111111111,
    "score_mode": "max",
    "i_roc_semantic": 72.77777777777777,
    "i_roc_memory": 94.44444444444446,
    "gap": -0.8333333333333526,
    "memory_nn_margin_mean": 0.07635498046875,
    "memory_nn_margin_std": 0.00853729248046875
  },
  "harmonic": {
    "i_roc": 88.05555555555557,
    "score_mode": "harmonic",
    "i_roc_semantic": 72.77777777777777,
    "i_roc_memory": 94.44444444444446,
    "gap": -6.388888888888888,
    "memory_nn_margin_mean": 0.07635498046875,
    "memory_nn_margin_std": 0.00853729248046875
  },
  "oracle": {
    "i_roc": 99.16666666666666,
    "score_mode": "oracle",
    "i_roc_semantic": 72.77777777777777,
    "i_roc_memory": 94.44444444444446,
    "gap": 4.7222222222222054,
    "oracle_semantic_ratio": 23.809523809523807,
    "oracle_memory_ratio": 76.19047619047619,
    "memory_nn_margin_mean": 0.07635498046875,
    "memory_nn_margin_std": 0.00853729248046875
  }
}