{
  "semantic": {
    "p_roc": 95.21096530654512
  },
  "memory": {
    "p_roc": 98.27490956918885
  },
  "max": {
    "p_roc": 98.32143698753197
  },
  "harmonic": {
    "p_roc": 98.12350955792508
  },
  "oracle": {
    "p_roc": 98.32143698753197
  }
}