{
  "semantic": {
    "p_roc": 72.44289969697357
  },
  "memory": {
    "p_roc": 90.02351442358587
  },
  "max": {
    "p_roc": 89.95683704672817
  },
  "harmonic": {
    "p_roc": 75.87679219214544
  },
  "oracle": {
    "p_roc": 89.95683704672817
  }
}