{
  "semantic": {
    "i_roc": 90.25,
    "score_mode": "semantic"
  },
  "memory": {
    "i_roc": 67.29166666666666,
    "score_mode": "memory"
  },
  "max": {
    "i_roc": 90.25,
    "score_mode": "max",
    "i_roc_semantic": 90.25,
    "i_roc_memory": 67.29166666666666,
    "gap": 0.0,
    "memory_nn_margin_mean": 0.0601806640625,
    "memory_nn_margin_std": 0.012451171875
  },
  "harmonic": {
    "i_roc": 70.70833333333333,
    "score_mode": "harmonic",
    "i_roc_semantic": 90.25,
    "i_roc_memory": 67.29166666666666,
    "gap": -19.541666666666668,
    "memory_nn_margin_mean": 0.0601806640625,
    "memory_nn_margin_std": 0.012451171875
  },
  "oracle": {
    "i_roc": 100.0,
    "score_mode": "oracle",
    "i_roc_semantic": 90.25,
    "i_roc_memory": 67.29166666666666,
    "gap": 9.750000000000004,
    "oracle_semantic_ratio": 40.0,
    "oracle_memory_ratio": 60.0,
    "memory_nn_margin_mean": 0.0601806640625,
    "memory_nn_margin_std": 0.012451171875
  }
}