{
  "semantic": {
    "p_roc": 90.66344304324444
  },
  "memory": {
    "p_roc": 95.22063203934992
  },
  "max": {
    "p_roc": 95.32879509404994
  },
  "harmonic": {
    "p_roc": 93.17007003350129
  },
  "oracle": {
    "p_roc": 95.32879509404994
  }
}