{
  "semantic": {
    "p_roc": 90.60254290977684
  },
  "memory": {
    "p_roc": 89.2241481757599
  },
  "max": {
    "p_roc": 90.60254290977684
  },
  "harmonic": {
    "p_roc": 89.12015846366539
  },
  "oracle": {
    "p_roc": 90.60254290977684
  }
}