{
  "nn_margin": [
    0.025848388671875,
    0.028411865234375,
    0.0258331298828125,
    0.024871826171875,
    0.030975341796875,
    0.030029296875,
    0.027496337890625,
    0.0272674560546875,
    0.0279998779296875,
    0.03045654296875,
    0.0264434814453125,
    0.03192138671875,
    0.034332275390625,
    0.029541015625,
    0.030792236328125,
    0.0322265625,
    0.02825927734375,
    0.028564453125,
    0.025634765625,
    0.023712158203125,
    0.0418701171875,
    0.036865234375,
    0.035919189453125,
    0.034210205078125,
    0.0355224609375,
    0.035125732421875,
    0.0360107421875,
    0.031097412109375,
    0.032257080078125,
    0.032073974609375,
    0.03607177734375,
    0.03021240234375,
    0.035003662109375,
    0.0333251953125,
    0.027801513671875,
    0.03546142578125,
    0.036346435546875,
    0.0350341796875,
    0.032135009765625,
    0.03009033203125,
    0.027099609375,
    0.0298309326171875,
    0.0372314453125,
    0.032470703125,
    0.03094482421875,
    0.03472900390625,
    0.03350830078125,
    0.026580810546875,
    0.035980224609375,
    0.03924560546875,
    0.0291748046875,
    0.033660888671875,
    0.037994384765625,
    0.03302001953125,
    0.031463623046875,
    0.0289154052734375,
    0.033111572265625,
    0.030670166015625,
    0.034393310546875,
    0.0308380126953125,
    0.0289459228515625,
    0.029541015625,
    0.029327392578125,
    0.034149169921875,
    0.0323486328125,
    0.03106689453125,
    0.0322265625,
    0.031494140625,
    0.03564453125,
    0.03271484375,
    0.0335693359375,
    0.0311126708984375,
    0.0355224609375,
    0.0318603515625,
    0.031494140625,
    0.036651611328125,
    0.03619384765625,
    0.031402587890625,
    0.03436279296875,
    0.034820556640625,
    0.03302001953125,
    0.0288238525390625,
    0.03167724609375
  ],
  "max_patch_score": [
    0.338134765625,
    0.31298828125,
    0.34228515625,
    0.327880859375,
    0.29736328125,
    0.298828125,
    0.317138671875,
    0.31640625,
    0.2919921875,
    0.30712890625,
    0.332763671875,
    0.2998046875,
    0.307373046875,
    0.30419921875,
    0.286865234375,
    0.30078125,
    0.314697265625,
    0.30908203125,
    0.31396484375,
    0.33251953125,
    0.1715087890625,
    0.17529296875,
    0.1524658203125,
    0.1783447265625,
    0.1927490234375,
    0.1270751953125,
    0.138427734375,
    0.1400146484375,
    0.1214599609375,
    0.1268310546875,
    0.1661376953125,
    0.131591796875,
    0.184814453125,
    0.143310546875,
    0.1849365234375,
    0.1661376953125,
    0.1610107421875,
    0.1845703125,
    0.1387939453125,
    0.1866455078125,
    0.316162109375,
    0.251953125,
    0.2578125,
    0.2188720703125,
    0.2044677734375,
    0.3603515625,
    0.32958984375,
    0.3623046875,
    0.29541015625,
    0.3056640625,
    0.320556640625,
    0.25732421875,
    0.175537109375,
    0.346923828125,
    0.287353515625,
    0.31494140625,
    0.2303466796875,
    0.372314453125,
    0.318359375,
    0.25927734375,
    0.19873046875,
    0.192626953125,
    0.291015625,
    0.280517578125,
    0.324462890625,
    0.28955078125,
    0.281982421875,
    0.309814453125,
    0.291259765625,
    0.288818359375,
    0.297607421875,
    0.300048828125,
    0.2529296875,
    0.3115234375,
    0.259521484375,
    0.2607421875,
    0.28076171875,
    0.3095703125,
    0.299560546875,
    0.3115234375,
    0.30810546875,
    0.29931640625,
    0.283203125
  ],
  "mode": "memory"
}