{
  "semantic_scores": [
    0.2310791015625,
    0.222412109375,
    0.2265625,
    0.218017578125,
    0.2139892578125,
    0.2060546875,
    0.2327880859375,
    0.2119140625,
    0.21533203125,
    0.1915283203125,
    0.2176513671875,
    0.1905517578125,
    0.185791015625,
    0.224365234375,
    0.2215576171875,
    0.2135009765625,
    0.23681640625,
    0.2366943359375,
    0.2386474609375,
    0.22607421875,
    0.1666259765625,
    0.1512451171875,
    0.1556396484375,
    0.1639404296875,
    0.1572265625,
    0.1556396484375,
    0.1588134765625,
    0.1490478515625,
    0.1624755859375,
    0.15185546875,
    0.1597900390625,
    0.151611328125,
    0.17333984375,
    0.1619873046875,
    0.166015625,
    0.1646728515625,
    0.162109375,
    0.1622314453125,
    0.1622314453125,
    0.1588134765625,
    0.203857421875,
    0.18603515625,
    0.195556640625,
    0.1614990234375,
    0.1654052734375,
    0.35302734375,
    0.2098388671875,
    0.235107421875,
    0.1904296875,
    0.1849365234375,
    0.17919921875,
    0.1826171875,
    0.158935546875,
    0.1995849609375,
    0.1884765625,
    0.18603515625,
    0.15478515625,
    0.26123046875,
    0.1756591796875,
    0.1627197265625,
    0.1666259765625,
    0.162353515625,
    0.2109375,
    0.1812744140625,
    0.1982421875,
    0.203857421875,
    0.19677734375,
    0.187255859375,
    0.184814453125,
    0.2099609375,
    0.1937255859375,
    0.2000732421875,
    0.1783447265625,
    0.19775390625,
    0.1806640625,
    0.1644287109375,
    0.202392578125,
    0.1915283203125,
    0.1942138671875,
    0.233154296875,
    0.20849609375,
    0.2083740234375,
    0.1922607421875
  ],
  "memory_scores": [
    0.338134765625,
    0.31298828125,
    0.34228515625,
    0.327880859375,
    0.29736328125,
    0.298828125,
    0.317138671875,
    0.31640625,
    0.2919921875,
    0.30712890625,
    0.332763671875,
    0.2998046875,
    0.307373046875,
    0.30419921875,
    0.286865234375,
    0.30078125,
    0.314697265625,
    0.30908203125,
    0.31396484375,
    0.33251953125,
    0.1715087890625,
    0.17529296875,
    0.1524658203125,
    0.1783447265625,
    0.1927490234375,
    0.1270751953125,
    0.138427734375,
    0.1400146484375,
    0.1214599609375,
    0.1268310546875,
    0.1661376953125,
    0.131591796875,
    0.184814453125,
    0.143310546875,
    0.1849365234375,
    0.1661376953125,
    0.1610107421875,
    0.1845703125,
    0.1387939453125,
    0.1866455078125,
    0.316162109375,
    0.251953125,
    0.2578125,
    0.2188720703125,
    0.2044677734375,
    0.3603515625,
    0.32958984375,
    0.3623046875,
    0.29541015625,
    0.3056640625,
    0.320556640625,
    0.25732421875,
    0.175537109375,
    0.346923828125,
    0.287353515625,
    0.31494140625,
    0.2303466796875,
    0.372314453125,
    0.318359375,
    0.25927734375,
    0.19873046875,
    0.192626953125,
    0.291015625,
    0.280517578125,
    0.324462890625,
    0.28955078125,
    0.281982421875,
    0.309814453125,
    0.291259765625,
    0.288818359375,
    0.297607421875,
    0.300048828125,
    0.2529296875,
    0.3115234375,
    0.259521484375,
    0.2607421875,
    0.28076171875,
    0.3095703125,
    0.299560546875,
    0.3115234375,
    0.30810546875,
    0.29931640625,
    0.283203125
  ],
  "semantic_meta": {
    "semantic_scores": [
      0.2310791015625,
      0.222412109375,
      0.2265625,
      0.218017578125,
      0.2139892578125,
      0.2060546875,
      0.2327880859375,
      0.2119140625,
      0.21533203125,
      0.1915283203125,
      0.2176513671875,
      0.1905517578125,
      0.185791015625,
      0.224365234375,
      0.2215576171875,
      0.2135009765625,
      0.23681640625,
      0.2366943359375,
      0.2386474609375,
      0.22607421875,
      0.1666259765625,
      0.1512451171875,
      0.1556396484375,
      0.1639404296875,
      0.1572265625,
      0.1556396484375,
      0.1588134765625,
      0.1490478515625,
      0.1624755859375,
      0.15185546875,
      0.1597900390625,
      0.151611328125
    ],
    "mode": "semantic"
  },
  "memory_meta": {
    "nn_margin": [
      0.025848388671875,
      0.028411865234375,
      0.0258331298828125,
      0.024871826171875,
      0.030975341796875,
      0.030029296875,
      0.027496337890625,
      0.0272674560546875,
      0.0279998779296875,
      0.03045654296875,
      0.0264434814453125,
      0.03192138671875,
      0.034332275390625,
      0.029541015625,
      0.030792236328125,
      0.0322265625,
      0.02825927734375,
      0.028564453125,
      0.025634765625,
      0.023712158203125,
      0.0418701171875,
      0.036865234375,
      0.035919189453125,
      0.034210205078125,
      0.0355224609375,
      0.035125732421875,
      0.0360107421875,
      0.031097412109375,
      0.032257080078125,
      0.032073974609375,
      0.03607177734375,
      0.03021240234375
    ],
    "max_patch_score": [
      0.338134765625,
      0.31298828125,
      0.34228515625,
      0.327880859375,
      0.29736328125,
      0.298828125,
      0.317138671875,
      0.31640625,
      0.2919921875,
      0.30712890625,
      0.332763671875,
      0.2998046875,
      0.307373046875,
      0.30419921875,
      0.286865234375,
      0.30078125,
      0.314697265625,
      0.30908203125,
      0.31396484375,
      0.33251953125,
      0.1715087890625,
      0.17529296875,
      0.1524658203125,
      0.1783447265625,
      0.1927490234375,
      0.1270751953125,
      0.138427734375,
      0.1400146484375,
      0.1214599609375,
      0.1268310546875,
      0.1661376953125,
      0.131591796875
    ],
    "mode": "memory"
  },
  "mode": "harmonic"
}