{
  "semantic_scores": [
    0.3798828125,
    0.34521484375,
    0.336181640625,
    0.36962890625,
    0.35498046875,
    0.34130859375,
    0.341552734375,
    0.354248046875,
    0.4150390625,
    0.3583984375,
    0.318603515625,
    0.334716796875,
    0.3525390625,
    0.3212890625,
    0.33154296875,
    0.364501953125,
    0.33056640625,
    0.3212890625,
    0.346923828125,
    0.296142578125,
    0.30859375,
    0.320068359375,
    0.315185546875,
    0.326904296875,
    0.309814453125,
    0.331787109375,
    0.309814453125,
    0.328369140625,
    0.331787109375,
    0.32763671875,
    0.30517578125,
    0.3583984375,
    0.331787109375,
    0.302978515625,
    0.338623046875,
    0.30615234375,
    0.31884765625,
    0.309326171875,
    0.33349609375,
    0.34375,
    0.346435546875,
    0.33447265625,
    0.345458984375,
    0.3427734375,
    0.357666015625,
    0.33544921875,
    0.3466796875,
    0.3388671875,
    0.321044921875,
    0.319091796875,
    0.353515625,
    0.332763671875,
    0.318115234375,
    0.283447265625,
    0.283203125,
    0.280029296875,
    0.295654296875,
    0.279052734375,
    0.286865234375,
    0.28515625,
    0.28369140625,
    0.280029296875,
    0.279052734375,
    0.282470703125,
    0.284912109375,
    0.276611328125,
    0.279541015625,
    0.28173828125,
    0.287109375,
    0.28125,
    0.28515625,
    0.2841796875,
    0.273681640625,
    0.283447265625,
    0.278564453125,
    0.280517578125,
    0.27734375,
    0.28125,
    0.292724609375,
    0.28173828125,
    0.28125,
    0.35498046875,
    0.334716796875,
    0.349853515625,
    0.352294921875,
    0.311279296875,
    0.33984375,
    0.3564453125,
    0.320068359375,
    0.304931640625,
    0.375244140625,
    0.33251953125,
    0.35791015625,
    0.35009765625,
    0.339599609375,
    0.326904296875,
    0.342041015625,
    0.315185546875,
    0.353515625,
    0.302978515625,
    0.326904296875,
    0.320068359375,
    0.364013671875,
    0.311767578125,
    0.3251953125,
    0.341064453125,
    0.33154296875,
    0.30517578125,
    0.307373046875,
    0.300048828125,
    0.337646484375,
    0.389404296875,
    0.29931640625,
    0.309326171875,
    0.3154296875,
    0.332763671875,
    0.32177734375
  ],
  "memory_scores": [
    0.2998046875,
    0.269287109375,
    0.2442626953125,
    0.231201171875,
    0.259765625,
    0.2327880859375,
    0.246826171875,
    0.25341796875,
    0.300048828125,
    0.267578125,
    0.2802734375,
    0.3154296875,
    0.283203125,
    0.273681640625,
    0.251953125,
    0.271728515625,
    0.25537109375,
    0.228271484375,
    0.2548828125,
    0.2215576171875,
    0.27685546875,
    0.27294921875,
    0.2242431640625,
    0.28125,
    0.337890625,
    0.2890625,
    0.34716796875,
    0.30615234375,
    0.258056640625,
    0.31298828125,
    0.254150390625,
    0.27392578125,
    0.300048828125,
    0.212890625,
    0.27294921875,
    0.219482421875,
    0.29541015625,
    0.224365234375,
    0.255859375,
    0.28759765625,
    0.2978515625,
    0.28564453125,
    0.3388671875,
    0.3466796875,
    0.34375,
    0.317626953125,
    0.2744140625,
    0.3037109375,
    0.2763671875,
    0.274169921875,
    0.29541015625,
    0.26123046875,
    0.239990234375,
    0.187744140625,
    0.19189453125,
    0.19921875,
    0.2113037109375,
    0.1844482421875,
    0.2071533203125,
    0.204833984375,
    0.189453125,
    0.202880859375,
    0.1800537109375,
    0.1895751953125,
    0.1976318359375,
    0.189697265625,
    0.1876220703125,
    0.1986083984375,
    0.1978759765625,
    0.1942138671875,
    0.1781005859375,
    0.1947021484375,
    0.2110595703125,
    0.181396484375,
    0.190673828125,
    0.1807861328125,
    0.1861572265625,
    0.1932373046875,
    0.227783203125,
    0.1934814453125,
    0.19140625,
    0.34375,
    0.310302734375,
    0.326171875,
    0.331787109375,
    0.259765625,
    0.303466796875,
    0.346923828125,
    0.2705078125,
    0.260009765625,
    0.33544921875,
    0.303955078125,
    0.3095703125,
    0.346923828125,
    0.30859375,
    0.2724609375,
    0.3369140625,
    0.2958984375,
    0.310546875,
    0.25146484375,
    0.27587890625,
    0.292724609375,
    0.3037109375,
    0.327392578125,
    0.2890625,
    0.29052734375,
    0.359619140625,
    0.23828125,
    0.322021484375,
    0.29931640625,
    0.338623046875,
    0.3125,
    0.2340087890625,
    0.255126953125,
    0.2958984375,
    0.318115234375,
    0.238525390625
  ],
  "selections": [
    0,
    0,
    0,
    0,
    0,
    0,
    0,
    0,
    0,
    0,
    0,
    0,
    0,
    0,
    0,
    0,
    0,
    0,
    0,
    0,
    0,
    0,
    0,
    0,
    1,
    0,
    1,
    0,
    0,
    0,
    0,
    0,
    0,
    0,
    0,
    0,
    0,
    0,
    0,
    0,
    0,
    0,
    0,
    1,
    0,
    0,
    0,
    0,
    0,
    0,
    0,
    0,
    0,
    1,
    1,
    1,
    1,
    1,
    1,
    1,
    1,
    1,
    1,
    1,
    1,
    1,
    1,
    1,
    1,
    1,
    1,
    1,
    1,
    1,
    1,
    1,
    1,
    1,
    1,
    1,
    1,
    0,
    0,
    0,
    0,
    0,
    0,
    0,
    0,
    0,
    0,
    0,
    0,
    0,
    0,
    0,
    0,
    0,
    0,
    0,
    0,
    0,
    0,
    1,
    0,
    0,
    1,
    0,
    1,
    0,
    1,
    0,
    0,
    0,
    0,
    0,
    0
  ],
  "semantic_meta": {
    "semantic_scores": [
      0.3798828125,
      0.34521484375,
      0.336181640625,
      0.36962890625,
      0.35498046875,
      0.34130859375,
      0.341552734375,
      0.354248046875,
      0.4150390625,
      0.3583984375,
      0.318603515625,
      0.334716796875,
      0.3525390625,
      0.3212890625,
      0.33154296875,
      0.364501953125,
      0.33056640625,
      0.3212890625,
      0.346923828125,
      0.296142578125,
      0.30859375,
      0.320068359375,
      0.315185546875,
      0.326904296875,
      0.309814453125,
      0.331787109375,
      0.309814453125,
      0.328369140625,
      0.331787109375,
      0.32763671875,
      0.30517578125,
      0.3583984375
    ],
    "mode": "semantic"
  },
  "memory_meta": {
    "nn_margin": [
      0.01910400390625,
      0.0198822021484375,
      0.020477294921875,
      0.022125244140625,
      0.02093505859375,
      0.0222015380859375,
      0.02093505859375,
      0.020477294921875,
      0.0203704833984375,
      0.021026611328125,
      0.018218994140625,
      0.020751953125,
      0.0210418701171875,
      0.019256591796875,
      0.021820068359375,
      0.022064208984375,
      0.0184783935546875,
      0.0189056396484375,
      0.0186767578125,
      0.0203704833984375,
      0.022613525390625,
      0.020111083984375,
      0.018585205078125,
      0.0204010009765625,
      0.02081298828125,
      0.0186920166015625,
      0.021728515625,
      0.019378662109375,
      0.020355224609375,
      0.021331787109375,
      0.0189056396484375,
      0.020599365234375
    ],
    "max_patch_score": [
      0.2998046875,
      0.269287109375,
      0.2442626953125,
      0.231201171875,
      0.259765625,
      0.2327880859375,
      0.246826171875,
      0.25341796875,
      0.300048828125,
      0.267578125,
      0.2802734375,
      0.3154296875,
      0.283203125,
      0.273681640625,
      0.251953125,
      0.271728515625,
      0.25537109375,
      0.228271484375,
      0.2548828125,
      0.2215576171875,
      0.27685546875,
      0.27294921875,
      0.2242431640625,
      0.28125,
      0.337890625,
      0.2890625,
      0.34716796875,
      0.30615234375,
      0.258056640625,
      0.31298828125,
      0.254150390625,
      0.27392578125
    ],
    "mode": "memory"
  },
  "mode": "oracle"
}