{
  "semantic_scores": [
    0.461669921875,
    0.466796875,
    0.470458984375,
    0.470947265625,
    0.49267578125,
    0.47216796875,
    0.47265625,
    0.475341796875,
    0.46337890625,
    0.4833984375,
    0.469482421875,
    0.474365234375,
    0.455078125,
    0.46044921875,
    0.46630859375,
    0.45849609375,
    0.456787109375,
    0.46435546875,
    0.466552734375,
    0.46826171875,
    0.4609375,
    0.4541015625,
    0.453369140625,
    0.443359375,
    0.43505859375,
    0.437255859375,
    0.433837890625,
    0.449462890625,
    0.4375,
    0.440673828125,
    0.439697265625,
    0.4384765625,
    0.438232421875,
    0.443115234375,
    0.42724609375,
    0.4384765625,
    0.4365234375,
    0.443603515625,
    0.4375,
    0.4423828125,
    0.43994140625,
    0.438720703125,
    0.443359375,
    0.440673828125,
    0.458740234375,
    0.456787109375,
    0.45361328125,
    0.47509765625,
    0.46826171875,
    0.457763671875,
    0.47265625,
    0.458740234375,
    0.439697265625,
    0.472900390625,
    0.4609375,
    0.475830078125,
    0.459228515625,
    0.46142578125,
    0.46826171875,
    0.446044921875,
    0.47265625,
    0.48193359375,
    0.469482421875,
    0.447998046875,
    0.44384765625,
    0.4658203125,
    0.474365234375,
    0.452392578125,
    0.465576171875,
    0.451171875,
    0.461669921875,
    0.47998046875,
    0.477783203125,
    0.463623046875,
    0.46826171875,
    0.470703125,
    0.4775390625,
    0.447265625
  ],
  "memory_scores": [
    0.34326171875,
    0.33837890625,
    0.3330078125,
    0.335693359375,
    0.364990234375,
    0.2998046875,
    0.34912109375,
    0.333251953125,
    0.31298828125,
    0.364501953125,
    0.340087890625,
    0.30224609375,
    0.29541015625,
    0.35986328125,
    0.349609375,
    0.3095703125,
    0.322265625,
    0.292236328125,
    0.326171875,
    0.335205078125,
    0.298828125,
    0.30126953125,
    0.32275390625,
    0.251953125,
    0.2462158203125,
    0.26220703125,
    0.1904296875,
    0.263671875,
    0.271484375,
    0.2371826171875,
    0.2449951171875,
    0.2481689453125,
    0.2064208984375,
    0.271240234375,
    0.138916015625,
    0.291015625,
    0.244384765625,
    0.2459716796875,
    0.24951171875,
    0.2091064453125,
    0.2257080078125,
    0.25439453125,
    0.217041015625,
    0.2646484375,
    0.33984375,
    0.28515625,
    0.282958984375,
    0.3388671875,
    0.332763671875,
    0.33251953125,
    0.33154296875,
    0.296630859375,
    0.2486572265625,
    0.325439453125,
    0.29833984375,
    0.32470703125,
    0.318359375,
    0.2919921875,
    0.322021484375,
    0.259033203125,
    0.32958984375,
    0.360107421875,
    0.31787109375,
    0.317626953125,
    0.2327880859375,
    0.31494140625,
    0.32373046875,
    0.341064453125,
    0.341796875,
    0.312744140625,
    0.330322265625,
    0.361328125,
    0.333984375,
    0.34130859375,
    0.3037109375,
    0.294677734375,
    0.35595703125,
    0.348876953125
  ],
  "semantic_meta": {
    "semantic_scores": [
      0.461669921875,
      0.466796875,
      0.470458984375,
      0.470947265625,
      0.49267578125,
      0.47216796875,
      0.47265625,
      0.475341796875,
      0.46337890625,
      0.4833984375,
      0.469482421875,
      0.474365234375,
      0.455078125,
      0.46044921875,
      0.46630859375,
      0.45849609375,
      0.456787109375,
      0.46435546875,
      0.466552734375,
      0.46826171875,
      0.4609375,
      0.4541015625,
      0.453369140625,
      0.443359375,
      0.43505859375,
      0.437255859375,
      0.433837890625,
      0.449462890625,
      0.4375,
      0.440673828125,
      0.439697265625,
      0.4384765625
    ],
    "mode": "semantic"
  },
  "memory_meta": {
    "nn_margin": [
      0.016082763671875,
      0.0147552490234375,
      0.015777587890625,
      0.01629638671875,
      0.01490020751953125,
      0.0150909423828125,
      0.01543426513671875,
      0.01800537109375,
      0.015777587890625,
      0.015411376953125,
      0.015228271484375,
      0.018707275390625,
      0.0222015380859375,
      0.019439697265625,
      0.015625,
      0.019927978515625,
      0.016876220703125,
      0.016448974609375,
      0.01556396484375,
      0.016387939453125,
      0.020751953125,
      0.017974853515625,
      0.01544952392578125,
      0.014404296875,
      0.0147552490234375,
      0.01514434814453125,
      0.01910400390625,
      0.0138092041015625,
      0.01513671875,
      0.01506805419921875,
      0.0140533447265625,
      0.01568603515625
    ],
    "max_patch_score": [
      0.34326171875,
      0.33837890625,
      0.3330078125,
      0.335693359375,
      0.364990234375,
      0.2998046875,
      0.34912109375,
      0.333251953125,
      0.31298828125,
      0.364501953125,
      0.340087890625,
      0.30224609375,
      0.29541015625,
      0.35986328125,
      0.349609375,
      0.3095703125,
      0.322265625,
      0.292236328125,
      0.326171875,
      0.335205078125,
      0.298828125,
      0.30126953125,
      0.32275390625,
      0.251953125,
      0.2462158203125,
      0.26220703125,
      0.1904296875,
      0.263671875,
      0.271484375,
      0.2371826171875,
      0.2449951171875,
      0.2481689453125
    ],
    "mode": "memory"
  },
  "mode": "harmonic"
}