{
  "nn_margin": [
    0.016082763671875,
    0.0147552490234375,
    0.015777587890625,
    0.01629638671875,
    0.01490020751953125,
    0.0150909423828125,
    0.01543426513671875,
    0.01800537109375,
    0.015777587890625,
    0.015411376953125,
    0.015228271484375,
    0.018707275390625,
    0.0222015380859375,
    0.019439697265625,
    0.015625,
    0.019927978515625,
    0.016876220703125,
    0.016448974609375,
    0.01556396484375,
    0.016387939453125,
    0.020751953125,
    0.017974853515625,
    0.01544952392578125,
    0.014404296875,
    0.0147552490234375,
    0.01514434814453125,
    0.01910400390625,
    0.0138092041015625,
    0.01513671875,
    0.01506805419921875,
    0.0140533447265625,
    0.01568603515625,
    0.01480865478515625,
    0.0134735107421875,
    0.023895263671875,
    0.0134735107421875,
    0.0155181884765625,
    0.0149688720703125,
    0.0125274658203125,
    0.02349853515625,
    0.012969970703125,
    0.01360321044921875,
    0.0159912109375,
    0.01416015625,
    0.01486968994140625,
    0.020538330078125,
    0.0159149169921875,
    0.01496124267578125,
    0.0166015625,
    0.0146026611328125,
    0.01507568359375,
    0.01554107666015625,
    0.021270751953125,
    0.015594482421875,
    0.0179595947265625,
    0.01605224609375,
    0.0146942138671875,
    0.016571044921875,
    0.016204833984375,
    0.0169219970703125,
    0.01788330078125,
    0.01448822021484375,
    0.01477813720703125,
    0.0149383544921875,
    0.016082763671875,
    0.014984130859375,
    0.0145263671875,
    0.017425537109375,
    0.023529052734375,
    0.016204833984375,
    0.01483154296875,
    0.01522064208984375,
    0.0194091796875,
    0.01506805419921875,
    0.0162506103515625,
    0.01995849609375,
    0.01629638671875,
    0.014984130859375
  ],
  "max_patch_score": [
    0.34326171875,
    0.33837890625,
    0.3330078125,
    0.335693359375,
    0.364990234375,
    0.2998046875,
    0.34912109375,
    0.333251953125,
    0.31298828125,
    0.364501953125,
    0.340087890625,
    0.30224609375,
    0.29541015625,
    0.35986328125,
    0.349609375,
    0.3095703125,
    0.322265625,
    0.292236328125,
    0.326171875,
    0.335205078125,
    0.298828125,
    0.30126953125,
    0.32275390625,
    0.251953125,
    0.2462158203125,
    0.26220703125,
    0.1904296875,
    0.263671875,
    0.271484375,
    0.2371826171875,
    0.2449951171875,
    0.2481689453125,
    0.2064208984375,
    0.271240234375,
    0.138916015625,
    0.291015625,
    0.244384765625,
    0.2459716796875,
    0.24951171875,
    0.2091064453125,
    0.2257080078125,
    0.25439453125,
    0.217041015625,
    0.2646484375,
    0.33984375,
    0.28515625,
    0.282958984375,
    0.3388671875,
    0.332763671875,
    0.33251953125,
    0.33154296875,
    0.296630859375,
    0.2486572265625,
    0.325439453125,
    0.29833984375,
    0.32470703125,
    0.318359375,
    0.2919921875,
    0.322021484375,
    0.259033203125,
    0.32958984375,
    0.360107421875,
    0.31787109375,
    0.317626953125,
    0.2327880859375,
    0.31494140625,
    0.32373046875,
    0.341064453125,
    0.341796875,
    0.312744140625,
    0.330322265625,
    0.361328125,
    0.333984375,
    0.34130859375,
    0.3037109375,
    0.294677734375,
    0.35595703125,
    0.348876953125
  ],
  "mode": "memory"
}