{
  "semantic_scores": [
    0.1976318359375,
    0.1934814453125,
    0.2083740234375,
    0.175537109375,
    0.2197265625,
    0.183349609375,
    0.2437744140625,
    0.1915283203125,
    0.2000732421875,
    0.174560546875,
    0.2064208984375,
    0.2230224609375,
    0.20654296875,
    0.151123046875,
    0.1787109375,
    0.160400390625,
    0.1981201171875,
    0.1781005859375,
    0.1763916015625,
    0.18701171875,
    0.1898193359375,
    0.1727294921875,
    0.1627197265625,
    0.16064453125,
    0.1795654296875,
    0.187744140625,
    0.1514892578125,
    0.1805419921875,
    0.1710205078125,
    0.1912841796875,
    0.1971435546875,
    0.174560546875,
    0.18310546875,
    0.1827392578125,
    0.1829833984375,
    0.1644287109375,
    0.17724609375,
    0.182373046875,
    0.16845703125,
    0.1796875,
    0.1766357421875,
    0.172119140625,
    0.1707763671875,
    0.1519775390625,
    0.164794921875,
    0.155517578125,
    0.1776123046875,
    0.1610107421875,
    0.164306640625,
    0.159912109375,
    0.171875,
    0.166015625,
    0.1942138671875,
    0.1689453125,
    0.1746826171875,
    0.1697998046875,
    0.17529296875,
    0.177490234375,
    0.18310546875,
    0.1805419921875,
    0.1700439453125,
    0.17041015625,
    0.180419921875,
    0.1695556640625,
    0.17138671875,
    0.17041015625,
    0.1619873046875,
    0.156494140625,
    0.160888671875,
    0.1812744140625,
    0.162353515625,
    0.1700439453125,
    0.1729736328125,
    0.1644287109375,
    0.1624755859375,
    0.1788330078125,
    0.19580078125,
    0.1644287109375,
    0.1776123046875,
    0.1822509765625,
    0.1634521484375,
    0.1754150390625,
    0.2005615234375,
    0.182373046875,
    0.199951171875,
    0.193359375,
    0.1754150390625,
    0.1676025390625,
    0.180419921875,
    0.18798828125,
    0.1910400390625,
    0.1763916015625,
    0.197021484375,
    0.1871337890625,
    0.1746826171875,
    0.17919921875,
    0.173828125,
    0.1810302734375,
    0.1683349609375,
    0.18896484375,
    0.194091796875,
    0.182861328125,
    0.181396484375,
    0.18701171875,
    0.169189453125,
    0.184814453125,
    0.18359375,
    0.176513671875,
    0.19482421875,
    0.188720703125
  ],
  "memory_scores": [
    0.3583984375,
    0.3564453125,
    0.375244140625,
    0.298828125,
    0.356689453125,
    0.315673828125,
    0.36279296875,
    0.318115234375,
    0.3837890625,
    0.31201171875,
    0.361572265625,
    0.334228515625,
    0.348876953125,
    0.31640625,
    0.33544921875,
    0.28369140625,
    0.37109375,
    0.34423828125,
    0.29736328125,
    0.335205078125,
    0.34765625,
    0.329833984375,
    0.328857421875,
    0.3359375,
    0.309326171875,
    0.318359375,
    0.328857421875,
    0.359619140625,
    0.34521484375,
    0.33984375,
    0.32666015625,
    0.32275390625,
    0.33740234375,
    0.3095703125,
    0.328369140625,
    0.25830078125,
    0.2481689453125,
    0.27197265625,
    0.26025390625,
    0.263916015625,
    0.253662109375,
    0.25146484375,
    0.27587890625,
    0.2308349609375,
    0.249755859375,
    0.271484375,
    0.2734375,
    0.2291259765625,
    0.2420654296875,
    0.26904296875,
    0.2529296875,
    0.2452392578125,
    0.266357421875,
    0.25927734375,
    0.2548828125,
    0.2548828125,
    0.26171875,
    0.265625,
    0.25390625,
    0.270263671875,
    0.291259765625,
    0.251953125,
    0.2548828125,
    0.2919921875,
    0.2578125,
    0.26513671875,
    0.26513671875,
    0.265625,
    0.267578125,
    0.276611328125,
    0.28271484375,
    0.2763671875,
    0.273193359375,
    0.267578125,
    0.277587890625,
    0.328857421875,
    0.330078125,
    0.29833984375,
    0.30322265625,
    0.31298828125,
    0.32421875,
    0.32763671875,
    0.336181640625,
    0.331298828125,
    0.32568359375,
    0.31591796875,
    0.325927734375,
    0.326904296875,
    0.29638671875,
    0.3447265625,
    0.33056640625,
    0.293212890625,
    0.32177734375,
    0.28955078125,
    0.31298828125,
    0.3076171875,
    0.298828125,
    0.3408203125,
    0.31396484375,
    0.3134765625,
    0.31787109375,
    0.3056640625,
    0.310302734375,
    0.319580078125,
    0.304931640625,
    0.318359375,
    0.311279296875,
    0.311279296875,
    0.34521484375,
    0.32275390625
  ],
  "semantic_meta": {
    "semantic_scores": [
      0.1976318359375,
      0.1934814453125,
      0.2083740234375,
      0.175537109375,
      0.2197265625,
      0.183349609375,
      0.2437744140625,
      0.1915283203125,
      0.2000732421875,
      0.174560546875,
      0.2064208984375,
      0.2230224609375,
      0.20654296875,
      0.151123046875,
      0.1787109375,
      0.160400390625,
      0.1981201171875,
      0.1781005859375,
      0.1763916015625,
      0.18701171875,
      0.1898193359375,
      0.1727294921875,
      0.1627197265625,
      0.16064453125,
      0.1795654296875,
      0.187744140625,
      0.1514892578125,
      0.1805419921875,
      0.1710205078125,
      0.1912841796875,
      0.1971435546875,
      0.174560546875
    ],
    "mode": "semantic"
  },
  "memory_meta": {
    "nn_margin": [
      0.029022216796875,
      0.027130126953125,
      0.026947021484375,
      0.0269622802734375,
      0.025543212890625,
      0.02484130859375,
      0.027679443359375,
      0.02880859375,
      0.027130126953125,
      0.0335693359375,
      0.0263519287109375,
      0.0289306640625,
      0.028533935546875,
      0.02972412109375,
      0.031707763671875,
      0.0242919921875,
      0.0265960693359375,
      0.02581787109375,
      0.025054931640625,
      0.026336669921875,
      0.026092529296875,
      0.029510498046875,
      0.02972412109375,
      0.026123046875,
      0.03350830078125,
      0.0244140625,
      0.02691650390625,
      0.0252532958984375,
      0.024261474609375,
      0.025543212890625,
      0.0271759033203125,
      0.02825927734375
    ],
    "max_patch_score": [
      0.3583984375,
      0.3564453125,
      0.375244140625,
      0.298828125,
      0.356689453125,
      0.315673828125,
      0.36279296875,
      0.318115234375,
      0.3837890625,
      0.31201171875,
      0.361572265625,
      0.334228515625,
      0.348876953125,
      0.31640625,
      0.33544921875,
      0.28369140625,
      0.37109375,
      0.34423828125,
      0.29736328125,
      0.335205078125,
      0.34765625,
      0.329833984375,
      0.328857421875,
      0.3359375,
      0.309326171875,
      0.318359375,
      0.328857421875,
      0.359619140625,
      0.34521484375,
      0.33984375,
      0.32666015625,
      0.32275390625
    ],
    "mode": "memory"
  },
  "mode": "harmonic"
}