{
  "semantic_scores": [
    0.442626953125,
    0.44140625,
    0.443603515625,
    0.45556640625,
    0.447509765625,
    0.437744140625,
    0.4443359375,
    0.4404296875,
    0.450439453125,
    0.445556640625,
    0.443603515625,
    0.452392578125,
    0.453369140625,
    0.44287109375,
    0.4443359375,
    0.470947265625,
    0.44287109375,
    0.455078125,
    0.435302734375,
    0.418212890625,
    0.419921875,
    0.421875,
    0.420166015625,
    0.4189453125,
    0.419189453125,
    0.42041015625,
    0.416259765625,
    0.4208984375,
    0.417724609375,
    0.41748046875,
    0.419189453125,
    0.4189453125,
    0.423583984375,
    0.4189453125,
    0.42041015625,
    0.422119140625,
    0.419921875,
    0.41943359375,
    0.419921875,
    0.420166015625,
    0.416259765625,
    0.423095703125,
    0.419677734375,
    0.41650390625,
    0.424560546875,
    0.414794921875,
    0.42333984375,
    0.416748046875,
    0.419677734375,
    0.42236328125,
    0.419189453125,
    0.448486328125,
    0.432861328125,
    0.4482421875,
    0.457275390625,
    0.46484375,
    0.439453125,
    0.437744140625,
    0.469482421875,
    0.46435546875,
    0.46142578125,
    0.441650390625,
    0.4580078125,
    0.4404296875,
    0.431396484375,
    0.455322265625,
    0.4560546875,
    0.4560546875,
    0.44775390625,
    0.442626953125,
    0.4384765625,
    0.43798828125,
    0.432861328125,
    0.434326171875,
    0.44189453125,
    0.4404296875,
    0.441162109375,
    0.435791015625,
    0.432861328125,
    0.436279296875,
    0.447998046875,
    0.44970703125,
    0.452880859375,
    0.468994140625,
    0.445556640625,
    0.455810546875,
    0.455322265625,
    0.450927734375,
    0.447265625,
    0.44140625,
    0.469482421875,
    0.465576171875,
    0.455322265625,
    0.458740234375,
    0.4609375,
    0.477294921875,
    0.437255859375,
    0.440185546875,
    0.435791015625,
    0.45361328125,
    0.456298828125,
    0.45068359375,
    0.4345703125,
    0.47314453125,
    0.471923828125,
    0.47265625,
    0.457275390625,
    0.44921875,
    0.462158203125,
    0.4736328125,
    0.466552734375,
    0.47119140625,
    0.44287109375,
    0.4609375,
    0.474853515625,
    0.467041015625,
    0.45751953125,
    0.468505859375,
    0.46533203125,
    0.45458984375,
    0.45556640625,
    0.465576171875,
    0.458984375,
    0.468017578125
  ],
  "memory_scores": [
    0.33740234375,
    0.31396484375,
    0.296142578125,
    0.291748046875,
    0.26025390625,
    0.31201171875,
    0.26708984375,
    0.30078125,
    0.31982421875,
    0.2998046875,
    0.28955078125,
    0.334716796875,
    0.295654296875,
    0.297607421875,
    0.318359375,
    0.30029296875,
    0.28857421875,
    0.28271484375,
    0.3134765625,
    0.15185546875,
    0.1617431640625,
    0.1551513671875,
    0.19189453125,
    0.17041015625,
    0.17529296875,
    0.1793212890625,
    0.1591796875,
    0.1705322265625,
    0.1666259765625,
    0.1602783203125,
    0.1832275390625,
    0.1778564453125,
    0.16748046875,
    0.1597900390625,
    0.1678466796875,
    0.171630859375,
    0.1546630859375,
    0.158447265625,
    0.1795654296875,
    0.1566162109375,
    0.17431640625,
    0.1649169921875,
    0.1832275390625,
    0.1697998046875,
    0.26171875,
    0.1732177734375,
    0.16162109375,
    0.174072265625,
    0.16015625,
    0.161865234375,
    0.1688232421875,
    0.334228515625,
    0.31005859375,
    0.328857421875,
    0.31982421875,
    0.33203125,
    0.34130859375,
    0.31103515625,
    0.327392578125,
    0.3115234375,
    0.31689453125,
    0.3232421875,
    0.30517578125,
    0.314453125,
    0.296875,
    0.32177734375,
    0.3349609375,
    0.3271484375,
    0.38525390625,
    0.308837890625,
    0.349609375,
    0.34326171875,
    0.25244140625,
    0.383544921875,
    0.35107421875,
    0.341796875,
    0.370361328125,
    0.270751953125,
    0.234619140625,
    0.2861328125,
    0.279052734375,
    0.3857421875,
    0.3837890625,
    0.378662109375,
    0.27685546875,
    0.369140625,
    0.34375,
    0.366943359375,
    0.339111328125,
    0.2469482421875,
    0.38525390625,
    0.361328125,
    0.314453125,
    0.30224609375,
    0.38232421875,
    0.3330078125,
    0.2548828125,
    0.285400390625,
    0.2744140625,
    0.30029296875,
    0.30419921875,
    0.25927734375,
    0.329833984375,
    0.37548828125,
    0.329345703125,
    0.3642578125,
    0.27490234375,
    0.27294921875,
    0.29931640625,
    0.3056640625,
    0.373046875,
    0.35498046875,
    0.30419921875,
    0.341796875,
    0.332763671875,
    0.3447265625,
    0.302490234375,
    0.3212890625,
    0.299560546875,
    0.31494140625,
    0.31298828125,
    0.353515625,
    0.378173828125,
    0.333984375
  ],
  "semantic_meta": {
    "semantic_scores": [
      0.442626953125,
      0.44140625,
      0.443603515625,
      0.45556640625,
      0.447509765625,
      0.437744140625,
      0.4443359375,
      0.4404296875,
      0.450439453125,
      0.445556640625,
      0.443603515625,
      0.452392578125,
      0.453369140625,
      0.44287109375,
      0.4443359375,
      0.470947265625,
      0.44287109375,
      0.455078125,
      0.435302734375,
      0.418212890625,
      0.419921875,
      0.421875,
      0.420166015625,
      0.4189453125,
      0.419189453125,
      0.42041015625,
      0.416259765625,
      0.4208984375,
      0.417724609375,
      0.41748046875,
      0.419189453125,
      0.4189453125
    ],
    "mode": "semantic"
  },
  "memory_meta": {
    "nn_margin": [
      0.0167999267578125,
      0.0174407958984375,
      0.016143798828125,
      0.01617431640625,
      0.0191802978515625,
      0.016693115234375,
      0.019439697265625,
      0.017822265625,
      0.018829345703125,
      0.017364501953125,
      0.0167083740234375,
      0.0174102783203125,
      0.0180206298828125,
      0.0164947509765625,
      0.0178375244140625,
      0.0201568603515625,
      0.0163726806640625,
      0.0179443359375,
      0.016357421875,
      0.014678955078125,
      0.0179901123046875,
      0.015838623046875,
      0.01739501953125,
      0.0157470703125,
      0.015716552734375,
      0.01523590087890625,
      0.016265869140625,
      0.0169525146484375,
      0.016082763671875,
      0.015380859375,
      0.015838623046875,
      0.015533447265625
    ],
    "max_patch_score": [
      0.33740234375,
      0.31396484375,
      0.296142578125,
      0.291748046875,
      0.26025390625,
      0.31201171875,
      0.26708984375,
      0.30078125,
      0.31982421875,
      0.2998046875,
      0.28955078125,
      0.334716796875,
      0.295654296875,
      0.297607421875,
      0.318359375,
      0.30029296875,
      0.28857421875,
      0.28271484375,
      0.3134765625,
      0.15185546875,
      0.1617431640625,
      0.1551513671875,
      0.19189453125,
      0.17041015625,
      0.17529296875,
      0.1793212890625,
      0.1591796875,
      0.1705322265625,
      0.1666259765625,
      0.1602783203125,
      0.1832275390625,
      0.1778564453125
    ],
    "mode": "memory"
  },
  "mode": "max"
}