{
  "semantic_scores": [
    0.1466064453125,
    0.152099609375,
    0.1593017578125,
    0.1650390625,
    0.160888671875,
    0.1571044921875,
    0.1492919921875,
    0.1475830078125,
    0.15869140625,
    0.1531982421875,
    0.1536865234375,
    0.1663818359375,
    0.1605224609375,
    0.1519775390625,
    0.150634765625,
    0.1510009765625,
    0.1524658203125,
    0.154541015625,
    0.1429443359375,
    0.1497802734375,
    0.15771484375,
    0.1544189453125,
    0.15234375,
    0.1461181640625,
    0.1456298828125,
    0.1461181640625,
    0.1474609375,
    0.1456298828125,
    0.1583251953125,
    0.15087890625,
    0.1591796875,
    0.15087890625,
    0.158447265625,
    0.1590576171875,
    0.1458740234375,
    0.1466064453125,
    0.1549072265625,
    0.1455078125,
    0.14306640625,
    0.155029296875,
    0.1536865234375,
    0.1419677734375,
    0.1439208984375,
    0.145751953125,
    0.1502685546875,
    0.1436767578125,
    0.1435546875,
    0.1453857421875,
    0.1561279296875,
    0.1385498046875,
    0.1385498046875,
    0.1512451171875,
    0.1478271484375,
    0.1474609375,
    0.1405029296875,
    0.142822265625,
    0.1494140625,
    0.14306640625,
    0.146728515625,
    0.1483154296875,
    0.1414794921875,
    0.1453857421875,
    0.1446533203125,
    0.146728515625,
    0.1455078125,
    0.141357421875,
    0.1485595703125,
    0.155029296875,
    0.1468505859375,
    0.14990234375,
    0.150634765625,
    0.1429443359375,
    0.156494140625,
    0.1441650390625,
    0.1468505859375,
    0.1468505859375,
    0.14892578125,
    0.1463623046875,
    0.17333984375,
    0.1513671875,
    0.1490478515625,
    0.1463623046875,
    0.163818359375,
    0.1510009765625,
    0.1475830078125,
    0.1624755859375,
    0.15966796875,
    0.149658203125,
    0.15087890625,
    0.14013671875,
    0.15771484375,
    0.155029296875,
    0.1651611328125,
    0.164794921875,
    0.1619873046875,
    0.1748046875,
    0.1668701171875,
    0.16943359375,
    0.1666259765625,
    0.1688232421875,
    0.170654296875,
    0.1654052734375,
    0.16943359375,
    0.169189453125,
    0.162353515625,
    0.1695556640625,
    0.1536865234375,
    0.1627197265625,
    0.177001953125,
    0.1649169921875,
    0.1761474609375,
    0.1707763671875,
    0.178955078125,
    0.1669921875,
    0.18505859375
  ],
  "memory_scores": [
    0.291015625,
    0.35693359375,
    0.356201171875,
    0.368896484375,
    0.320556640625,
    0.32373046875,
    0.3583984375,
    0.33154296875,
    0.3349609375,
    0.323974609375,
    0.3037109375,
    0.30419921875,
    0.3076171875,
    0.32275390625,
    0.36083984375,
    0.29248046875,
    0.3232421875,
    0.33935546875,
    0.2783203125,
    0.32275390625,
    0.31298828125,
    0.32275390625,
    0.2467041015625,
    0.2783203125,
    0.268310546875,
    0.27783203125,
    0.286865234375,
    0.3037109375,
    0.28662109375,
    0.313232421875,
    0.3388671875,
    0.290283203125,
    0.2783203125,
    0.333984375,
    0.270263671875,
    0.28515625,
    0.273193359375,
    0.3017578125,
    0.317138671875,
    0.331298828125,
    0.311279296875,
    0.306396484375,
    0.251953125,
    0.2919921875,
    0.280029296875,
    0.2421875,
    0.26025390625,
    0.2310791015625,
    0.233642578125,
    0.26171875,
    0.213623046875,
    0.1959228515625,
    0.220703125,
    0.244140625,
    0.201416015625,
    0.2061767578125,
    0.2177734375,
    0.2103271484375,
    0.239013671875,
    0.251953125,
    0.2393798828125,
    0.2220458984375,
    0.2415771484375,
    0.23388671875,
    0.2476806640625,
    0.2509765625,
    0.222900390625,
    0.297119140625,
    0.3154296875,
    0.3125,
    0.31494140625,
    0.3173828125,
    0.3115234375,
    0.273681640625,
    0.292236328125,
    0.31005859375,
    0.318359375,
    0.32373046875,
    0.3291015625,
    0.271484375,
    0.325927734375,
    0.33349609375,
    0.32275390625,
    0.31494140625,
    0.3291015625,
    0.303466796875,
    0.288818359375,
    0.329345703125,
    0.31005859375,
    0.2587890625,
    0.34130859375,
    0.3232421875,
    0.294921875,
    0.2705078125,
    0.30029296875,
    0.31201171875,
    0.259521484375,
    0.307861328125,
    0.28515625,
    0.28369140625,
    0.281982421875,
    0.30078125,
    0.2890625,
    0.295654296875,
    0.26123046875,
    0.2802734375,
    0.271728515625,
    0.271484375,
    0.3037109375,
    0.27880859375,
    0.28466796875,
    0.2880859375,
    0.311279296875,
    0.29150390625,
    0.294677734375
  ],
  "semantic_meta": {
    "semantic_scores": [
      0.1466064453125,
      0.152099609375,
      0.1593017578125,
      0.1650390625,
      0.160888671875,
      0.1571044921875,
      0.1492919921875,
      0.1475830078125,
      0.15869140625,
      0.1531982421875,
      0.1536865234375,
      0.1663818359375,
      0.1605224609375,
      0.1519775390625,
      0.150634765625,
      0.1510009765625,
      0.1524658203125,
      0.154541015625,
      0.1429443359375,
      0.1497802734375,
      0.15771484375,
      0.1544189453125,
      0.15234375,
      0.1461181640625,
      0.1456298828125,
      0.1461181640625,
      0.1474609375,
      0.1456298828125,
      0.1583251953125,
      0.15087890625,
      0.1591796875,
      0.15087890625
    ],
    "mode": "semantic"
  },
  "memory_meta": {
    "nn_margin": [
      0.044769287109375,
      0.029998779296875,
      0.0249481201171875,
      0.0254669189453125,
      0.0439453125,
      0.038055419921875,
      0.024871826171875,
      0.025634765625,
      0.037567138671875,
      0.04241943359375,
      0.0275421142578125,
      0.04296875,
      0.0280914306640625,
      0.032928466796875,
      0.02679443359375,
      0.0328369140625,
      0.033416748046875,
      0.0282440185546875,
      0.034210205078125,
      0.0345458984375,
      0.030181884765625,
      0.03692626953125,
      0.03076171875,
      0.03125,
      0.0360107421875,
      0.0260467529296875,
      0.032012939453125,
      0.024261474609375,
      0.026580810546875,
      0.0253753662109375,
      0.0275115966796875,
      0.0288848876953125
    ],
    "max_patch_score": [
      0.291015625,
      0.35693359375,
      0.356201171875,
      0.368896484375,
      0.320556640625,
      0.32373046875,
      0.3583984375,
      0.33154296875,
      0.3349609375,
      0.323974609375,
      0.3037109375,
      0.30419921875,
      0.3076171875,
      0.32275390625,
      0.36083984375,
      0.29248046875,
      0.3232421875,
      0.33935546875,
      0.2783203125,
      0.32275390625,
      0.31298828125,
      0.32275390625,
      0.2467041015625,
      0.2783203125,
      0.268310546875,
      0.27783203125,
      0.286865234375,
      0.3037109375,
      0.28662109375,
      0.313232421875,
      0.3388671875,
      0.290283203125
    ],
    "mode": "memory"
  },
  "mode": "max"
}