{
  "semantic_scores": [
    0.4892578125,
    0.4951171875,
    0.48291015625,
    0.489990234375,
    0.486328125,
    0.492431640625,
    0.47900390625,
    0.5,
    0.48291015625,
    0.48291015625,
    0.48779296875,
    0.493408203125,
    0.485107421875,
    0.497314453125,
    0.49169921875,
    0.494140625,
    0.4794921875,
    0.484375,
    0.439208984375,
    0.43359375,
    0.42822265625,
    0.437744140625,
    0.42578125,
    0.4326171875,
    0.435791015625,
    0.4296875,
    0.425048828125,
    0.43212890625,
    0.4345703125,
    0.4306640625,
    0.4287109375,
    0.43017578125,
    0.436279296875,
    0.43505859375,
    0.4326171875,
    0.443603515625,
    0.430908203125,
    0.427734375,
    0.42626953125,
    0.43115234375,
    0.4267578125,
    0.4306640625,
    0.4306640625,
    0.43017578125,
    0.439697265625,
    0.431640625,
    0.4296875,
    0.426513671875,
    0.42529296875,
    0.4287109375,
    0.4326171875,
    0.4912109375,
    0.494140625,
    0.498046875,
    0.50830078125,
    0.50927734375,
    0.47802734375,
    0.501953125,
    0.51123046875,
    0.49560546875,
    0.48974609375,
    0.51318359375,
    0.490234375,
    0.5029296875,
    0.49072265625,
    0.505859375,
    0.51611328125,
    0.49072265625,
    0.452392578125,
    0.451416015625,
    0.452392578125,
    0.46826171875,
    0.46484375,
    0.452392578125,
    0.46337890625,
    0.484375,
    0.46142578125,
    0.45703125,
    0.478515625,
    0.45556640625,
    0.441650390625,
    0.46533203125,
    0.4755859375,
    0.453857421875,
    0.498046875,
    0.501953125,
    0.47802734375,
    0.48388671875,
    0.498779296875,
    0.48193359375,
    0.498291015625,
    0.46630859375,
    0.50146484375,
    0.4658203125,
    0.47412109375,
    0.48046875,
    0.50244140625,
    0.48779296875,
    0.48046875,
    0.48095703125,
    0.4833984375,
    0.5048828125,
    0.462890625,
    0.482421875,
    0.4560546875,
    0.46826171875,
    0.45849609375,
    0.4619140625,
    0.454833984375,
    0.45849609375,
    0.4755859375,
    0.47412109375,
    0.47314453125,
    0.46484375,
    0.451904296875,
    0.48095703125,
    0.453857421875
  ],
  "memory_scores": [
    0.365234375,
    0.355712890625,
    0.354736328125,
    0.356201171875,
    0.36181640625,
    0.35400390625,
    0.34130859375,
    0.342529296875,
    0.362060546875,
    0.329345703125,
    0.3623046875,
    0.36181640625,
    0.37255859375,
    0.35888671875,
    0.32177734375,
    0.3427734375,
    0.33251953125,
    0.35107421875,
    0.30078125,
    0.24853515625,
    0.1966552734375,
    0.2301025390625,
    0.22021484375,
    0.1947021484375,
    0.208251953125,
    0.19287109375,
    0.1883544921875,
    0.2010498046875,
    0.206298828125,
    0.2366943359375,
    0.200439453125,
    0.2327880859375,
    0.271484375,
    0.2880859375,
    0.245361328125,
    0.283447265625,
    0.243896484375,
    0.2198486328125,
    0.2174072265625,
    0.2034912109375,
    0.2039794921875,
    0.2900390625,
    0.25830078125,
    0.2408447265625,
    0.2379150390625,
    0.1973876953125,
    0.2200927734375,
    0.253173828125,
    0.201171875,
    0.207275390625,
    0.250732421875,
    0.3388671875,
    0.355224609375,
    0.35107421875,
    0.345703125,
    0.34375,
    0.341064453125,
    0.35693359375,
    0.343505859375,
    0.3515625,
    0.34033203125,
    0.3701171875,
    0.34423828125,
    0.34228515625,
    0.3408203125,
    0.3505859375,
    0.337890625,
    0.340087890625,
    0.25732421875,
    0.2734375,
    0.265869140625,
    0.30078125,
    0.3037109375,
    0.266845703125,
    0.29296875,
    0.302734375,
    0.2724609375,
    0.297607421875,
    0.294921875,
    0.2861328125,
    0.2607421875,
    0.3369140625,
    0.286376953125,
    0.28369140625,
    0.363037109375,
    0.35791015625,
    0.3349609375,
    0.3583984375,
    0.4052734375,
    0.34521484375,
    0.358154296875,
    0.345458984375,
    0.394287109375,
    0.37890625,
    0.337890625,
    0.3759765625,
    0.3681640625,
    0.350830078125,
    0.341796875,
    0.360595703125,
    0.358154296875,
    0.371337890625,
    0.329833984375,
    0.34326171875,
    0.29833984375,
    0.298828125,
    0.32421875,
    0.30810546875,
    0.317138671875,
    0.32080078125,
    0.34814453125,
    0.33349609375,
    0.348388671875,
    0.337158203125,
    0.31494140625,
    0.328369140625,
    0.31591796875
  ],
  "semantic_meta": {
    "semantic_scores": [
      0.4892578125,
      0.4951171875,
      0.48291015625,
      0.489990234375,
      0.486328125,
      0.492431640625,
      0.47900390625,
      0.5,
      0.48291015625,
      0.48291015625,
      0.48779296875,
      0.493408203125,
      0.485107421875,
      0.497314453125,
      0.49169921875,
      0.494140625,
      0.4794921875,
      0.484375,
      0.439208984375,
      0.43359375,
      0.42822265625,
      0.437744140625,
      0.42578125,
      0.4326171875,
      0.435791015625,
      0.4296875,
      0.425048828125,
      0.43212890625,
      0.4345703125,
      0.4306640625,
      0.4287109375,
      0.43017578125
    ],
    "mode": "semantic"
  },
  "memory_meta": {
    "nn_margin": [
      0.0176239013671875,
      0.0176239013671875,
      0.01776123046875,
      0.016326904296875,
      0.0180206298828125,
      0.017364501953125,
      0.0182952880859375,
      0.018707275390625,
      0.0178070068359375,
      0.018402099609375,
      0.017791748046875,
      0.015655517578125,
      0.0188751220703125,
      0.01947021484375,
      0.0190582275390625,
      0.01617431640625,
      0.0179443359375,
      0.018585205078125,
      0.018341064453125,
      0.01788330078125,
      0.0167999267578125,
      0.0196380615234375,
      0.0169219970703125,
      0.0185699462890625,
      0.01971435546875,
      0.0195465087890625,
      0.016998291015625,
      0.017974853515625,
      0.01885986328125,
      0.0179595947265625,
      0.01800537109375,
      0.01715087890625
    ],
    "max_patch_score": [
      0.365234375,
      0.355712890625,
      0.354736328125,
      0.356201171875,
      0.36181640625,
      0.35400390625,
      0.34130859375,
      0.342529296875,
      0.362060546875,
      0.329345703125,
      0.3623046875,
      0.36181640625,
      0.37255859375,
      0.35888671875,
      0.32177734375,
      0.3427734375,
      0.33251953125,
      0.35107421875,
      0.30078125,
      0.24853515625,
      0.1966552734375,
      0.2301025390625,
      0.22021484375,
      0.1947021484375,
      0.208251953125,
      0.19287109375,
      0.1883544921875,
      0.2010498046875,
      0.206298828125,
      0.2366943359375,
      0.200439453125,
      0.2327880859375
    ],
    "mode": "memory"
  },
  "mode": "max"
}