{
  "semantic_scores": [
    0.1407470703125,
    0.1307373046875,
    0.156494140625,
    0.1351318359375,
    0.1407470703125,
    0.1453857421875,
    0.1314697265625,
    0.135498046875,
    0.1436767578125,
    0.154296875,
    0.1571044921875,
    0.1265869140625,
    0.150146484375,
    0.12939453125,
    0.1446533203125,
    0.1527099609375,
    0.1405029296875,
    0.173583984375,
    0.1273193359375,
    0.140380859375,
    0.1063232421875,
    0.0972900390625,
    0.116455078125,
    0.10858154296875,
    0.10723876953125,
    0.10968017578125,
    0.1092529296875,
    0.10247802734375,
    0.1103515625,
    0.11456298828125,
    0.1346435546875,
    0.123779296875,
    0.09747314453125,
    0.1307373046875,
    0.093017578125,
    0.10009765625,
    0.1400146484375,
    0.1292724609375,
    0.130126953125,
    0.1015625,
    0.130859375,
    0.1285400390625
  ],
  "memory_scores": [
    0.356201171875,
    0.287353515625,
    0.3154296875,
    0.290771484375,
    0.28564453125,
    0.33447265625,
    0.312744140625,
    0.283203125,
    0.3427734375,
    0.31005859375,
    0.3515625,
    0.28076171875,
    0.31640625,
    0.2861328125,
    0.31298828125,
    0.331298828125,
    0.33203125,
    0.37158203125,
    0.2568359375,
    0.341796875,
    0.257080078125,
    0.275390625,
    0.3251953125,
    0.338623046875,
    0.217041015625,
    0.32666015625,
    0.33203125,
    0.2274169921875,
    0.27783203125,
    0.319091796875,
    0.25830078125,
    0.2232666015625,
    0.2073974609375,
    0.2327880859375,
    0.181396484375,
    0.1512451171875,
    0.2476806640625,
    0.262451171875,
    0.2568359375,
    0.157470703125,
    0.259765625,
    0.2366943359375
  ],
  "semantic_meta": {
    "semantic_scores": [
      0.1407470703125,
      0.1307373046875,
      0.156494140625,
      0.1351318359375,
      0.1407470703125,
      0.1453857421875,
      0.1314697265625,
      0.135498046875,
      0.1436767578125,
      0.154296875,
      0.1571044921875,
      0.1265869140625,
      0.150146484375,
      0.12939453125,
      0.1446533203125,
      0.1527099609375,
      0.1405029296875,
      0.173583984375,
      0.1273193359375,
      0.140380859375,
      0.1063232421875,
      0.0972900390625,
      0.116455078125,
      0.10858154296875,
      0.10723876953125,
      0.10968017578125,
      0.1092529296875,
      0.10247802734375,
      0.1103515625,
      0.11456298828125,
      0.1346435546875,
      0.123779296875
    ],
    "mode": "semantic"
  },
  "memory_meta": {
    "nn_margin": [
      0.022857666015625,
      0.023040771484375,
      0.0217437744140625,
      0.0224761962890625,
      0.02154541015625,
      0.0238037109375,
      0.023681640625,
      0.023681640625,
      0.02374267578125,
      0.024169921875,
      0.0233154296875,
      0.02301025390625,
      0.0224151611328125,
      0.021209716796875,
      0.022186279296875,
      0.0231781005859375,
      0.025543212890625,
      0.022003173828125,
      0.0228271484375,
      0.02227783203125,
      0.028076171875,
      0.02862548828125,
      0.0223846435546875,
      0.024810791015625,
      0.0245819091796875,
      0.022705078125,
      0.0235595703125,
      0.02447509765625,
      0.025054931640625,
      0.0221099853515625,
      0.022247314453125,
      0.0243988037109375
    ],
    "max_patch_score": [
      0.356201171875,
      0.287353515625,
      0.3154296875,
      0.290771484375,
      0.28564453125,
      0.33447265625,
      0.312744140625,
      0.283203125,
      0.3427734375,
      0.31005859375,
      0.3515625,
      0.28076171875,
      0.31640625,
      0.2861328125,
      0.31298828125,
      0.331298828125,
      0.33203125,
      0.37158203125,
      0.2568359375,
      0.341796875,
      0.257080078125,
      0.275390625,
      0.3251953125,
      0.338623046875,
      0.217041015625,
      0.32666015625,
      0.33203125,
      0.2274169921875,
      0.27783203125,
      0.319091796875,
      0.25830078125,
      0.2232666015625
    ],
    "mode": "memory"
  },
  "mode": "max"
}