{
  "nn_margin": [
    0.022857666015625,
    0.023040771484375,
    0.0217437744140625,
    0.0224761962890625,
    0.02154541015625,
    0.0238037109375,
    0.023681640625,
    0.023681640625,
    0.02374267578125,
    0.024169921875,
    0.0233154296875,
    0.02301025390625,
    0.0224151611328125,
    0.021209716796875,
    0.022186279296875,
    0.0231781005859375,
    0.025543212890625,
    0.022003173828125,
    0.0228271484375,
    0.02227783203125,
    0.028076171875,
    0.02862548828125,
    0.0223846435546875,
    0.024810791015625,
    0.0245819091796875,
    0.022705078125,
    0.0235595703125,
    0.02447509765625,
    0.025054931640625,
    0.0221099853515625,
    0.022247314453125,
    0.0243988037109375,
    0.026763916015625,
    0.0257568359375,
    0.031768798828125,
    0.027313232421875,
    0.026153564453125,
    0.0231781005859375,
    0.02777099609375,
    0.025970458984375,
    0.0237274169921875,
    0.02423095703125
  ],
  "max_patch_score": [
    0.356201171875,
    0.287353515625,
    0.3154296875,
    0.290771484375,
    0.28564453125,
    0.33447265625,
    0.312744140625,
    0.283203125,
    0.3427734375,
    0.31005859375,
    0.3515625,
    0.28076171875,
    0.31640625,
    0.2861328125,
    0.31298828125,
    0.331298828125,
    0.33203125,
    0.37158203125,
    0.2568359375,
    0.341796875,
    0.257080078125,
    0.275390625,
    0.3251953125,
    0.338623046875,
    0.217041015625,
    0.32666015625,
    0.33203125,
    0.2274169921875,
    0.27783203125,
    0.319091796875,
    0.25830078125,
    0.2232666015625,
    0.2073974609375,
    0.2327880859375,
    0.181396484375,
    0.1512451171875,
    0.2476806640625,
    0.262451171875,
    0.2568359375,
    0.157470703125,
    0.259765625,
    0.2366943359375
  ],
  "mode": "memory"
}