{
  "nn_margin": [
    0.05206298828125,
    0.041717529296875,
    0.0416259765625,
    0.0552978515625,
    0.05999755859375,
    0.04736328125,
    0.04986572265625,
    0.056396484375,
    0.047027587890625,
    0.0487060546875,
    0.04681396484375,
    0.05438232421875,
    0.053375244140625,
    0.049072265625,
    0.05615234375,
    0.055511474609375,
    0.048370361328125,
    0.04571533203125,
    0.0572509765625,
    0.03167724609375,
    0.056396484375,
    0.05072021484375,
    0.0369873046875,
    0.06158447265625,
    0.05914306640625,
    0.0487060546875,
    0.0479736328125,
    0.05401611328125,
    0.040802001953125,
    0.0555419921875,
    0.0462646484375,
    0.04730224609375,
    0.0364990234375,
    0.048126220703125,
    0.057037353515625,
    0.030609130859375,
    0.05255126953125,
    0.0562744140625,
    0.05426025390625,
    0.04583740234375,
    0.051666259765625,
    0.064697265625,
    0.0396728515625,
    0.052001953125,
    0.046844482421875,
    0.0335693359375,
    0.036773681640625,
    0.04180908203125,
    0.0643310546875,
    0.042388916015625,
    0.04840087890625,
    0.03582763671875,
    0.045654296875,
    0.050933837890625,
    0.05023193359375,
    0.04107666015625,
    0.04864501953125,
    0.04547119140625,
    0.05841064453125,
    0.04351806640625,
    0.053436279296875,
    0.039215087890625,
    0.05908203125,
    0.055572509765625,
    0.045257568359375,
    0.046661376953125,
    0.057952880859375,
    0.0657958984375,
    0.0521240234375,
    0.0523681640625,
    0.041046142578125,
    0.0400390625,
    0.044189453125,
    0.047149658203125,
    0.05120849609375,
    0.0511474609375,
    0.034149169921875,
    0.0396728515625,
    0.044158935546875,
    0.04217529296875,
    0.04412841796875,
    0.033935546875,
    0.041717529296875,
    0.04302978515625,
    0.041778564453125,
    0.0374755859375,
    0.036773681640625,
    0.031768798828125,
    0.033294677734375,
    0.046234130859375,
    0.037567138671875,
    0.038604736328125,
    0.047607421875,
    0.0423583984375,
    0.060760498046875,
    0.05474853515625,
    0.042816162109375,
    0.048065185546875,
    0.05718994140625,
    0.05023193359375
  ],
  "max_patch_score": [
    0.2313232421875,
    0.2841796875,
    0.23193359375,
    0.25634765625,
    0.233154296875,
    0.230224609375,
    0.2386474609375,
    0.2027587890625,
    0.2174072265625,
    0.2347412109375,
    0.2000732421875,
    0.227783203125,
    0.26318359375,
    0.20947265625,
    0.257080078125,
    0.27099609375,
    0.22021484375,
    0.25244140625,
    0.2449951171875,
    0.267578125,
    0.25341796875,
    0.2315673828125,
    0.246337890625,
    0.2587890625,
    0.242431640625,
    0.24462890625,
    0.2230224609375,
    0.2587890625,
    0.2421875,
    0.2225341796875,
    0.2320556640625,
    0.2216796875,
    0.232421875,
    0.22998046875,
    0.234375,
    0.225341796875,
    0.2213134765625,
    0.26953125,
    0.2218017578125,
    0.2227783203125,
    0.2183837890625,
    0.219970703125,
    0.2464599609375,
    0.236083984375,
    0.21630859375,
    0.220947265625,
    0.214599609375,
    0.2054443359375,
    0.236572265625,
    0.2275390625,
    0.22705078125,
    0.2607421875,
    0.265869140625,
    0.255859375,
    0.2254638671875,
    0.2366943359375,
    0.2335205078125,
    0.22900390625,
    0.24462890625,
    0.2255859375,
    0.30078125,
    0.3232421875,
    0.265625,
    0.310546875,
    0.3125,
    0.283203125,
    0.288818359375,
    0.311767578125,
    0.2998046875,
    0.3115234375,
    0.25927734375,
    0.2374267578125,
    0.24072265625,
    0.296142578125,
    0.250244140625,
    0.2333984375,
    0.25341796875,
    0.27734375,
    0.251953125,
    0.2548828125,
    0.24609375,
    0.25439453125,
    0.26806640625,
    0.289794921875,
    0.290771484375,
    0.29931640625,
    0.26416015625,
    0.329833984375,
    0.3173828125,
    0.249267578125,
    0.28759765625,
    0.2398681640625,
    0.25390625,
    0.253173828125,
    0.2413330078125,
    0.27392578125,
    0.25,
    0.23291015625,
    0.244873046875,
    0.2646484375
  ],
  "mode": "memory"
}