{
  "semantic_scores": [
    0.2783203125,
    0.304931640625,
    0.279541015625,
    0.272705078125,
    0.287841796875,
    0.2763671875,
    0.2841796875,
    0.277587890625,
    0.2744140625,
    0.271728515625,
    0.287353515625,
    0.29150390625,
    0.271728515625,
    0.281494140625,
    0.28662109375,
    0.294921875,
    0.284912109375,
    0.280517578125,
    0.2744140625,
    0.285400390625,
    0.275146484375,
    0.29052734375,
    0.28857421875,
    0.279052734375,
    0.28466796875,
    0.286865234375,
    0.279541015625,
    0.30126953125,
    0.2783203125,
    0.27783203125,
    0.287353515625,
    0.28369140625,
    0.275634765625,
    0.292236328125,
    0.281005859375,
    0.298583984375,
    0.29736328125,
    0.279052734375,
    0.287353515625,
    0.29248046875,
    0.287841796875,
    0.276611328125,
    0.312744140625,
    0.27783203125,
    0.293701171875,
    0.275634765625,
    0.280517578125,
    0.2783203125,
    0.27783203125,
    0.2822265625,
    0.283447265625,
    0.274658203125,
    0.2861328125,
    0.279052734375,
    0.28466796875,
    0.290283203125,
    0.299072265625,
    0.27783203125,
    0.286865234375,
    0.290283203125,
    0.280517578125,
    0.32421875,
    0.2890625,
    0.302001953125,
    0.30615234375,
    0.289306640625,
    0.29345703125,
    0.2978515625,
    0.306640625,
    0.31103515625,
    0.29248046875,
    0.287841796875,
    0.28857421875,
    0.294677734375,
    0.298583984375,
    0.299072265625,
    0.29833984375,
    0.3154296875,
    0.296630859375,
    0.302001953125,
    0.31494140625,
    0.30078125,
    0.379150390625,
    0.3857421875,
    0.333251953125,
    0.326416015625,
    0.3173828125,
    0.34033203125,
    0.337646484375,
    0.2998046875,
    0.30517578125,
    0.2841796875,
    0.294189453125,
    0.304931640625,
    0.30810546875,
    0.285888671875,
    0.29248046875,
    0.291748046875,
    0.291015625,
    0.30078125
  ],
  "memory_scores": [
    0.2313232421875,
    0.2841796875,
    0.23193359375,
    0.25634765625,
    0.233154296875,
    0.230224609375,
    0.2386474609375,
    0.2027587890625,
    0.2174072265625,
    0.2347412109375,
    0.2000732421875,
    0.227783203125,
    0.26318359375,
    0.20947265625,
    0.257080078125,
    0.27099609375,
    0.22021484375,
    0.25244140625,
    0.2449951171875,
    0.267578125,
    0.25341796875,
    0.2315673828125,
    0.246337890625,
    0.2587890625,
    0.242431640625,
    0.24462890625,
    0.2230224609375,
    0.2587890625,
    0.2421875,
    0.2225341796875,
    0.2320556640625,
    0.2216796875,
    0.232421875,
    0.22998046875,
    0.234375,
    0.225341796875,
    0.2213134765625,
    0.26953125,
    0.2218017578125,
    0.2227783203125,
    0.2183837890625,
    0.219970703125,
    0.2464599609375,
    0.236083984375,
    0.21630859375,
    0.220947265625,
    0.214599609375,
    0.2054443359375,
    0.236572265625,
    0.2275390625,
    0.22705078125,
    0.2607421875,
    0.265869140625,
    0.255859375,
    0.2254638671875,
    0.2366943359375,
    0.2335205078125,
    0.22900390625,
    0.24462890625,
    0.2255859375,
    0.30078125,
    0.3232421875,
    0.265625,
    0.310546875,
    0.3125,
    0.283203125,
    0.288818359375,
    0.311767578125,
    0.2998046875,
    0.3115234375,
    0.25927734375,
    0.2374267578125,
    0.24072265625,
    0.296142578125,
    0.250244140625,
    0.2333984375,
    0.25341796875,
    0.27734375,
    0.251953125,
    0.2548828125,
    0.24609375,
    0.25439453125,
    0.26806640625,
    0.289794921875,
    0.290771484375,
    0.29931640625,
    0.26416015625,
    0.329833984375,
    0.3173828125,
    0.249267578125,
    0.28759765625,
    0.2398681640625,
    0.25390625,
    0.253173828125,
    0.2413330078125,
    0.27392578125,
    0.25,
    0.23291015625,
    0.244873046875,
    0.2646484375
  ],
  "selections": [
    1,
    1,
    1,
    1,
    1,
    1,
    1,
    1,
    1,
    1,
    1,
    1,
    1,
    1,
    1,
    1,
    1,
    1,
    1,
    1,
    1,
    1,
    1,
    1,
    1,
    1,
    1,
    1,
    1,
    1,
    1,
    1,
    1,
    1,
    1,
    1,
    1,
    1,
    1,
    1,
    1,
    1,
    1,
    1,
    1,
    1,
    1,
    1,
    1,
    1,
    1,
    1,
    1,
    1,
    1,
    1,
    1,
    1,
    1,
    1,
    1,
    0,
    0,
    1,
    1,
    0,
    0,
    1,
    0,
    1,
    0,
    0,
    0,
    1,
    0,
    0,
    0,
    0,
    0,
    0,
    0,
    0,
    0,
    0,
    0,
    0,
    0,
    0,
    0,
    0,
    0,
    0,
    0,
    0,
    0,
    0,
    0,
    0,
    0,
    0
  ],
  "semantic_meta": {
    "semantic_scores": [
      0.2783203125,
      0.304931640625,
      0.279541015625,
      0.272705078125,
      0.287841796875,
      0.2763671875,
      0.2841796875,
      0.277587890625,
      0.2744140625,
      0.271728515625,
      0.287353515625,
      0.29150390625,
      0.271728515625,
      0.281494140625,
      0.28662109375,
      0.294921875,
      0.284912109375,
      0.280517578125,
      0.2744140625,
      0.285400390625,
      0.275146484375,
      0.29052734375,
      0.28857421875,
      0.279052734375,
      0.28466796875,
      0.286865234375,
      0.279541015625,
      0.30126953125,
      0.2783203125,
      0.27783203125,
      0.287353515625,
      0.28369140625
    ],
    "mode": "semantic"
  },
  "memory_meta": {
    "nn_margin": [
      0.05206298828125,
      0.041717529296875,
      0.0416259765625,
      0.0552978515625,
      0.05999755859375,
      0.04736328125,
      0.04986572265625,
      0.056396484375,
      0.047027587890625,
      0.0487060546875,
      0.04681396484375,
      0.05438232421875,
      0.053375244140625,
      0.049072265625,
      0.05615234375,
      0.055511474609375,
      0.048370361328125,
      0.04571533203125,
      0.0572509765625,
      0.03167724609375,
      0.056396484375,
      0.05072021484375,
      0.0369873046875,
      0.06158447265625,
      0.05914306640625,
      0.0487060546875,
      0.0479736328125,
      0.05401611328125,
      0.040802001953125,
      0.0555419921875,
      0.0462646484375,
      0.04730224609375
    ],
    "max_patch_score": [
      0.2313232421875,
      0.2841796875,
      0.23193359375,
      0.25634765625,
      0.233154296875,
      0.230224609375,
      0.2386474609375,
      0.2027587890625,
      0.2174072265625,
      0.2347412109375,
      0.2000732421875,
      0.227783203125,
      0.26318359375,
      0.20947265625,
      0.257080078125,
      0.27099609375,
      0.22021484375,
      0.25244140625,
      0.2449951171875,
      0.267578125,
      0.25341796875,
      0.2315673828125,
      0.246337890625,
      0.2587890625,
      0.242431640625,
      0.24462890625,
      0.2230224609375,
      0.2587890625,
      0.2421875,
      0.2225341796875,
      0.2320556640625,
      0.2216796875
    ],
    "mode": "memory"
  },
  "mode": "oracle"
}