{
  "nn_margin": [
    0.0198211669921875,
    0.02001953125,
    0.0201263427734375,
    0.021453857421875,
    0.0170440673828125,
    0.02008056640625,
    0.020050048828125,
    0.01983642578125,
    0.019866943359375,
    0.0191497802734375,
    0.0182342529296875,
    0.0207061767578125,
    0.021087646484375,
    0.0178985595703125,
    0.01654052734375,
    0.019317626953125,
    0.0183563232421875,
    0.0184478759765625,
    0.019256591796875,
    0.02044677734375,
    0.018157958984375,
    0.02093505859375,
    0.018310546875,
    0.02069091796875,
    0.0194091796875,
    0.0216827392578125,
    0.0190277099609375,
    0.0206451416015625,
    0.0204315185546875,
    0.019439697265625,
    0.01959228515625,
    0.01873779296875,
    0.019744873046875,
    0.0186614990234375,
    0.0187530517578125,
    0.019744873046875,
    0.017242431640625,
    0.019439697265625,
    0.01947021484375,
    0.0210113525390625,
    0.0194091796875,
    0.0194091796875,
    0.02099609375,
    0.018768310546875,
    0.0180511474609375,
    0.0196075439453125,
    0.01837158203125,
    0.0196533203125,
    0.020782470703125,
    0.0178985595703125,
    0.02020263671875,
    0.018157958984375,
    0.01837158203125,
    0.0186920166015625,
    0.01849365234375,
    0.0186767578125,
    0.0200347900390625,
    0.019622802734375,
    0.017913818359375,
    0.019134521484375,
    0.0179290771484375,
    0.0189208984375,
    0.0190887451171875,
    0.02001953125,
    0.018951416015625,
    0.019134521484375,
    0.01708984375,
    0.018951416015625,
    0.0183563232421875,
    0.0198211669921875,
    0.019683837890625,
    0.01861572265625,
    0.018218994140625,
    0.0213623046875,
    0.018310546875,
    0.0194091796875,
    0.018157958984375,
    0.01922607421875,
    0.019317626953125
  ],
  "max_patch_score": [
    0.336181640625,
    0.3427734375,
    0.345703125,
    0.3681640625,
    0.33251953125,
    0.37060546875,
    0.3349609375,
    0.3525390625,
    0.339111328125,
    0.2376708984375,
    0.353271484375,
    0.34716796875,
    0.322265625,
    0.33984375,
    0.26806640625,
    0.359130859375,
    0.359375,
    0.357421875,
    0.35009765625,
    0.3369140625,
    0.345458984375,
    0.34228515625,
    0.3486328125,
    0.35107421875,
    0.322265625,
    0.32470703125,
    0.3486328125,
    0.34814453125,
    0.32177734375,
    0.3935546875,
    0.39306640625,
    0.3583984375,
    0.345947265625,
    0.316162109375,
    0.26611328125,
    0.297119140625,
    0.350341796875,
    0.327880859375,
    0.3505859375,
    0.1934814453125,
    0.2161865234375,
    0.293212890625,
    0.25830078125,
    0.287841796875,
    0.263671875,
    0.2208251953125,
    0.2364501953125,
    0.2242431640625,
    0.21875,
    0.255859375,
    0.27880859375,
    0.2420654296875,
    0.1846923828125,
    0.2186279296875,
    0.1929931640625,
    0.2130126953125,
    0.210693359375,
    0.2108154296875,
    0.351318359375,
    0.3671875,
    0.336181640625,
    0.31982421875,
    0.333984375,
    0.33984375,
    0.333984375,
    0.33935546875,
    0.354248046875,
    0.3671875,
    0.35009765625,
    0.38525390625,
    0.3701171875,
    0.4033203125,
    0.37109375,
    0.33935546875,
    0.3544921875,
    0.361328125,
    0.37158203125,
    0.39111328125,
    0.3505859375
  ],
  "mode": "memory"
}