{
  "semantic_scores": [
    0.30615234375,
    0.350341796875,
    0.330322265625,
    0.319580078125,
    0.30029296875,
    0.294189453125,
    0.341064453125,
    0.33251953125,
    0.2744140625,
    0.262451171875,
    0.310302734375,
    0.260986328125,
    0.29833984375,
    0.33154296875,
    0.2666015625,
    0.352294921875,
    0.3095703125,
    0.2861328125,
    0.309814453125,
    0.297119140625,
    0.30615234375,
    0.276611328125,
    0.306640625,
    0.30908203125,
    0.2890625,
    0.273681640625,
    0.291015625,
    0.31396484375,
    0.272705078125,
    0.323486328125,
    0.33251953125,
    0.322021484375,
    0.2763671875,
    0.32470703125,
    0.30810546875,
    0.27197265625,
    0.299072265625,
    0.2666015625,
    0.2958984375,
    0.2333984375,
    0.2362060546875,
    0.262939453125,
    0.2486572265625,
    0.2685546875,
    0.260986328125,
    0.250244140625,
    0.247314453125,
    0.24658203125,
    0.2232666015625,
    0.250732421875,
    0.265380859375,
    0.2393798828125,
    0.2225341796875,
    0.259765625,
    0.232666015625,
    0.2462158203125,
    0.2276611328125,
    0.236572265625,
    0.302001953125,
    0.322509765625,
    0.306640625,
    0.275146484375,
    0.259521484375,
    0.316650390625,
    0.278564453125,
    0.329833984375,
    0.336669921875,
    0.346435546875,
    0.36669921875,
    0.33251953125,
    0.31787109375,
    0.347412109375,
    0.329833984375,
    0.309326171875,
    0.328857421875,
    0.3525390625,
    0.345947265625,
    0.29541015625,
    0.3720703125
  ],
  "memory_scores": [
    0.336181640625,
    0.3427734375,
    0.345703125,
    0.3681640625,
    0.33251953125,
    0.37060546875,
    0.3349609375,
    0.3525390625,
    0.339111328125,
    0.2376708984375,
    0.353271484375,
    0.34716796875,
    0.322265625,
    0.33984375,
    0.26806640625,
    0.359130859375,
    0.359375,
    0.357421875,
    0.35009765625,
    0.3369140625,
    0.345458984375,
    0.34228515625,
    0.3486328125,
    0.35107421875,
    0.322265625,
    0.32470703125,
    0.3486328125,
    0.34814453125,
    0.32177734375,
    0.3935546875,
    0.39306640625,
    0.3583984375,
    0.345947265625,
    0.316162109375,
    0.26611328125,
    0.297119140625,
    0.350341796875,
    0.327880859375,
    0.3505859375,
    0.1934814453125,
    0.2161865234375,
    0.293212890625,
    0.25830078125,
    0.287841796875,
    0.263671875,
    0.2208251953125,
    0.2364501953125,
    0.2242431640625,
    0.21875,
    0.255859375,
    0.27880859375,
    0.2420654296875,
    0.1846923828125,
    0.2186279296875,
    0.1929931640625,
    0.2130126953125,
    0.210693359375,
    0.2108154296875,
    0.351318359375,
    0.3671875,
    0.336181640625,
    0.31982421875,
    0.333984375,
    0.33984375,
    0.333984375,
    0.33935546875,
    0.354248046875,
    0.3671875,
    0.35009765625,
    0.38525390625,
    0.3701171875,
    0.4033203125,
    0.37109375,
    0.33935546875,
    0.3544921875,
    0.361328125,
    0.37158203125,
    0.39111328125,
    0.3505859375
  ],
  "selections": [
    1,
    0,
    1,
    1,
    1,
    1,
    0,
    1,
    1,
    0,
    1,
    1,
    1,
    1,
    1,
    1,
    1,
    1,
    1,
    1,
    1,
    1,
    1,
    1,
    1,
    1,
    1,
    1,
    1,
    1,
    1,
    1,
    1,
    0,
    0,
    1,
    1,
    1,
    1,
    1,
    1,
    0,
    0,
    0,
    0,
    1,
    1,
    1,
    1,
    0,
    0,
    0,
    1,
    1,
    1,
    1,
    1,
    1,
    1,
    1,
    1,
    1,
    1,
    1,
    1,
    1,
    1,
    1,
    0,
    1,
    1,
    1,
    1,
    1,
    1,
    1,
    1,
    1,
    0
  ],
  "semantic_meta": {
    "semantic_scores": [
      0.30615234375,
      0.350341796875,
      0.330322265625,
      0.319580078125,
      0.30029296875,
      0.294189453125,
      0.341064453125,
      0.33251953125,
      0.2744140625,
      0.262451171875,
      0.310302734375,
      0.260986328125,
      0.29833984375,
      0.33154296875,
      0.2666015625,
      0.352294921875,
      0.3095703125,
      0.2861328125,
      0.309814453125,
      0.297119140625,
      0.30615234375,
      0.276611328125,
      0.306640625,
      0.30908203125,
      0.2890625,
      0.273681640625,
      0.291015625,
      0.31396484375,
      0.272705078125,
      0.323486328125,
      0.33251953125,
      0.322021484375
    ],
    "mode": "semantic"
  },
  "memory_meta": {
    "nn_margin": [
      0.0198211669921875,
      0.02001953125,
      0.0201263427734375,
      0.021453857421875,
      0.0170440673828125,
      0.02008056640625,
      0.020050048828125,
      0.01983642578125,
      0.019866943359375,
      0.0191497802734375,
      0.0182342529296875,
      0.0207061767578125,
      0.021087646484375,
      0.0178985595703125,
      0.01654052734375,
      0.019317626953125,
      0.0183563232421875,
      0.0184478759765625,
      0.019256591796875,
      0.02044677734375,
      0.018157958984375,
      0.02093505859375,
      0.018310546875,
      0.02069091796875,
      0.0194091796875,
      0.0216827392578125,
      0.0190277099609375,
      0.0206451416015625,
      0.0204315185546875,
      0.019439697265625,
      0.01959228515625,
      0.01873779296875
    ],
    "max_patch_score": [
      0.336181640625,
      0.3427734375,
      0.345703125,
      0.3681640625,
      0.33251953125,
      0.37060546875,
      0.3349609375,
      0.3525390625,
      0.339111328125,
      0.2376708984375,
      0.353271484375,
      0.34716796875,
      0.322265625,
      0.33984375,
      0.26806640625,
      0.359130859375,
      0.359375,
      0.357421875,
      0.35009765625,
      0.3369140625,
      0.345458984375,
      0.34228515625,
      0.3486328125,
      0.35107421875,
      0.322265625,
      0.32470703125,
      0.3486328125,
      0.34814453125,
      0.32177734375,
      0.3935546875,
      0.39306640625,
      0.3583984375
    ],
    "mode": "memory"
  },
  "mode": "oracle"
}