{
  "normal_mean": -0.059783935546875,
  "normal_std": 0.007045745849609375,
  "abnormal_mean": -0.064697265625,
  "abnormal_std": 0.006877899169921875,
  "separation": 0.004913330078125,
  "overlap_ratio": 0.58642578125,
  "ks_distance": 0.3014962082393933,
  "ks_pvalue": 0.005815344287918838
}