{
  "mean": 0.755859375,
  "std": 0.09344482421875,
  "max": 0.9111328125,
  "p90": 0.8720703125,
  "p95": 0.8916015625,
  "top10_mean": 0.900390625,
  "collapse_score": 0.900390625
}