{
  "normal_semantic_mean": 0.51513671875,
  "normal_semantic_std": 0.001708984375,
  "abnormal_semantic_mean": 0.51611328125,
  "abnormal_semantic_std": 0.0016736984252929688
}