{
  "mean": 0.317626953125,
  "std": 0.0160980224609375,
  "p50": 0.3203125,
  "p90": 0.337646484375,
  "p95": 0.340576171875,
  "p99": 0.3423828125,
  "max": 0.34326171875,
  "hit_rate_0.3": 0.8292682926829268,
  "hit_rate_0.4": 0.0,
  "hit_rate_0.5": 0.0,
  "hit_rate_0.6": 0.0,
  "hit_rate_0.7": 0.0
}