{
  "mean": 0.267822265625,
  "std": 0.00963592529296875,
  "p50": 0.267578125,
  "p90": 0.281201171875,
  "p95": 0.284765625,
  "p99": 0.290224609375,
  "max": 0.292724609375,
  "hit_rate_0.3": 0.0,
  "hit_rate_0.4": 0.0,
  "hit_rate_0.5": 0.0,
  "hit_rate_0.6": 0.0,
  "hit_rate_0.7": 0.0
}