{
  "mean": 0.79443359375,
  "std": 0.051513671875,
  "max": 0.91796875,
  "p90": 0.86103515625,
  "p95": 0.8700927734374999,
  "top10_mean": 0.89599609375,
  "collapse_score": 0.89599609375
}