{
  "normal_mean": -0.108642578125,
  "normal_std": 0.0037975311279296875,
  "abnormal_mean": -0.1199951171875,
  "abnormal_std": 0.01364898681640625,
  "separation": 0.0113525390625,
  "overlap_ratio": 0.3369140625,
  "ks_distance": 0.538961038961039,
  "ks_pvalue": 6.983834918716221e-07
}