{
  "normal_semantic_mean": 0.52734375,
  "normal_semantic_std": 0.0009136199951171875,
  "abnormal_semantic_mean": 0.52978515625,
  "abnormal_semantic_std": 0.0034008026123046875
}