{
  "mean": 0.136962890625,
  "std": 0.006412506103515625,
  "p50": 0.13671875,
  "p90": 0.14490966796875,
  "p95": 0.14699096679687498,
  "p99": 0.15357421875,
  "max": 0.162109375,
  "hit_rate_0.3": 0.0,
  "hit_rate_0.4": 0.0,
  "hit_rate_0.5": 0.0,
  "hit_rate_0.6": 0.0,
  "hit_rate_0.7": 0.0
}