{
  "normal_semantic_mean": 0.50634765625,
  "normal_semantic_std": 0.0010356903076171875,
  "abnormal_semantic_mean": 0.50732421875,
  "abnormal_semantic_std": 0.0016193389892578125
}