{
  "mean": 0.826171875,
  "std": 0.0518798828125,
  "max": 1.0,
  "p90": 0.890625,
  "p95": 0.9114990234375,
  "top10_mean": 0.94091796875,
  "collapse_score": 0.94091796875
}