{
  "normal_semantic_mean": 0.5107421875,
  "normal_semantic_std": 0.0019683837890625,
  "abnormal_semantic_mean": 0.51171875,
  "abnormal_semantic_std": 0.0027294158935546875
}