{
  "mean": 0.79345703125,
  "std": 0.07293701171875,
  "max": 1.0,
  "p90": 0.86337890625,
  "p95": 0.8860107421874999,
  "top10_mean": 0.95361328125,
  "collapse_score": 0.95361328125
}