{
  "normal_mean": -0.0421142578125,
  "normal_std": 0.00760650634765625,
  "abnormal_mean": -0.046722412109375,
  "abnormal_std": 0.01076507568359375,
  "separation": 0.004608154296875,
  "overlap_ratio": 0.57421875,
  "ks_distance": 0.24166666666666667,
  "ks_pvalue": 0.10816960972547005
}