{
  "mean": 0.3525390625,
  "std": 0.01471710205078125,
  "p50": 0.3521728515625,
  "p90": 0.37021484375,
  "p95": 0.3777099609375,
  "p99": 0.38660400390625,
  "max": 0.391357421875,
  "hit_rate_0.3": 1.0,
  "hit_rate_0.4": 0.0,
  "hit_rate_0.5": 0.0,
  "hit_rate_0.6": 0.0,
  "hit_rate_0.7": 0.0
}