{
  "semantic": {
    "i_roc": 81.40929535232384,
    "score_mode": "semantic"
  },
  "memory": {
    "i_roc": 95.4272863568216,
    "score_mode": "memory"
  },
  "max": {
    "i_roc": 81.40929535232384,
    "score_mode": "max",
    "i_roc_semantic": 81.40929535232384,
    "i_roc_memory": 95.4272863568216,
    "gap": -14.017991004497754,
    "memory_nn_margin_mean": 0.0312042236328125,
    "memory_nn_margin_std": 0.003726959228515625
  },
  "harmonic": {
    "i_roc": 95.42728635682158,
    "score_mode": "harmonic",
    "i_roc_semantic": 81.40929535232384,
    "i_roc_memory": 95.4272863568216,
    "gap": -1.1102230246251565e-14,
    "memory_nn_margin_mean": 0.0312042236328125,
    "memory_nn_margin_std": 0.003726959228515625
  },
  "oracle": {
    "i_roc": 100.0,
    "score_mode": "oracle",
    "i_roc_semantic": 81.40929535232384,
    "i_roc_memory": 95.4272863568216,
    "gap": 4.572713643178405,
    "oracle_semantic_ratio": 61.33333333333333,
    "oracle_memory_ratio": 38.666666666666664,
    "memory_nn_margin_mean": 0.0312042236328125,
    "memory_nn_margin_std": 0.003726959228515625
  }
}