{
  "semantic": {
    "i_roc": 80.26785714285715,
    "score_mode": "semantic"
  },
  "memory": {
    "i_roc": 100.0,
    "score_mode": "memory"
  },
  "max": {
    "i_roc": 80.26785714285715,
    "score_mode": "max",
    "i_roc_semantic": 80.26785714285715,
    "i_roc_memory": 100.0,
    "gap": -19.732142857142854,
    "memory_nn_margin_mean": 0.0215606689453125,
    "memory_nn_margin_std": 0.0015439987182617188
  },
  "harmonic": {
    "i_roc": 100.0,
    "score_mode": "harmonic",
    "i_roc_semantic": 80.26785714285715,
    "i_roc_memory": 100.0,
    "gap": 0.0,
    "memory_nn_margin_mean": 0.0215606689453125,
    "memory_nn_margin_std": 0.0015439987182617188
  },
  "oracle": {
    "i_roc": 100.0,
    "score_mode": "oracle",
    "i_roc_semantic": 80.26785714285715,
    "i_roc_memory": 100.0,
    "gap": 0.0,
    "oracle_semantic_ratio": 63.63636363636363,
    "oracle_memory_ratio": 36.36363636363637,
    "memory_nn_margin_mean": 0.0215606689453125,
    "memory_nn_margin_std": 0.0015439987182617188
  }
}