{
  "semantic": {
    "i_roc": 80.27823240589198,
    "score_mode": "semantic"
  },
  "memory": {
    "i_roc": 94.81723949809057,
    "score_mode": "memory"
  },
  "max": {
    "i_roc": 80.27823240589198,
    "score_mode": "max",
    "i_roc_semantic": 80.27823240589198,
    "i_roc_memory": 94.81723949809057,
    "gap": -14.539007092198586,
    "memory_nn_margin_mean": 0.022247314453125,
    "memory_nn_margin_std": 0.0007719993591308594
  },
  "harmonic": {
    "i_roc": 94.74904528096016,
    "score_mode": "harmonic",
    "i_roc_semantic": 80.27823240589198,
    "i_roc_memory": 94.81723949809057,
    "gap": -0.06819421713040175,
    "memory_nn_margin_mean": 0.022247314453125,
    "memory_nn_margin_std": 0.0007719993591308594
  },
  "oracle": {
    "i_roc": 100.0,
    "score_mode": "oracle",
    "i_roc_semantic": 80.27823240589198,
    "i_roc_memory": 94.81723949809057,
    "gap": 5.182760501909433,
    "oracle_semantic_ratio": 84.4311377245509,
    "oracle_memory_ratio": 15.568862275449103,
    "memory_nn_margin_mean": 0.022247314453125,
    "memory_nn_margin_std": 0.0007719993591308594
  }
}