{
  "semantic": {
    "i_roc": 99.90981240981242,
    "score_mode": "semantic"
  },
  "memory": {
    "i_roc": 100.0,
    "score_mode": "memory"
  },
  "max": {
    "i_roc": 99.90981240981242,
    "score_mode": "max",
    "i_roc_semantic": 99.90981240981242,
    "i_roc_memory": 100.0,
    "gap": -0.09018759018758482,
    "memory_nn_margin_mean": 0.015655517578125,
    "memory_nn_margin_std": 0.000732421875
  },
  "harmonic": {
    "i_roc": 100.0,
    "score_mode": "harmonic",
    "i_roc_semantic": 99.90981240981242,
    "i_roc_memory": 100.0,
    "gap": 0.0,
    "memory_nn_margin_mean": 0.015655517578125,
    "memory_nn_margin_std": 0.000732421875
  },
  "oracle": {
    "i_roc": 100.0,
    "score_mode": "oracle",
    "i_roc_semantic": 99.90981240981242,
    "i_roc_memory": 100.0,
    "gap": 0.0,
    "oracle_semantic_ratio": 71.7948717948718,
    "oracle_memory_ratio": 28.205128205128204,
    "memory_nn_margin_mean": 0.015655517578125,
    "memory_nn_margin_std": 0.000732421875
  }
}