{
  "semantic": {
    "i_roc": 70.22058823529412,
    "score_mode": "semantic"
  },
  "memory": {
    "i_roc": 91.91176470588236,
    "score_mode": "memory"
  },
  "max": {
    "i_roc": 70.22058823529412,
    "score_mode": "max",
    "i_roc_semantic": 70.22058823529412,
    "i_roc_memory": 91.91176470588236,
    "gap": -21.691176470588246,
    "memory_nn_margin_mean": 0.01849365234375,
    "memory_nn_margin_std": 0.0018110275268554688
  },
  "harmonic": {
    "i_roc": 92.16123949579831,
    "score_mode": "harmonic",
    "i_roc_semantic": 70.22058823529412,
    "i_roc_memory": 91.91176470588236,
    "gap": 0.24947478991594885,
    "memory_nn_margin_mean": 0.01849365234375,
    "memory_nn_margin_std": 0.0018110275268554688
  },
  "oracle": {
    "i_roc": 100.0,
    "score_mode": "oracle",
    "i_roc_semantic": 70.22058823529412,
    "i_roc_memory": 91.91176470588236,
    "gap": 8.088235294117641,
    "oracle_semantic_ratio": 78.80794701986756,
    "oracle_memory_ratio": 21.192052980132452,
    "memory_nn_margin_mean": 0.01849365234375,
    "memory_nn_margin_std": 0.0018110275268554688
  }
}