dataset,class,semantic_ratio,oracle_gain
mvtec,capsule,0.8257575757575757,15.755883526126851
mvtec,screw,0.74375,33.81840541094486
visa,capsules,0.14245014245014243,29.720930232558132
visa,macaroni2,0.09090909090909094,26.73599999999999
visa,pcb2,0.09082652134423252,24.31968031968033
