{
  "normal_mean": -0.03778076171875,
  "normal_std": 0.00305938720703125,
  "abnormal_mean": -0.0386962890625,
  "abnormal_std": 0.0037822723388671875,
  "separation": 0.00091552734375,
  "overlap_ratio": 0.783203125,
  "ks_distance": 0.18411960132890365,
  "ks_pvalue": 0.005092672804922818
}