{
  "mean": 0.873046875,
  "std": 0.038421630859375,
  "max": 0.9501953125,
  "p90": 0.92080078125,
  "p95": 0.926708984375,
  "top10_mean": 0.9404296875,
  "collapse_score": 0.9404296875
}