{
  "mean": 0.276611328125,
  "std": 0.0084075927734375,
  "p50": 0.27685546875,
  "p90": 0.286865234375,
  "p95": 0.290283203125,
  "p99": 0.2956494140625,
  "max": 0.30126953125,
  "hit_rate_0.3": 0.0016611295681063123,
  "hit_rate_0.4": 0.0,
  "hit_rate_0.5": 0.0,
  "hit_rate_0.6": 0.0,
  "hit_rate_0.7": 0.0
}