{
  "semantic_scores": [
    0.53515625,
    0.5361328125,
    0.5419921875,
    0.5283203125,
    0.54052734375,
    0.5322265625,
    0.54541015625,
    0.53369140625,
    0.53662109375,
    0.5263671875,
    0.5390625,
    0.5322265625,
    0.5263671875,
    0.54931640625,
    0.54541015625,
    0.54052734375,
    0.5498046875,
    0.541015625,
    0.55078125,
    0.5419921875,
    0.51708984375,
    0.513671875,
    0.51171875,
    0.51953125,
    0.5126953125,
    0.51611328125,
    0.51708984375,
    0.509765625,
    0.515625,
    0.5126953125,
    0.51318359375,
    0.51318359375,
    0.51953125,
    0.515625,
    0.51806640625,
    0.51318359375,
    0.513671875,
    0.51513671875,
    0.51416015625,
    0.515625,
    0.517578125,
    0.51708984375,
    0.53271484375,
    0.51953125,
    0.5205078125,
    0.5693359375,
    0.52734375,
    0.5419921875,
    0.52197265625,
    0.52392578125,
    0.517578125,
    0.521484375,
    0.51220703125,
    0.53173828125,
    0.5263671875,
    0.51953125,
    0.515625,
    0.556640625,
    0.5234375,
    0.51953125,
    0.51513671875,
    0.51806640625,
    0.54345703125,
    0.52587890625,
    0.53173828125,
    0.53369140625,
    0.5322265625,
    0.52880859375,
    0.52685546875,
    0.53662109375,
    0.53466796875,
    0.53662109375,
    0.525390625,
    0.5341796875,
    0.5322265625,
    0.51708984375,
    0.5341796875,
    0.52783203125,
    0.5322265625,
    0.5439453125,
    0.5322265625,
    0.54052734375,
    0.5302734375
  ],
  "memory_scores": [
    0.3115234375,
    0.31201171875,
    0.31201171875,
    0.31787109375,
    0.29052734375,
    0.298095703125,
    0.31396484375,
    0.299072265625,
    0.28857421875,
    0.3095703125,
    0.31884765625,
    0.29638671875,
    0.2939453125,
    0.28369140625,
    0.299560546875,
    0.300537109375,
    0.3115234375,
    0.2890625,
    0.3212890625,
    0.310791015625,
    0.168212890625,
    0.165771484375,
    0.1324462890625,
    0.163330078125,
    0.1949462890625,
    0.12158203125,
    0.164794921875,
    0.1131591796875,
    0.123779296875,
    0.121337890625,
    0.1505126953125,
    0.126953125,
    0.1416015625,
    0.126220703125,
    0.2052001953125,
    0.137939453125,
    0.1533203125,
    0.185302734375,
    0.1246337890625,
    0.159912109375,
    0.31640625,
    0.2646484375,
    0.250732421875,
    0.2144775390625,
    0.237548828125,
    0.34619140625,
    0.329833984375,
    0.34814453125,
    0.299560546875,
    0.311767578125,
    0.322509765625,
    0.2470703125,
    0.1829833984375,
    0.33642578125,
    0.30126953125,
    0.29541015625,
    0.2052001953125,
    0.359375,
    0.324951171875,
    0.232666015625,
    0.196533203125,
    0.22998046875,
    0.29736328125,
    0.26611328125,
    0.31396484375,
    0.29736328125,
    0.28173828125,
    0.304931640625,
    0.279296875,
    0.28173828125,
    0.291015625,
    0.28662109375,
    0.26171875,
    0.290771484375,
    0.25439453125,
    0.263671875,
    0.27001953125,
    0.302734375,
    0.2783203125,
    0.30419921875,
    0.2978515625,
    0.30029296875,
    0.27099609375
  ],
  "selections": [
    0,
    0,
    0,
    0,
    0,
    0,
    0,
    0,
    0,
    0,
    0,
    0,
    0,
    0,
    0,
    0,
    0,
    0,
    0,
    0,
    1,
    1,
    1,
    1,
    1,
    1,
    1,
    1,
    1,
    1,
    1,
    1,
    1,
    1,
    1,
    1,
    1,
    1,
    1,
    1,
    0,
    0,
    0,
    0,
    0,
    0,
    0,
    0,
    0,
    0,
    0,
    0,
    0,
    0,
    0,
    0,
    0,
    0,
    0,
    0,
    0,
    0,
    0,
    0,
    0,
    0,
    0,
    0,
    0,
    0,
    0,
    0,
    0,
    0,
    0,
    0,
    0,
    0,
    0,
    0,
    0,
    0,
    0
  ],
  "semantic_meta": {
    "semantic_scores": [
      0.53515625,
      0.5361328125,
      0.5419921875,
      0.5283203125,
      0.54052734375,
      0.5322265625,
      0.54541015625,
      0.53369140625,
      0.53662109375,
      0.5263671875,
      0.5390625,
      0.5322265625,
      0.5263671875,
      0.54931640625,
      0.54541015625,
      0.54052734375,
      0.5498046875,
      0.541015625,
      0.55078125,
      0.5419921875,
      0.51708984375,
      0.513671875,
      0.51171875,
      0.51953125,
      0.5126953125,
      0.51611328125,
      0.51708984375,
      0.509765625,
      0.515625,
      0.5126953125,
      0.51318359375,
      0.51318359375
    ],
    "mode": "semantic"
  },
  "memory_meta": {
    "nn_margin": [
      0.01432037353515625,
      0.0157012939453125,
      0.012725830078125,
      0.01348876953125,
      0.0170135498046875,
      0.0167083740234375,
      0.0163421630859375,
      0.016632080078125,
      0.01507568359375,
      0.015289306640625,
      0.0142974853515625,
      0.015106201171875,
      0.0176849365234375,
      0.0173187255859375,
      0.017974853515625,
      0.01551055908203125,
      0.0174560546875,
      0.0131683349609375,
      0.01422119140625,
      0.014373779296875,
      0.01641845703125,
      0.01885986328125,
      0.016510009765625,
      0.01715087890625,
      0.017364501953125,
      0.01690673828125,
      0.0169677734375,
      0.017242431640625,
      0.016265869140625,
      0.0162353515625,
      0.015472412109375,
      0.0176544189453125
    ],
    "max_patch_score": [
      0.3115234375,
      0.31201171875,
      0.31201171875,
      0.31787109375,
      0.29052734375,
      0.298095703125,
      0.31396484375,
      0.299072265625,
      0.28857421875,
      0.3095703125,
      0.31884765625,
      0.29638671875,
      0.2939453125,
      0.28369140625,
      0.299560546875,
      0.300537109375,
      0.3115234375,
      0.2890625,
      0.3212890625,
      0.310791015625,
      0.168212890625,
      0.165771484375,
      0.1324462890625,
      0.163330078125,
      0.1949462890625,
      0.12158203125,
      0.164794921875,
      0.1131591796875,
      0.123779296875,
      0.121337890625,
      0.1505126953125,
      0.126953125
    ],
    "mode": "memory"
  },
  "mode": "oracle"
}