{
  "semantic_scores": [
    0.51904296875,
    0.5166015625,
    0.51904296875,
    0.513671875,
    0.513671875,
    0.5244140625,
    0.5126953125,
    0.51904296875,
    0.51953125,
    0.51806640625,
    0.51513671875,
    0.52392578125,
    0.5166015625,
    0.52197265625,
    0.52197265625,
    0.52490234375,
    0.513671875,
    0.51953125,
    0.515625,
    0.5146484375,
    0.51318359375,
    0.5107421875,
    0.51318359375,
    0.51025390625,
    0.5146484375,
    0.5205078125,
    0.51171875,
    0.513671875,
    0.51611328125,
    0.51318359375,
    0.517578125,
    0.51416015625,
    0.5185546875,
    0.51513671875,
    0.51806640625,
    0.517578125,
    0.51953125,
    0.51611328125,
    0.51513671875,
    0.51708984375,
    0.51953125,
    0.5166015625,
    0.509765625,
    0.5166015625,
    0.513671875,
    0.51025390625,
    0.51318359375,
    0.51611328125,
    0.513671875,
    0.5146484375,
    0.51611328125,
    0.515625,
    0.513671875,
    0.5146484375,
    0.515625,
    0.51171875,
    0.5146484375,
    0.5146484375,
    0.51171875,
    0.51318359375,
    0.51611328125,
    0.51611328125,
    0.515625,
    0.5126953125,
    0.51513671875,
    0.51708984375,
    0.52001953125,
    0.53515625,
    0.5185546875,
    0.52294921875,
    0.513671875,
    0.51708984375,
    0.51904296875,
    0.5234375,
    0.52197265625,
    0.51953125,
    0.52197265625,
    0.51953125,
    0.5244140625,
    0.515625,
    0.51611328125,
    0.52001953125,
    0.51611328125,
    0.51513671875,
    0.52197265625,
    0.51953125,
    0.5166015625,
    0.513671875,
    0.51513671875,
    0.51806640625,
    0.52294921875,
    0.5185546875,
    0.51953125,
    0.517578125,
    0.513671875,
    0.513671875,
    0.517578125,
    0.517578125,
    0.5234375,
    0.517578125,
    0.51123046875,
    0.51953125,
    0.5185546875,
    0.52001953125,
    0.51611328125,
    0.5205078125,
    0.5166015625,
    0.51708984375,
    0.51953125,
    0.52099609375,
    0.51953125,
    0.53076171875,
    0.52001953125,
    0.517578125,
    0.5234375,
    0.52197265625,
    0.51708984375,
    0.52099609375,
    0.51416015625,
    0.52001953125,
    0.51318359375,
    0.52001953125,
    0.51806640625,
    0.5205078125,
    0.5185546875,
    0.51708984375,
    0.5185546875,
    0.5126953125,
    0.52001953125,
    0.5185546875,
    0.52392578125,
    0.52099609375
  ],
  "memory_scores": [
    0.271484375,
    0.25830078125,
    0.1829833984375,
    0.2626953125,
    0.162841796875,
    0.196044921875,
    0.2802734375,
    0.279541015625,
    0.1898193359375,
    0.27099609375,
    0.23095703125,
    0.27880859375,
    0.1966552734375,
    0.1920166015625,
    0.2213134765625,
    0.26513671875,
    0.290283203125,
    0.2042236328125,
    0.2568359375,
    0.2425537109375,
    0.227294921875,
    0.19384765625,
    0.1927490234375,
    0.2130126953125,
    0.166015625,
    0.1907958984375,
    0.20947265625,
    0.2724609375,
    0.279052734375,
    0.203125,
    0.287109375,
    0.2469482421875,
    0.2242431640625,
    0.1727294921875,
    0.2373046875,
    0.210205078125,
    0.25146484375,
    0.22509765625,
    0.22412109375,
    0.2783203125,
    0.2568359375,
    0.2122802734375,
    0.225830078125,
    0.163818359375,
    0.1558837890625,
    0.14404296875,
    0.1302490234375,
    0.1683349609375,
    0.2183837890625,
    0.1695556640625,
    0.204345703125,
    0.193359375,
    0.2174072265625,
    0.1722412109375,
    0.2177734375,
    0.13623046875,
    0.1544189453125,
    0.1666259765625,
    0.1688232421875,
    0.136474609375,
    0.162109375,
    0.2254638671875,
    0.2103271484375,
    0.2198486328125,
    0.15966796875,
    0.2059326171875,
    0.185791015625,
    0.3505859375,
    0.2486572265625,
    0.26611328125,
    0.30615234375,
    0.2294921875,
    0.294921875,
    0.2509765625,
    0.206298828125,
    0.2366943359375,
    0.27001953125,
    0.247314453125,
    0.2490234375,
    0.25341796875,
    0.2607421875,
    0.295654296875,
    0.20458984375,
    0.30615234375,
    0.2384033203125,
    0.27685546875,
    0.174560546875,
    0.131103515625,
    0.1666259765625,
    0.173828125,
    0.1942138671875,
    0.2337646484375,
    0.2008056640625,
    0.1990966796875,
    0.20849609375,
    0.217041015625,
    0.1900634765625,
    0.2083740234375,
    0.1947021484375,
    0.2291259765625,
    0.1873779296875,
    0.2464599609375,
    0.22216796875,
    0.2227783203125,
    0.176513671875,
    0.2161865234375,
    0.22509765625,
    0.1461181640625,
    0.2357177734375,
    0.2191162109375,
    0.2493896484375,
    0.3115234375,
    0.2469482421875,
    0.24072265625,
    0.1949462890625,
    0.1910400390625,
    0.2108154296875,
    0.24853515625,
    0.1962890625,
    0.2783203125,
    0.2144775390625,
    0.151123046875,
    0.251953125,
    0.194091796875,
    0.27783203125,
    0.279052734375,
    0.2340087890625,
    0.227783203125,
    0.2459716796875,
    0.2236328125,
    0.235595703125,
    0.2020263671875
  ],
  "selections": [
    0,
    0,
    0,
    0,
    0,
    0,
    0,
    0,
    0,
    0,
    0,
    0,
    0,
    0,
    0,
    0,
    0,
    0,
    0,
    0,
    0,
    0,
    0,
    0,
    0,
    0,
    0,
    0,
    0,
    0,
    0,
    0,
    0,
    0,
    0,
    0,
    0,
    0,
    0,
    0,
    0,
    0,
    0,
    1,
    1,
    1,
    1,
    1,
    1,
    1,
    1,
    1,
    1,
    1,
    1,
    1,
    1,
    1,
    1,
    1,
    1,
    1,
    1,
    1,
    1,
    1,
    0,
    0,
    0,
    0,
    0,
    0,
    0,
    0,
    0,
    0,
    0,
    0,
    0,
    0,
    0,
    0,
    0,
    0,
    0,
    0,
    0,
    0,
    0,
    0,
    0,
    0,
    0,
    0,
    0,
    0,
    0,
    0,
    0,
    0,
    0,
    0,
    0,
    0,
    0,
    0,
    0,
    0,
    0,
    0,
    0,
    0,
    0,
    0,
    0,
    0,
    0,
    0,
    0,
    0,
    0,
    0,
    0,
    0,
    0,
    0,
    0,
    0,
    0,
    0,
    0,
    0
  ],
  "semantic_meta": {
    "semantic_scores": [
      0.51904296875,
      0.5166015625,
      0.51904296875,
      0.513671875,
      0.513671875,
      0.5244140625,
      0.5126953125,
      0.51904296875,
      0.51953125,
      0.51806640625,
      0.51513671875,
      0.52392578125,
      0.5166015625,
      0.52197265625,
      0.52197265625,
      0.52490234375,
      0.513671875,
      0.51953125,
      0.515625,
      0.5146484375,
      0.51318359375,
      0.5107421875,
      0.51318359375,
      0.51025390625,
      0.5146484375,
      0.5205078125,
      0.51171875,
      0.513671875,
      0.51611328125,
      0.51318359375,
      0.517578125,
      0.51416015625
    ],
    "mode": "semantic"
  },
  "memory_meta": {
    "nn_margin": [
      0.01806640625,
      0.018035888671875,
      0.01812744140625,
      0.02410888671875,
      0.01824951171875,
      0.019012451171875,
      0.0198211669921875,
      0.017181396484375,
      0.018646240234375,
      0.0201263427734375,
      0.0173797607421875,
      0.017822265625,
      0.0182647705078125,
      0.0182647705078125,
      0.016448974609375,
      0.016937255859375,
      0.01971435546875,
      0.0181884765625,
      0.0181427001953125,
      0.0212249755859375,
      0.0207366943359375,
      0.020843505859375,
      0.021270751953125,
      0.020538330078125,
      0.0199432373046875,
      0.018585205078125,
      0.021270751953125,
      0.021026611328125,
      0.021820068359375,
      0.0260009765625,
      0.020782470703125,
      0.0186614990234375
    ],