{
  "semantic_scores": [
    0.51416015625,
    0.517578125,
    0.51904296875,
    0.52734375,
    0.515625,
    0.5234375,
    0.5146484375,
    0.52197265625,
    0.5205078125,
    0.5234375,
    0.5078125,
    0.5146484375,
    0.52587890625,
    0.513671875,
    0.5166015625,
    0.52099609375,
    0.51806640625,
    0.5107421875,
    0.5166015625,
    0.498291015625,
    0.50390625,
    0.5107421875,
    0.51318359375,
    0.50830078125,
    0.50634765625,
    0.51708984375,
    0.50341796875,
    0.517578125,
    0.51611328125,
    0.5107421875,
    0.50830078125,
    0.52685546875,
    0.5166015625,
    0.50732421875,
    0.51904296875,
    0.50439453125,
    0.5068359375,
    0.50830078125,
    0.51171875,
    0.51318359375,
    0.51708984375,
    0.51416015625,
    0.51611328125,
    0.5126953125,
    0.5224609375,
    0.51220703125,
    0.51513671875,
    0.51318359375,
    0.50732421875,
    0.5068359375,
    0.52001953125,
    0.51513671875,
    0.5087890625,
    0.492919921875,
    0.490234375,
    0.48828125,
    0.501953125,
    0.493896484375,
    0.498291015625,
    0.49169921875,
    0.493408203125,
    0.49169921875,
    0.491943359375,
    0.49072265625,
    0.494384765625,
    0.490966796875,
    0.49169921875,
    0.491455078125,
    0.4951171875,
    0.491943359375,
    0.493408203125,
    0.4951171875,
    0.489501953125,
    0.49609375,
    0.491455078125,
    0.494384765625,
    0.4892578125,
    0.49462890625,
    0.501953125,
    0.4873046875,
    0.491455078125,
    0.5166015625,
    0.51416015625,
    0.509765625,
    0.517578125,
    0.5068359375,
    0.51806640625,
    0.5205078125,
    0.51318359375,
    0.50439453125,
    0.52685546875,
    0.501953125,
    0.5146484375,
    0.51220703125,
    0.517578125,
    0.5107421875,
    0.51513671875,
    0.50830078125,
    0.5224609375,
    0.5048828125,
    0.51416015625,
    0.5146484375,
    0.52490234375,
    0.50390625,
    0.515625,
    0.51953125,
    0.51220703125,
    0.5029296875,
    0.49658203125,
    0.498291015625,
    0.51513671875,
    0.533203125,
    0.50634765625,
    0.509765625,
    0.5087890625,
    0.5224609375,
    0.51220703125
  ],
  "memory_scores": [
    0.292724609375,
    0.255859375,
    0.24169921875,
    0.24072265625,
    0.25732421875,
    0.2322998046875,
    0.2403564453125,
    0.2391357421875,
    0.287841796875,
    0.28564453125,
    0.2548828125,
    0.318359375,
    0.294921875,
    0.29443359375,
    0.27734375,
    0.30078125,
    0.26025390625,
    0.2371826171875,
    0.269287109375,
    0.246826171875,
    0.27783203125,
    0.2890625,
    0.257568359375,
    0.28369140625,
    0.322265625,
    0.31005859375,
    0.3291015625,
    0.30419921875,
    0.28271484375,
    0.30517578125,
    0.251953125,
    0.2900390625,
    0.31982421875,
    0.2249755859375,
    0.2890625,
    0.2437744140625,
    0.31494140625,
    0.239990234375,
    0.28369140625,
    0.31298828125,
    0.3095703125,
    0.299560546875,
    0.3564453125,
    0.363037109375,
    0.35107421875,
    0.33837890625,
    0.30322265625,
    0.320068359375,
    0.2939453125,
    0.28076171875,
    0.3193359375,
    0.287109375,
    0.264892578125,
    0.1781005859375,
    0.1883544921875,
    0.1934814453125,
    0.197998046875,
    0.1785888671875,
    0.1864013671875,
    0.1951904296875,
    0.183349609375,
    0.1927490234375,
    0.1785888671875,
    0.1876220703125,
    0.2078857421875,
    0.1767578125,
    0.1761474609375,
    0.17626953125,
    0.1793212890625,
    0.1861572265625,
    0.184326171875,
    0.178466796875,
    0.2122802734375,
    0.1761474609375,
    0.174072265625,
    0.1707763671875,
    0.171875,
    0.180908203125,
    0.2259521484375,
    0.183837890625,
    0.1888427734375,
    0.3525390625,
    0.306396484375,
    0.33349609375,
    0.3369140625,
    0.2802734375,
    0.31005859375,
    0.347900390625,
    0.27490234375,
    0.249267578125,
    0.322265625,
    0.337158203125,
    0.320068359375,
    0.35107421875,
    0.309814453125,
    0.278564453125,
    0.33349609375,
    0.31005859375,
    0.315185546875,
    0.25,
    0.29541015625,
    0.27978515625,
    0.29541015625,
    0.31201171875,
    0.2861328125,
    0.289306640625,
    0.3515625,
    0.235595703125,
    0.295166015625,
    0.274169921875,
    0.33056640625,
    0.30859375,
    0.2259521484375,
    0.242919921875,
    0.280029296875,
    0.2880859375,
    0.2178955078125
  ],
  "semantic_meta": {
    "semantic_scores": [
      0.51416015625,
      0.517578125,
      0.51904296875,
      0.52734375,
      0.515625,
      0.5234375,
      0.5146484375,
      0.52197265625,
      0.5205078125,
      0.5234375,
      0.5078125,
      0.5146484375,
      0.52587890625,
      0.513671875,
      0.5166015625,
      0.52099609375,
      0.51806640625,
      0.5107421875,
      0.5166015625,
      0.498291015625,
      0.50390625,
      0.5107421875,
      0.51318359375,
      0.50830078125,
      0.50634765625,
      0.51708984375,
      0.50341796875,
      0.517578125,
      0.51611328125,
      0.5107421875,
      0.50830078125,
      0.52685546875
    ],
    "mode": "semantic"
  },
  "memory_meta": {
    "nn_margin": [
      0.016937255859375,
      0.0175018310546875,
      0.017669677734375,
      0.018310546875,
      0.018341064453125,
      0.017547607421875,
      0.02459716796875,
      0.0174407958984375,
      0.017578125,
      0.01641845703125,
      0.018218994140625,
      0.023834228515625,
      0.0205230712890625,
      0.017425537109375,
      0.0183258056640625,
      0.0173492431640625,
      0.0172119140625,
      0.015350341796875,
      0.015777587890625,
      0.0182647705078125,
      0.016845703125,
      0.01617431640625,
      0.018463134765625,
      0.018463134765625,
      0.017822265625,
      0.01629638671875,
      0.0189208984375,
      0.0159912109375,
      0.020111083984375,
      0.016021728515625,
      0.01824951171875,
      0.01708984375
    ],
    "max_patch_score": [
      0.292724609375,
      0.255859375,
      0.24169921875,
      0.24072265625,
      0.25732421875,
      0.2322998046875,
      0.2403564453125,
      0.2391357421875,
      0.287841796875,
      0.28564453125,
      0.2548828125,
      0.318359375,
      0.294921875,
      0.29443359375,
      0.27734375,
      0.30078125,
      0.26025390625,
      0.2371826171875,
      0.269287109375,
      0.246826171875,
      0.27783203125,
      0.2890625,
      0.257568359375,
      0.28369140625,
      0.322265625,
      0.31005859375,
      0.3291015625,
      0.30419921875,
      0.28271484375,
      0.30517578125,
      0.251953125,
      0.2900390625
    ],
    "mode": "memory"
  },
  "mode": "max"
}