{
  "nn_margin": [
    0.023468017578125,
    0.0213623046875,
    0.029510498046875,
    0.020416259765625,
    0.021148681640625,
    0.0188446044921875,
    0.018310546875,
    0.018585205078125,
    0.0229034423828125,
    0.025787353515625,
    0.0191650390625,
    0.021636962890625,
    0.0215911865234375,
    0.0187530517578125,
    0.021453857421875,
    0.024261474609375,
    0.020721435546875,
    0.0234375,
    0.025238037109375,
    0.0159454345703125,
    0.02685546875,
    0.0171051025390625,
    0.016571044921875,
    0.0168914794921875,
    0.01531982421875,
    0.018829345703125,
    0.0206146240234375,
    0.028594970703125,
    0.01904296875,
    0.0195770263671875,
    0.019134521484375,
    0.0189208984375,
    0.02154541015625,
    0.0272674560546875,
    0.0203399658203125,
    0.0253448486328125,
    0.01904296875,
    0.021636962890625,
    0.0245361328125,
    0.017059326171875,
    0.0281524658203125,
    0.0167236328125,
    0.0202789306640625,
    0.0211181640625,
    0.025634765625,
    0.019866943359375,
    0.018310546875,
    0.025848388671875,
    0.0210113525390625,
    0.0170135498046875,
    0.0183868408203125,
    0.0214996337890625,
    0.019775390625,
    0.0190277099609375,
    0.017822265625,
    0.0177001953125,
    0.0273895263671875,
    0.023193359375,
    0.0243682861328125,
    0.023468017578125,
    0.02532958984375,
    0.0369873046875,
    0.0220489501953125,
    0.0196380615234375,
    0.02154541015625,
    0.02490234375,
    0.0198974609375,
    0.0144805908203125,
    0.0181884765625,
    0.0163116455078125,
    0.0236968994140625,
    0.0222015380859375,
    0.0201873779296875,
    0.018646240234375,
    0.0255584716796875,
    0.0194091796875,
    0.0170440673828125,
    0.02056884765625
  ],
  "max_patch_score": [
    0.259521484375,
    0.30908203125,
    0.251953125,
    0.279296875,
    0.31396484375,
    0.23681640625,
    0.30126953125,
    0.29052734375,
    0.2266845703125,
    0.3134765625,
    0.27587890625,
    0.2293701171875,
    0.255859375,
    0.31103515625,
    0.30712890625,
    0.277587890625,
    0.2890625,
    0.24169921875,
    0.237548828125,
    0.28955078125,
    0.2529296875,
    0.2685546875,
    0.27197265625,
    0.2161865234375,
    0.2166748046875,
    0.2100830078125,
    0.189453125,
    0.140869140625,
    0.2066650390625,
    0.1614990234375,
    0.211181640625,
    0.1988525390625,
    0.154296875,
    0.1541748046875,
    0.15966796875,
    0.145751953125,
    0.21240234375,
    0.15673828125,
    0.14501953125,
    0.2509765625,
    0.1357421875,
    0.2152099609375,
    0.189208984375,
    0.184814453125,
    0.277099609375,
    0.255859375,
    0.2490234375,
    0.275634765625,
    0.2318115234375,
    0.302734375,
    0.272705078125,
    0.22509765625,
    0.224365234375,
    0.262451171875,
    0.262451171875,
    0.27490234375,
    0.2261962890625,
    0.19775390625,
    0.2056884765625,
    0.19775390625,
    0.224609375,
    0.2432861328125,
    0.23046875,
    0.229248046875,
    0.1724853515625,
    0.21923828125,
    0.235107421875,
    0.27490234375,
    0.31787109375,
    0.2685546875,
    0.2342529296875,
    0.30029296875,
    0.323974609375,
    0.26318359375,
    0.24169921875,
    0.3017578125,
    0.298828125,
    0.29248046875
  ],
  "mode": "memory"
}