{
  "semantic_scores": [
    0.541015625,
    0.552734375,
    0.556640625,
    0.56201171875,
    0.5712890625,
    0.55810546875,
    0.5634765625,
    0.56591796875,
    0.5517578125,
    0.56884765625,
    0.5595703125,
    0.55859375,
    0.55029296875,
    0.55859375,
    0.5595703125,
    0.55078125,
    0.5419921875,
    0.552734375,
    0.5537109375,
    0.55810546875,
    0.55712890625,
    0.5498046875,
    0.55126953125,
    0.52783203125,
    0.53271484375,
    0.5205078125,
    0.5322265625,
    0.533203125,
    0.525390625,
    0.5244140625,
    0.52880859375,
    0.51904296875,
    0.5341796875,
    0.51806640625,
    0.52685546875,
    0.52294921875,
    0.52490234375,
    0.52587890625,
    0.5361328125,
    0.53125,
    0.537109375,
    0.52197265625,
    0.53955078125,
    0.52490234375,
    0.5380859375,
    0.55615234375,
    0.54931640625,
    0.56396484375,
    0.55859375,
    0.55322265625,
    0.56005859375,
    0.54638671875,
    0.53857421875,
    0.56005859375,
    0.5556640625,
    0.56298828125,
    0.54052734375,
    0.5458984375,
    0.5595703125,
    0.5400390625,
    0.55517578125,
    0.55322265625,
    0.5478515625,
    0.53466796875,
    0.53955078125,
    0.5400390625,
    0.56103515625,
    0.548828125,
    0.5576171875,
    0.54345703125,
    0.54541015625,
    0.55322265625,
    0.56396484375,
    0.54248046875,
    0.54833984375,
    0.556640625,
    0.56298828125,
    0.52001953125
  ],
  "memory_scores": [
    0.259521484375,
    0.30908203125,
    0.251953125,
    0.279296875,
    0.31396484375,
    0.23681640625,
    0.30126953125,
    0.29052734375,
    0.2266845703125,
    0.3134765625,
    0.27587890625,
    0.2293701171875,
    0.255859375,
    0.31103515625,
    0.30712890625,
    0.277587890625,
    0.2890625,
    0.24169921875,
    0.237548828125,
    0.28955078125,
    0.2529296875,
    0.2685546875,
    0.27197265625,
    0.2161865234375,
    0.2166748046875,
    0.2100830078125,
    0.189453125,
    0.140869140625,
    0.2066650390625,
    0.1614990234375,
    0.211181640625,
    0.1988525390625,
    0.154296875,
    0.1541748046875,
    0.15966796875,
    0.145751953125,
    0.21240234375,
    0.15673828125,
    0.14501953125,
    0.2509765625,
    0.1357421875,
    0.2152099609375,
    0.189208984375,
    0.184814453125,
    0.277099609375,
    0.255859375,
    0.2490234375,
    0.275634765625,
    0.2318115234375,
    0.302734375,
    0.272705078125,
    0.22509765625,
    0.224365234375,
    0.262451171875,
    0.262451171875,
    0.27490234375,
    0.2261962890625,
    0.19775390625,
    0.2056884765625,
    0.19775390625,
    0.224609375,
    0.2432861328125,
    0.23046875,
    0.229248046875,
    0.1724853515625,
    0.21923828125,
    0.235107421875,
    0.27490234375,
    0.31787109375,
    0.2685546875,
    0.2342529296875,
    0.30029296875,
    0.323974609375,
    0.26318359375,
    0.24169921875,
    0.3017578125,
    0.298828125,
    0.29248046875
  ],
  "selections": [
    0,
    0,
    0,
    0,
    0,
    0,
    0,
    0,
    0,
    0,
    0,
    0,
    0,
    0,
    0,
    0,
    0,
    0,
    0,
    0,
    0,
    0,
    0,
    1,
    1,
    1,
    1,
    1,
    1,
    1,
    1,
    1,
    1,
    1,
    1,
    1,
    1,
    1,
    1,
    1,
    1,
    1,
    1,
    1,
    0,
    0,
    0,
    0,
    0,
    0,
    0,
    0,
    0,
    0,
    0,
    0,
    0,
    0,
    0,
    0,
    0,
    0,
    0,
    0,
    0,
    0,
    0,
    0,
    0,
    0,
    0,
    0,
    0,
    0,
    0,
    0,
    0,
    0
  ],
  "semantic_meta": {
    "semantic_scores": [
      0.541015625,
      0.552734375,
      0.556640625,
      0.56201171875,
      0.5712890625,
      0.55810546875,
      0.5634765625,
      0.56591796875,
      0.5517578125,
      0.56884765625,
      0.5595703125,
      0.55859375,
      0.55029296875,
      0.55859375,
      0.5595703125,
      0.55078125,
      0.5419921875,
      0.552734375,
      0.5537109375,
      0.55810546875,
      0.55712890625,
      0.5498046875,
      0.55126953125,
      0.52783203125,
      0.53271484375,
      0.5205078125,
      0.5322265625,
      0.533203125,
      0.525390625,
      0.5244140625,
      0.52880859375,
      0.51904296875
    ],
    "mode": "semantic"
  },
  "memory_meta": {
    "nn_margin": [
      0.023468017578125,
      0.0213623046875,
      0.029510498046875,
      0.020416259765625,
      0.021148681640625,
      0.0188446044921875,
      0.018310546875,
      0.018585205078125,
      0.0229034423828125,
      0.025787353515625,
      0.0191650390625,
      0.021636962890625,
      0.0215911865234375,
      0.0187530517578125,
      0.021453857421875,
      0.024261474609375,
      0.020721435546875,
      0.0234375,
      0.025238037109375,
      0.0159454345703125,
      0.02685546875,
      0.0171051025390625,
      0.016571044921875,
      0.0168914794921875,
      0.01531982421875,
      0.018829345703125,
      0.0206146240234375,
      0.028594970703125,
      0.01904296875,
      0.0195770263671875,
      0.019134521484375,
      0.0189208984375
    ],
    "max_patch_score": [
      0.259521484375,
      0.30908203125,
      0.251953125,
      0.279296875,
      0.31396484375,
      0.23681640625,
      0.30126953125,
      0.29052734375,
      0.2266845703125,
      0.3134765625,
      0.27587890625,
      0.2293701171875,
      0.255859375,
      0.31103515625,
      0.30712890625,
      0.277587890625,
      0.2890625,
      0.24169921875,
      0.237548828125,
      0.28955078125,
      0.2529296875,
      0.2685546875,
      0.27197265625,
      0.2161865234375,
      0.2166748046875,
      0.2100830078125,
      0.189453125,
      0.140869140625,
      0.2066650390625,
      0.1614990234375,
      0.211181640625,
      0.1988525390625
    ],
    "mode": "memory"
  },
  "mode": "oracle"
}