{
  "semantic_scores": [
    0.53173828125,
    0.53857421875,
    0.54052734375,
    0.55224609375,
    0.544921875,
    0.5322265625,
    0.53515625,
    0.53759765625,
    0.54443359375,
    0.5439453125,
    0.53271484375,
    0.54443359375,
    0.548828125,
    0.54296875,
    0.53173828125,
    0.56298828125,
    0.53564453125,
    0.55126953125,
    0.52978515625,
    0.52294921875,
    0.52294921875,
    0.5244140625,
    0.525390625,
    0.52392578125,
    0.52197265625,
    0.52392578125,
    0.52099609375,
    0.52587890625,
    0.521484375,
    0.5224609375,
    0.52392578125,
    0.5234375,
    0.52490234375,
    0.52392578125,
    0.5244140625,
    0.52490234375,
    0.52392578125,
    0.52392578125,
    0.5234375,
    0.5244140625,
    0.52197265625,
    0.5263671875,
    0.5244140625,
    0.52197265625,
    0.529296875,
    0.52197265625,
    0.52783203125,
    0.5224609375,
    0.52294921875,
    0.52587890625,
    0.52490234375,
    0.5390625,
    0.5322265625,
    0.54296875,
    0.5478515625,
    0.55517578125,
    0.5361328125,
    0.5341796875,
    0.55419921875,
    0.55078125,
    0.55419921875,
    0.53955078125,
    0.54931640625,
    0.5400390625,
    0.529296875,
    0.54443359375,
    0.54931640625,
    0.55029296875,
    0.53173828125,
    0.53662109375,
    0.5322265625,
    0.53076171875,
    0.52880859375,
    0.52978515625,
    0.53173828125,
    0.53076171875,
    0.529296875,
    0.53271484375,
    0.53076171875,
    0.533203125,
    0.54248046875,
    0.5380859375,
    0.537109375,
    0.54638671875,
    0.54345703125,
    0.54345703125,
    0.5419921875,
    0.52978515625,
    0.5322265625,
    0.53759765625,
    0.53857421875,
    0.5361328125,
    0.54248046875,
    0.5458984375,
    0.5341796875,
    0.55322265625,
    0.53369140625,
    0.53564453125,
    0.53271484375,
    0.54296875,
    0.54345703125,
    0.54248046875,
    0.52880859375,
    0.546875,
    0.5498046875,
    0.5478515625,
    0.54638671875,
    0.5390625,
    0.54736328125,
    0.55322265625,
    0.53857421875,
    0.5439453125,
    0.5361328125,
    0.5458984375,
    0.55029296875,
    0.54638671875,
    0.54345703125,
    0.5498046875,
    0.55078125,
    0.53955078125,
    0.54443359375,
    0.5361328125,
    0.53173828125,
    0.5458984375
  ],
  "memory_scores": [
    0.345703125,
    0.300537109375,
    0.293212890625,
    0.27587890625,
    0.26708984375,
    0.31494140625,
    0.287109375,
    0.29345703125,
    0.31591796875,
    0.287109375,
    0.30517578125,
    0.326904296875,
    0.31201171875,
    0.28857421875,
    0.3193359375,
    0.30419921875,
    0.299560546875,
    0.28125,
    0.32177734375,
    0.1611328125,
    0.1614990234375,
    0.1488037109375,
    0.25732421875,
    0.1748046875,
    0.15283203125,
    0.146728515625,
    0.1475830078125,
    0.1741943359375,
    0.1495361328125,
    0.1490478515625,
    0.1807861328125,
    0.16748046875,
    0.1611328125,
    0.1414794921875,
    0.17333984375,
    0.175537109375,
    0.15087890625,
    0.152099609375,
    0.1746826171875,
    0.1552734375,
    0.1572265625,
    0.1572265625,
    0.1876220703125,
    0.155517578125,
    0.302734375,
    0.149169921875,
    0.187744140625,
    0.16796875,
    0.1510009765625,
    0.151611328125,
    0.1556396484375,
    0.330322265625,
    0.306396484375,
    0.314208984375,
    0.321044921875,
    0.3193359375,
    0.33056640625,
    0.3046875,
    0.32763671875,
    0.28271484375,
    0.34619140625,
    0.32568359375,
    0.294921875,
    0.29443359375,
    0.27880859375,
    0.3115234375,
    0.319580078125,
    0.30859375,
    0.3857421875,
    0.30224609375,
    0.34619140625,
    0.3349609375,
    0.275390625,
    0.385498046875,
    0.34814453125,
    0.356201171875,
    0.369873046875,
    0.27294921875,
    0.2529296875,
    0.278564453125,
    0.28173828125,
    0.39111328125,
    0.380859375,
    0.37353515625,
    0.269287109375,
    0.361328125,
    0.330810546875,
    0.36865234375,
    0.3486328125,
    0.27880859375,
    0.373779296875,
    0.36962890625,
    0.3291015625,
    0.32080078125,
    0.384765625,
    0.336181640625,
    0.2861328125,
    0.286376953125,
    0.27197265625,
    0.309814453125,
    0.31689453125,
    0.273681640625,
    0.31689453125,
    0.3876953125,
    0.33447265625,
    0.3720703125,
    0.282958984375,
    0.27978515625,
    0.32080078125,
    0.31591796875,
    0.364013671875,
    0.353515625,
    0.33642578125,
    0.3525390625,
    0.330810546875,
    0.342529296875,
    0.30517578125,
    0.32373046875,
    0.2958984375,
    0.333251953125,
    0.337890625,
    0.348876953125,
    0.3759765625,
    0.349609375
  ],
  "semantic_meta": {
    "semantic_scores": [
      0.53173828125,
      0.53857421875,
      0.54052734375,
      0.55224609375,
      0.544921875,
      0.5322265625,
      0.53515625,
      0.53759765625,
      0.54443359375,
      0.5439453125,
      0.53271484375,
      0.54443359375,
      0.548828125,
      0.54296875,
      0.53173828125,
      0.56298828125,
      0.53564453125,
      0.55126953125,
      0.52978515625,
      0.52294921875,
      0.52294921875,
      0.5244140625,
      0.525390625,
      0.52392578125,
      0.52197265625,
      0.52392578125,
      0.52099609375,
      0.52587890625,
      0.521484375,
      0.5224609375,
      0.52392578125,
      0.5234375
    ],
    "mode": "semantic"
  },
  "memory_meta": {
    "nn_margin": [
      0.01412200927734375,
      0.014129638671875,
      0.0151824951171875,
      0.01336669921875,
      0.014617919921875,
      0.013458251953125,
      0.0150909423828125,
      0.0139923095703125,
      0.015106201171875,
      0.0147552490234375,
      0.01373291015625,
      0.01396942138671875,
      0.0136566162109375,
      0.0142059326171875,
      0.0148773193359375,
      0.014434814453125,
      0.014617919921875,
      0.0151519775390625,
      0.013580322265625,
      0.0135345458984375,
      0.013275146484375,
      0.0146636962890625,
      0.014739990234375,
      0.013458251953125,
      0.01355743408203125,
      0.0137939453125,
      0.0147552490234375,
      0.01313018798828125,
      0.014251708984375,
      0.013702392578125,
      0.01280975341796875,
      0.0133056640625
    ],
    "max_patch_score": [
      0.345703125,
      0.300537109375,
      0.293212890625,
      0.27587890625,
      0.26708984375,
      0.31494140625,
      0.287109375,
      0.29345703125,
      0.31591796875,
      0.287109375,
      0.30517578125,
      0.326904296875,
      0.31201171875,
      0.28857421875,
      0.3193359375,
      0.30419921875,
      0.299560546875,
      0.28125,
      0.32177734375,
      0.1611328125,
      0.1614990234375,
      0.1488037109375,
      0.25732421875,
      0.1748046875,
      0.15283203125,
      0.146728515625,
      0.1475830078125,
      0.1741943359375,
      0.1495361328125,
      0.1490478515625,
      0.1807861328125,
      0.16748046875
    ],
    "mode": "memory"
  },
  "mode": "max"
}