{
  "semantic_scores": [
    0.5380859375,
    0.54345703125,
    0.54638671875,
    0.55029296875,
    0.552734375,
    0.55078125,
    0.541015625,
    0.53955078125,
    0.556640625,
    0.5400390625,
    0.54296875,
    0.5498046875,
    0.55078125,
    0.54150390625,
    0.54248046875,
    0.541015625,
    0.54150390625,
    0.53955078125,
    0.54541015625,
    0.55078125,
    0.546875,
    0.544921875,
    0.537109375,
    0.5361328125,
    0.54443359375,
    0.5419921875,
    0.5439453125,
    0.54345703125,
    0.5458984375,
    0.53857421875,
    0.5458984375,
    0.5478515625,
    0.55224609375,
    0.54833984375,
    0.54150390625,
    0.54150390625,
    0.53662109375,
    0.541015625,
    0.5390625,
    0.5478515625,
    0.5419921875,
    0.53857421875,
    0.5380859375,
    0.54443359375,
    0.54443359375,
    0.54052734375,
    0.537109375,
    0.53564453125,
    0.54345703125,
    0.5361328125,
    0.5390625,
    0.53662109375,
    0.53564453125,
    0.5400390625,
    0.5341796875,
    0.54052734375,
    0.5380859375,
    0.54150390625,
    0.53369140625,
    0.53466796875,
    0.53857421875,
    0.53466796875,
    0.53857421875,
    0.54052734375,
    0.53466796875,
    0.537109375,
    0.53662109375,
    0.548828125,
    0.54248046875,
    0.544921875,
    0.544921875,
    0.53857421875,
    0.54638671875,
    0.54443359375,
    0.54150390625,
    0.54345703125,
    0.54150390625,
    0.54833984375,
    0.5556640625,
    0.544921875,
    0.54541015625,
    0.5478515625,
    0.54833984375,
    0.54150390625,
    0.54541015625,
    0.54931640625,
    0.546875,
    0.552734375,
    0.544921875,
    0.5380859375,
    0.54736328125,
    0.54345703125,
    0.546875,
    0.54638671875,
    0.546875,
    0.54443359375,
    0.544921875,
    0.5458984375,
    0.54443359375,
    0.54541015625,
    0.55224609375,
    0.5478515625,
    0.548828125,
    0.548828125,
    0.548828125,
    0.54931640625,
    0.54833984375,
    0.54833984375,
    0.544921875,
    0.5458984375,
    0.552734375,
    0.54443359375,
    0.5458984375,
    0.5439453125,
    0.54638671875
  ],
  "memory_scores": [
    0.299072265625,
    0.30224609375,
    0.3505859375,
    0.327880859375,
    0.3193359375,
    0.308837890625,
    0.323974609375,
    0.310546875,
    0.3359375,
    0.33837890625,
    0.30859375,
    0.314697265625,
    0.290283203125,
    0.3251953125,
    0.35205078125,
    0.3173828125,
    0.31005859375,
    0.314453125,
    0.288330078125,
    0.318359375,
    0.29443359375,
    0.3154296875,
    0.23974609375,
    0.247314453125,
    0.26220703125,
    0.250732421875,
    0.3046875,
    0.298583984375,
    0.283447265625,
    0.28369140625,
    0.32275390625,
    0.277099609375,
    0.267822265625,
    0.321044921875,
    0.267822265625,
    0.281494140625,
    0.274169921875,
    0.294677734375,
    0.3203125,
    0.3251953125,
    0.2958984375,
    0.2978515625,
    0.26513671875,
    0.28125,
    0.2861328125,
    0.2120361328125,
    0.19970703125,
    0.21435546875,
    0.20361328125,
    0.2027587890625,
    0.1961669921875,
    0.2138671875,
    0.2139892578125,
    0.1978759765625,
    0.193115234375,
    0.2098388671875,
    0.2113037109375,
    0.1988525390625,
    0.197998046875,
    0.2120361328125,
    0.2095947265625,
    0.2059326171875,
    0.202880859375,
    0.2144775390625,
    0.1939697265625,
    0.1986083984375,
    0.217041015625,
    0.294189453125,
    0.32470703125,
    0.304931640625,
    0.32568359375,
    0.283203125,
    0.32470703125,
    0.276611328125,
    0.2392578125,
    0.27978515625,
    0.32958984375,
    0.322509765625,
    0.30126953125,
    0.291748046875,
    0.30615234375,
    0.29736328125,
    0.304931640625,
    0.32470703125,
    0.330322265625,
    0.29052734375,
    0.28076171875,
    0.333984375,
    0.314453125,
    0.2481689453125,
    0.3076171875,
    0.33642578125,
    0.272705078125,
    0.27294921875,
    0.27099609375,
    0.26904296875,
    0.2607421875,
    0.28564453125,
    0.26708984375,
    0.27978515625,
    0.26171875,
    0.275634765625,
    0.261474609375,
    0.26025390625,
    0.24365234375,
    0.256103515625,
    0.2447509765625,
    0.25048828125,
    0.2880859375,
    0.26025390625,
    0.28466796875,
    0.28662109375,
    0.2880859375,
    0.25048828125,
    0.29150390625
  ],
  "semantic_meta": {
    "semantic_scores": [
      0.5380859375,
      0.54345703125,
      0.54638671875,
      0.55029296875,
      0.552734375,
      0.55078125,
      0.541015625,
      0.53955078125,
      0.556640625,
      0.5400390625,
      0.54296875,
      0.5498046875,
      0.55078125,
      0.54150390625,
      0.54248046875,
      0.541015625,
      0.54150390625,
      0.53955078125,
      0.54541015625,
      0.55078125,
      0.546875,
      0.544921875,
      0.537109375,
      0.5361328125,
      0.54443359375,
      0.5419921875,
      0.5439453125,
      0.54345703125,
      0.5458984375,
      0.53857421875,
      0.5458984375,
      0.5478515625
    ],
    "mode": "semantic"
  },
  "memory_meta": {
    "nn_margin": [
      0.033538818359375,
      0.03778076171875,
      0.025970458984375,
      0.03399658203125,
      0.054595947265625,
      0.036376953125,
      0.025115966796875,
      0.025054931640625,
      0.0406494140625,
      0.03582763671875,
      0.0274505615234375,
      0.04437255859375,
      0.025299072265625,
      0.049041748046875,
      0.030670166015625,
      0.03582763671875,
      0.0274658203125,
      0.0250396728515625,
      0.0309295654296875,
      0.0364990234375,
      0.03521728515625,
      0.030914306640625,
      0.0313720703125,
      0.02557373046875,
      0.0372314453125,
      0.040679931640625,
      0.038360595703125,
      0.0266265869140625,
      0.02667236328125,
      0.039703369140625,
      0.0272674560546875,
      0.0250244140625
    ],
    "max_patch_score": [
      0.299072265625,
      0.30224609375,
      0.3505859375,
      0.327880859375,
      0.3193359375,
      0.308837890625,
      0.323974609375,
      0.310546875,
      0.3359375,
      0.33837890625,
      0.30859375,
      0.314697265625,
      0.290283203125,
      0.3251953125,
      0.35205078125,
      0.3173828125,
      0.31005859375,
      0.314453125,
      0.288330078125,
      0.318359375,
      0.29443359375,
      0.3154296875,
      0.23974609375,
      0.247314453125,
      0.26220703125,
      0.250732421875,
      0.3046875,
      0.298583984375,
      0.283447265625,
      0.28369140625,
      0.32275390625,
      0.277099609375
    ],
    "mode": "memory"
  },
  "mode": "max"
}