{
  "semantic_scores": [
    0.54443359375,
    0.5556640625,
    0.54052734375,
    0.5458984375,
    0.5439453125,
    0.54931640625,
    0.5400390625,
    0.5576171875,
    0.54638671875,
    0.54443359375,
    0.5458984375,
    0.548828125,
    0.5400390625,
    0.54931640625,
    0.55029296875,
    0.55419921875,
    0.5322265625,
    0.5498046875,
    0.517578125,
    0.50732421875,
    0.5029296875,
    0.5146484375,
    0.50341796875,
    0.50634765625,
    0.51220703125,
    0.505859375,
    0.5,
    0.5078125,
    0.51220703125,
    0.50732421875,
    0.50439453125,
    0.5068359375,
    0.50927734375,
    0.509765625,
    0.5048828125,
    0.51708984375,
    0.505859375,
    0.50341796875,
    0.501953125,
    0.5048828125,
    0.4990234375,
    0.50634765625,
    0.5068359375,
    0.5068359375,
    0.51025390625,
    0.5078125,
    0.5029296875,
    0.501953125,
    0.5,
    0.50341796875,
    0.50537109375,
    0.5400390625,
    0.54541015625,
    0.552734375,
    0.55810546875,
    0.5634765625,
    0.54443359375,
    0.55615234375,
    0.5576171875,
    0.548828125,
    0.54443359375,
    0.56884765625,
    0.54052734375,
    0.54833984375,
    0.54345703125,
    0.55029296875,
    0.56787109375,
    0.544921875,
    0.525390625,
    0.52294921875,
    0.5224609375,
    0.53271484375,
    0.5390625,
    0.52783203125,
    0.53076171875,
    0.552734375,
    0.5302734375,
    0.5244140625,
    0.5458984375,
    0.529296875,
    0.5146484375,
    0.53466796875,
    0.5390625,
    0.52587890625,
    0.55078125,
    0.5625,
    0.54443359375,
    0.5439453125,
    0.55078125,
    0.54296875,
    0.55224609375,
    0.53662109375,
    0.56201171875,
    0.52685546875,
    0.54833984375,
    0.55322265625,
    0.56298828125,
    0.548828125,
    0.541015625,
    0.55419921875,
    0.54931640625,
    0.56396484375,
    0.53271484375,
    0.54345703125,
    0.5283203125,
    0.53515625,
    0.5185546875,
    0.53076171875,
    0.5244140625,
    0.52734375,
    0.53857421875,
    0.53369140625,
    0.5390625,
    0.53173828125,
    0.51953125,
    0.54052734375,
    0.52001953125
  ],
  "memory_scores": [
    0.314453125,
    0.317626953125,
    0.3154296875,
    0.302734375,
    0.3115234375,
    0.29833984375,
    0.3212890625,
    0.298828125,
    0.31494140625,
    0.3076171875,
    0.311767578125,
    0.30126953125,
    0.31640625,
    0.3056640625,
    0.291015625,
    0.30615234375,
    0.32275390625,
    0.29833984375,
    0.2181396484375,
    0.19140625,
    0.1805419921875,
    0.231201171875,
    0.2086181640625,
    0.1934814453125,
    0.2254638671875,
    0.190185546875,
    0.178955078125,
    0.1942138671875,
    0.1942138671875,
    0.2264404296875,
    0.200439453125,
    0.2008056640625,
    0.186279296875,
    0.2196044921875,
    0.1934814453125,
    0.193603515625,
    0.20703125,
    0.1944580078125,
    0.2099609375,
    0.184814453125,
    0.2030029296875,
    0.208251953125,
    0.2271728515625,
    0.2003173828125,
    0.208740234375,
    0.1826171875,
    0.201904296875,
    0.1827392578125,
    0.1920166015625,
    0.1932373046875,
    0.208251953125,
    0.329345703125,
    0.34619140625,
    0.3369140625,
    0.34326171875,
    0.32373046875,
    0.3193359375,
    0.355712890625,
    0.32763671875,
    0.340576171875,
    0.3330078125,
    0.3564453125,
    0.326171875,
    0.33056640625,
    0.33544921875,
    0.333984375,
    0.302001953125,
    0.3388671875,
    0.2587890625,
    0.25341796875,
    0.267578125,
    0.29443359375,
    0.2919921875,
    0.2471923828125,
    0.2822265625,
    0.287353515625,
    0.280517578125,
    0.27734375,
    0.29296875,
    0.2763671875,
    0.264404296875,
    0.27392578125,
    0.27783203125,
    0.26318359375,
    0.338134765625,
    0.34423828125,
    0.3076171875,
    0.3251953125,
    0.37841796875,
    0.323486328125,
    0.32763671875,
    0.33544921875,
    0.360107421875,
    0.3515625,
    0.323974609375,
    0.341064453125,
    0.34521484375,
    0.3115234375,
    0.31103515625,
    0.333740234375,
    0.3125,
    0.35400390625,
    0.295654296875,
    0.3046875,
    0.27783203125,
    0.287841796875,
    0.310302734375,
    0.299072265625,
    0.28857421875,
    0.293701171875,
    0.3173828125,
    0.31982421875,
    0.340087890625,
    0.3232421875,
    0.262939453125,
    0.3125,
    0.30078125
  ],
  "selections": [
    0,
    0,
    0,
    0,
    0,
    0,
    0,
    0,
    0,
    0,
    0,
    0,
    0,
    0,
    0,
    0,
    0,
    0,
    1,
    1,
    1,
    1,
    1,
    1,
    1,
    1,
    1,
    1,
    1,
    1,
    1,
    1,
    1,
    1,
    1,
    1,
    1,
    1,
    1,
    1,
    1,
    1,
    1,
    1,
    1,
    1,
    1,
    1,
    1,
    1,
    1,
    0,
    0,
    0,
    0,
    0,
    0,
    0,
    0,
    0,
    0,
    0,
    0,
    0,
    0,
    0,
    0,
    0,
    0,
    0,
    0,
    0,
    0,
    0,
    0,
    0,
    0,
    0,
    0,
    0,
    0,
    0,
    0,
    0,
    0,
    0,
    0,
    0,
    0,
    0,
    0,
    0,
    0,
    0,
    0,
    0,
    0,
    0,
    0,
    0,
    0,
    0,
    0,
    0,
    0,
    0,
    0,
    0,
    0,
    0,
    0,
    0,
    0,
    0,
    0,
    0,
    0
  ],
  "semantic_meta": {
    "semantic_scores": [
      0.54443359375,
      0.5556640625,
      0.54052734375,
      0.5458984375,
      0.5439453125,
      0.54931640625,
      0.5400390625,
      0.5576171875,
      0.54638671875,
      0.54443359375,
      0.5458984375,
      0.548828125,
      0.5400390625,
      0.54931640625,
      0.55029296875,
      0.55419921875,
      0.5322265625,
      0.5498046875,
      0.517578125,
      0.50732421875,
      0.5029296875,
      0.5146484375,
      0.50341796875,
      0.50634765625,
      0.51220703125,
      0.505859375,
      0.5,
      0.5078125,
      0.51220703125,
      0.50732421875,
      0.50439453125,
      0.5068359375
    ],
    "mode": "semantic"
  },
  "memory_meta": {
    "nn_margin": [
      0.0159912109375,
      0.0161590576171875,
      0.015655517578125,
      0.01556396484375,
      0.015045166015625,
      0.0162506103515625,
      0.014739990234375,
      0.01508331298828125,
      0.015045166015625,
      0.015045166015625,
      0.014801025390625,
      0.01629638671875,
      0.015625,
      0.015655517578125,
      0.0162353515625,
      0.0150299072265625,
      0.0166168212890625,
      0.0163116455078125,
      0.0144500732421875,
      0.0164031982421875,
      0.0167694091796875,
      0.0164947509765625,
      0.0140838623046875,
      0.0161285400390625,
      0.016204833984375,
      0.016632080078125,
      0.01678466796875,
      0.01537322998046875,
      0.01483917236328125,
      0.015167236328125,
      0.0151519775390625,
      0.0153656005859375
    ],
    "max_patch_score": [
      0.314453125,
      0.317626953125,
      0.3154296875,
      0.302734375,
      0.3115234375,
      0.29833984375,
      0.3212890625,
      0.298828125,
      0.31494140625,
      0.3076171875,
      0.311767578125,
      0.30126953125,
      0.31640625,
      0.3056640625,
      0.291015625,
      0.30615234375,
      0.32275390625,
      0.29833984375,
      0.2181396484375,
      0.19140625,
      0.1805419921875,
      0.231201171875,
      0.2086181640625,
      0.1934814453125,
      0.2254638671875,
      0.190185546875,
      0.178955078125,
      0.1942138671875,
      0.1942138671875,
      0.2264404296875,
      0.200439453125,
      0.2008056640625
    ],
    "mode": "memory"
  },
  "mode": "oracle"
}