{
  "semantic_scores": [
    0.55322265625,
    0.56982421875,
    0.56494140625,
    0.5439453125,
    0.5576171875,
    0.5419921875,
    0.5712890625,
    0.56591796875,
    0.53173828125,
    0.529296875,
    0.5380859375,
    0.52978515625,
    0.54736328125,
    0.552734375,
    0.541015625,
    0.57080078125,
    0.54296875,
    0.54443359375,
    0.53759765625,
    0.5556640625,
    0.55615234375,
    0.54150390625,
    0.5517578125,
    0.54833984375,
    0.53955078125,
    0.54638671875,
    0.53173828125,
    0.53955078125,
    0.533203125,
    0.55322265625,
    0.544921875,
    0.546875,
    0.5322265625,
    0.55859375,
    0.56005859375,
    0.53564453125,
    0.5341796875,
    0.521484375,
    0.544921875,
    0.52197265625,
    0.51953125,
    0.53759765625,
    0.53271484375,
    0.537109375,
    0.5380859375,
    0.53271484375,
    0.53369140625,
    0.53271484375,
    0.5126953125,
    0.52978515625,
    0.5322265625,
    0.5244140625,
    0.51904296875,
    0.5302734375,
    0.52392578125,
    0.52978515625,
    0.517578125,
    0.5234375,
    0.548828125,
    0.548828125,
    0.55712890625,
    0.53271484375,
    0.5263671875,
    0.552734375,
    0.5419921875,
    0.55810546875,
    0.55810546875,
    0.56884765625,
    0.56787109375,
    0.55322265625,
    0.54296875,
    0.541015625,
    0.55322265625,
    0.54931640625,
    0.5478515625,
    0.564453125,
    0.55126953125,
    0.54052734375,
    0.5703125
  ],
  "memory_scores": [
    0.32080078125,
    0.32763671875,
    0.352783203125,
    0.350830078125,
    0.311279296875,
    0.33251953125,
    0.32861328125,
    0.34619140625,
    0.318359375,
    0.231201171875,
    0.353515625,
    0.333740234375,
    0.3271484375,
    0.336181640625,
    0.25732421875,
    0.34912109375,
    0.3564453125,
    0.34912109375,
    0.340576171875,
    0.33837890625,
    0.3310546875,
    0.315673828125,
    0.34033203125,
    0.3349609375,
    0.31982421875,
    0.32568359375,
    0.3359375,
    0.33935546875,
    0.324462890625,
    0.3798828125,
    0.37451171875,
    0.31494140625,
    0.33251953125,
    0.28759765625,
    0.254638671875,
    0.258544921875,
    0.318115234375,
    0.3076171875,
    0.33740234375,
    0.1854248046875,
    0.18408203125,
    0.2900390625,
    0.248291015625,
    0.292236328125,
    0.241455078125,
    0.2039794921875,
    0.2042236328125,
    0.202880859375,
    0.199462890625,
    0.239990234375,
    0.268798828125,
    0.243896484375,
    0.1807861328125,
    0.22216796875,
    0.189453125,
    0.1983642578125,
    0.1932373046875,
    0.1884765625,
    0.3271484375,
    0.35888671875,
    0.322265625,
    0.31103515625,
    0.31640625,
    0.324951171875,
    0.3095703125,
    0.34326171875,
    0.3505859375,
    0.35693359375,
    0.34765625,
    0.367431640625,
    0.3115234375,
    0.374755859375,
    0.35986328125,
    0.3134765625,
    0.358642578125,
    0.369140625,
    0.353271484375,
    0.3623046875,
    0.3662109375
  ],
  "semantic_meta": {
    "semantic_scores": [
      0.55322265625,
      0.56982421875,
      0.56494140625,
      0.5439453125,
      0.5576171875,
      0.5419921875,
      0.5712890625,
      0.56591796875,
      0.53173828125,
      0.529296875,
      0.5380859375,
      0.52978515625,
      0.54736328125,
      0.552734375,
      0.541015625,
      0.57080078125,
      0.54296875,
      0.54443359375,
      0.53759765625,
      0.5556640625,
      0.55615234375,
      0.54150390625,
      0.5517578125,
      0.54833984375,
      0.53955078125,
      0.54638671875,
      0.53173828125,
      0.53955078125,
      0.533203125,
      0.55322265625,
      0.544921875,
      0.546875
    ],
    "mode": "semantic"
  },
  "memory_meta": {
    "nn_margin": [
      0.01690673828125,
      0.018585205078125,
      0.016571044921875,
      0.0167999267578125,
      0.01507568359375,
      0.01641845703125,
      0.019866943359375,
      0.019744873046875,
      0.0179595947265625,
      0.0180206298828125,
      0.0167236328125,
      0.0184478759765625,
      0.01849365234375,
      0.018402099609375,
      0.017425537109375,
      0.016998291015625,
      0.017242431640625,
      0.01739501953125,
      0.0160064697265625,
      0.0172576904296875,
      0.0176239013671875,
      0.018280029296875,
      0.017913818359375,
      0.0166015625,
      0.0172119140625,
      0.0164794921875,
      0.01708984375,
      0.0161895751953125,
      0.01800537109375,
      0.0191802978515625,
      0.01824951171875,
      0.017303466796875
    ],
    "max_patch_score": [
      0.32080078125,
      0.32763671875,
      0.352783203125,
      0.350830078125,
      0.311279296875,
      0.33251953125,
      0.32861328125,
      0.34619140625,
      0.318359375,
      0.231201171875,
      0.353515625,
      0.333740234375,
      0.3271484375,
      0.336181640625,
      0.25732421875,
      0.34912109375,
      0.3564453125,
      0.34912109375,
      0.340576171875,
      0.33837890625,
      0.3310546875,
      0.315673828125,
      0.34033203125,
      0.3349609375,
      0.31982421875,
      0.32568359375,
      0.3359375,
      0.33935546875,
      0.324462890625,
      0.3798828125,
      0.37451171875,
      0.31494140625
    ],
    "mode": "memory"
  },
  "mode": "max"
}