class,group,mean,std,p10,median,p90,n
mvtec_screw_v2_k2,all,0.02432,0.03488,-0.014257812499999998,0.02039,0.0706787109375,160
mvtec_screw_v2_k2,normal,0.0451,0.03595,0.0068359375,0.0398,0.099853515625,41
mvtec_screw_v2_k2,abnormal,0.01715,0.03146,-0.019921875,0.01465,0.06108398437500001,119
