class,group,mean,std,p10,median,p90,n
mvtec_tile_v1_k2,all,1.897,0.4475,1.2984375,1.83,2.471484375,117
mvtec_tile_v1_k2,normal,2.45,0.05542,2.389453125,2.457,2.5046875,33
mvtec_tile_v1_k2,abnormal,1.681,0.3335,1.24091796875,1.692,2.1314453125,84
