class,group,mean,std,p10,median,p90,n
mvtec_tile_v2_k2,all,2.95,0.5034,2.3078125,2.932,3.584765625,117
mvtec_tile_v2_k2,normal,3.56,0.05673,3.47734375,3.57,3.62109375,33
mvtec_tile_v2_k2,abnormal,2.709,0.384,2.1650390625,2.668,3.24140625,84
