class,group,mean,std,p10,median,p90,n
mvtec_hazelnut_v2_k2,all,0.9146,0.11316,0.757568359375,0.9155,1.07626953125,110
mvtec_hazelnut_v2_k2,normal,1.001,0.07104,0.9,0.9893,1.08671875,40
mvtec_hazelnut_v2_k2,abnormal,0.865,0.10297,0.71708984375,0.868,1.0009765625,70
