class,group,mean,std,p10,median,p90,n
mvtec_transistor_v2_k2,all,0.7114,0.06445,0.64248046875,0.7207,0.7779296875,100
mvtec_transistor_v2_k2,normal,0.74,0.0389,0.68935546875,0.748,0.79111328125,60
mvtec_transistor_v2_k2,abnormal,0.6685,0.0706,0.5798828125,0.669,0.731982421875,40
