class,group,mean,std,p10,median,p90,n
mvtec_screw_v1_k2,all,0.05518,0.03784,0.01201171875,0.05225,0.10437011718749997,160
mvtec_screw_v1_k2,normal,0.07904,0.03888,0.03466796875,0.0735,0.134521484375,41
mvtec_screw_v1_k2,abnormal,0.04697,0.03378,0.006445312500000005,0.04248,0.09423828125,119
