class,group,mean,std,p10,median,p90,n
mvtec_pill_v2_k2,all,1.269,0.0741,1.1859375,1.275,1.3505859375,167
mvtec_pill_v2_k2,normal,1.314,0.04224,1.26025390625,1.305,1.37158203125,26
mvtec_pill_v2_k2,abnormal,1.261,0.0756,1.1708984375,1.2705,1.3349609375,141
