class,group,mean,std,p10,median,p90,n
mvtec_pill_v1_k2,all,3.254,0.1333,3.122265625,3.273,3.376953125,167
mvtec_pill_v1_k2,normal,3.354,0.04874,3.298828125,3.363,3.4072265625,26
mvtec_pill_v1_k2,abnormal,3.234,0.1356,3.107421875,3.254,3.35546875,141
