class,group,mean,std,p10,median,p90,n
mvtec_wood_v1_k2,all,-0.02454,0.07587,-0.121484375,-0.02539,0.07734375,79
mvtec_wood_v1_k2,normal,0.0723,0.01308,0.059375,0.06934,0.09199218749999999,19
mvtec_wood_v1_k2,abnormal,-0.0552,0.06015,-0.13759765625,-0.0537,0.022949218750000007,60
