class,group,mean,std,p10,median,p90,n
mvtec_grid_v1_k2,all,0.48,0.0737,0.39365234375,0.4717,0.57724609375,78
mvtec_grid_v1_k2,normal,0.5703,0.03021,0.537109375,0.572,0.609375,21
mvtec_grid_v1_k2,abnormal,0.4465,0.05447,0.3857421875,0.4395,0.517578125,57
