class,group,mean,std,p10,median,p90,n
mvtec_wood_v2_k2,all,0.12067,0.11774,-0.060546874999999986,0.124,0.27187500000000003,79
mvtec_wood_v2_k2,normal,0.2585,0.04047,0.210546875,0.2598,0.3234375,19
mvtec_wood_v2_k2,abnormal,0.07697,0.09894,-0.07343749999999999,0.0825,0.18876953125,60
