class,group,mean,std,p10,median,p90,n
mvtec_capsule_v1_k2,all,0.6094,0.05865,0.5283203125,0.6245,0.67724609375,132
mvtec_capsule_v1_k2,normal,0.632,0.0551,0.553125,0.6606,0.68310546875,23
mvtec_capsule_v1_k2,abnormal,0.6045,0.05826,0.5259765625,0.6187,0.67236328125,109
