class,group,mean,std,p10,median,p90,n
mvtec_grid_v2_k2,all,0.4849,0.07404,0.40009765625,0.4756,0.582958984375,78
mvtec_grid_v2_k2,normal,0.5757,0.03102,0.54052734375,0.576,0.6142578125,21
mvtec_grid_v2_k2,abnormal,0.4514,0.05472,0.39296875000000003,0.4443,0.52421875,57
