class,group,mean,std,p10,median,p90,n
mvtec_leather_v2_k2,all,1.652,0.2052,1.38388671875,1.674,1.9076171875,124
mvtec_leather_v2_k2,normal,1.895,0.03735,1.8697265625,1.902,1.92568359375,32
mvtec_leather_v2_k2,abnormal,1.567,0.1696,1.32529296875,1.613,1.7537109375,92
