class,group,mean,std,p10,median,p90,n
mvtec_hazelnut_v1_k2,all,0.2018,0.08185,0.09609375,0.2058,0.30009765625000007,110
mvtec_hazelnut_v1_k2,normal,0.2683,0.05142,0.204345703125,0.2656,0.341259765625,40
mvtec_hazelnut_v1_k2,abnormal,0.1638,0.0709,0.067431640625,0.1567,0.252001953125,70
