class,group,mean,std,p10,median,p90,n
visa_macaroni2_v1_k2,all,1.301,0.0646,1.2197265625,1.306,1.3779296875,1100
visa_macaroni2_v1_k2,normal,1.306,0.06335,1.2255859375,1.309,1.380859375,1000
visa_macaroni2_v1_k2,abnormal,1.259,0.06137,1.16884765625,1.258,1.3375000000000001,100
