class,group,mean,std,p10,median,p90,n
visa_fryum_v1_k2,all,0.2275,0.0155,0.2080078125,0.2285,0.24609375,600
visa_fryum_v1_k2,normal,0.2299,0.0139,0.2119140625,0.2295,0.24658203125,500
visa_fryum_v1_k2,abnormal,0.2163,0.01802,0.19482421875,0.2166,0.23642578125000002,100
