class,group,mean,std,p10,median,p90,n
visa_pcb4_v1_k2,all,0.9785,0.0715,0.8935546875,0.974,1.0767578125,1105
visa_pcb4_v1_k2,normal,0.9873,0.06586,0.9083984375,0.9824,1.08125,1005
visa_pcb4_v1_k2,abnormal,0.892,0.068,0.8130859375,0.8955,0.9703125,100
