class,group,mean,std,p10,median,p90,n
visa_cashew_v2_k2,all,-0.000645,0.02713,-0.03515625,0.001953,0.02783203125,600
visa_cashew_v2_k2,normal,0.00597,0.0195,-0.018603515624999997,0.006836,0.0302734375,500
visa_cashew_v2_k2,abnormal,-0.03372,0.03467,-0.079638671875,-0.03027,0.00390625,100
