class,group,mean,std,p10,median,p90,n
visa_pcb3_v1_k2,all,3.168,0.05502,3.08984375,3.174,3.23046875,1106
visa_pcb3_v1_k2,normal,3.172,0.05325,3.0986328125,3.176,3.232421875,1006
visa_pcb3_v1_k2,abnormal,3.139,0.06366,3.0544921875,3.145,3.2109375,100
