class,group,mean,std,p10,median,p90,n
visa_candle_v2_k2,all,3.232,0.05093,3.169921875,3.236,3.29296875,1100
visa_candle_v2_k2,normal,3.238,0.04398,3.1833984375,3.24,3.2931640625,1000
visa_candle_v2_k2,abnormal,3.162,0.06186,3.080859375,3.168,3.2404296875,100
