class,group,mean,std,p10,median,p90,n
visa_pcb1_v2_k2,all,3.365,0.1103,3.205078125,3.398,3.48046875,1104
visa_pcb1_v2_k2,normal,3.383,0.0954,3.2291015625,3.406,3.482421875,1004
visa_pcb1_v2_k2,abnormal,3.191,0.0973,3.0408203125,3.21,3.2859375,100
