class,group,mean,std,p10,median,p90,n
visa_macaroni2_v2_k2,all,1.489,0.085,1.3818359375,1.498,1.58203125,1100
visa_macaroni2_v2_k2,normal,1.493,0.0851,1.39052734375,1.504,1.58701171875,1000
visa_macaroni2_v2_k2,abnormal,1.449,0.07336,1.35107421875,1.449,1.5400390625,100
