class,group,mean,std,p10,median,p90,n
visa_fryum_v2_k2,all,0.2323,0.01552,0.2138671875,0.2334,0.2509765625,600
visa_fryum_v2_k2,normal,0.2343,0.01413,0.216748046875,0.2344,0.25146484375,500
visa_fryum_v2_k2,abnormal,0.2225,0.0182,0.19921875,0.2239,0.2431640625,100
