class,group,mean,std,p10,median,p90,n
visa_pcb3_v2_k2,all,3.428,0.0632,3.341796875,3.436,3.50390625,1106
visa_pcb3_v2_k2,normal,3.43,0.06213,3.3447265625,3.438,3.50390625,1006
visa_pcb3_v2_k2,abnormal,3.402,0.06775,3.2986328125,3.404,3.4904296875,100
