class,group,mean,std,p10,median,p90,n
visa_candle_v1_k2,all,1.492,0.0431,1.4375,1.494,1.544921875,1100
visa_candle_v1_k2,normal,1.498,0.03775,1.44716796875,1.499,1.546875,1000
visa_candle_v1_k2,abnormal,1.434,0.04886,1.3701171875,1.437,1.50107421875,100
