class,group,mean,std,p10,median,p90,n
visa_pcb1_v1_k2,all,3.775,0.109,3.630859375,3.797,3.8958984375,1104
visa_pcb1_v1_k2,normal,3.795,0.08813,3.66796875,3.809,3.8978515625,1004
visa_pcb1_v1_k2,abnormal,3.592,0.1254,3.4150390625,3.621,3.724609375,100
