class,group,mean,std,p10,median,p90,n
visa_macaroni1_v1_k2,all,1.385,0.06003,1.3017578125,1.393,1.45703125,1100
visa_macaroni1_v1_k2,normal,1.394,0.05313,1.32421875,1.398,1.458984375,1000
visa_macaroni1_v1_k2,abnormal,1.3,0.05826,1.21845703125,1.299,1.3796875000000002,100
