class,group,mean,std,p10,median,p90,n
visa_pcb2_v1_k2,all,3.691,0.0681,3.60546875,3.695,3.767578125,1101
visa_pcb2_v1_k2,normal,3.695,0.0624,3.615234375,3.697,3.76953125,1001
visa_pcb2_v1_k2,abnormal,3.645,0.0987,3.519140625,3.66,3.7482421875,100
