class,group,mean,std,p10,median,p90,n
visa_cashew_v1_k2,all,1.43,0.0724,1.34072265625,1.439,1.5029296875,600
visa_cashew_v1_k2,normal,1.448,0.0508,1.38671875,1.451,1.50791015625,500
visa_cashew_v1_k2,abnormal,1.337,0.09106,1.2193359375,1.352,1.4240234375,100
