class,group,mean,std,p10,median,p90,n
visa_capsules_v2_k2,all,0.425,0.01442,0.4072265625,0.4258,0.44189453125,702
visa_capsules_v2_k2,normal,0.426,0.0134,0.40966796875,0.4258,0.4423828125,602
visa_capsules_v2_k2,abnormal,0.4182,0.01807,0.39599609375,0.4202,0.439013671875,100
