class,group,mean,std,p10,median,p90,n
visa_pcb4_v2_k2,all,0.0054,0.02429,-0.0224609375,0.007812,0.0341796875,1105
visa_pcb4_v2_k2,normal,0.00876,0.01988,-0.017578125,0.009766,0.03515625,1005
visa_pcb4_v2_k2,abnormal,-0.0283,0.03604,-0.0833984375,-0.02295,0.008886718750000008,100
