dataset,task,baseline,gate,diff,better_pct
MVTEC,CLS,94.40822222222222,94.03652954052885,-0.37169268169338066,22.22222222222222
MVTEC,SEG,96.24866666666665,96.05836939641195,-0.19029727025470763,37.77777777777778
VISA,CLS,87.00305555555556,85.91953021789656,-1.083525337658997,36.11111111111111
VISA,SEG,96.47305555555556,96.45463597350867,-0.018419582046881544,55.55555555555556
