{
  "normal_semantic_mean": 0.51220703125,
  "normal_semantic_std": 0.000732421875,
  "abnormal_semantic_mean": 0.5126953125,
  "abnormal_semantic_std": 0.000732421875
}