{
  "mean": 0.87255859375,
  "std": 0.041290283203125,
  "max": 0.9658203125,
  "p90": 0.927685546875,
  "p95": 0.9343017578125,
  "top10_mean": 0.94677734375,
  "collapse_score": 0.94677734375
}