{
  "mean": 0.170166015625,
  "std": 0.006824493408203125,
  "p50": 0.1697998046875,
  "p90": 0.17919921875,
  "p95": 0.1820068359375,
  "p99": 0.187259521484375,
  "max": 0.196044921875,
  "hit_rate_0.3": 0.0,
  "hit_rate_0.4": 0.0,
  "hit_rate_0.5": 0.0,
  "hit_rate_0.6": 0.0,
  "hit_rate_0.7": 0.0
}