{
  "normal_mean": -0.048858642578125,
  "normal_std": 0.0024662017822265625,
  "abnormal_mean": -0.0499267578125,
  "abnormal_std": 0.00281524658203125,
  "separation": 0.001068115234375,
  "overlap_ratio": 0.76025390625,
  "ks_distance": 0.242,
  "ks_pvalue": 3.7479614276182375e-05
}