class,type,baseline,prompt2,delta,A_ab_max_mean,A_ab_max_p95,A_hit_rate_30,B_normal_margin,B_abnormal_margin,B_separation,B_overlap,C_collapse_score,D_top1_count
mvtec-toothbrush,退化类,98.89,86.94,-11.95,0.33154296875,0.35509033203125,0.9166666666666666,-0.02789306640625,-0.036651611328125,0.008758544921875,0.281005859375,0.96484375,5
mvtec-capsule,退化类,79.94,69.12,-10.82,0.252197265625,0.2667724609375,0.0,-0.09033203125,-0.09429931640625,0.00396728515625,0.49267578125,0.8984375,23
mvtec-cable,退化类,97.42,96.08,-1.34,0.04229736328125,0.05806884765625,0.0,-0.06182861328125,-0.0616455078125,-0.00018310546875,0.7275390625,0.94140625,31
visa-pcb2,退化类,98.2,93.54,-4.66,0.2493896484375,0.265869140625,0.0,-0.01161956787109375,-0.0115203857421875,-9.918212890625e-05,0.9296875,0.96484375,544
visa-pipe_fryum,退化类,97.37,88.84,-8.53,0.1453857421875,0.188970947265625,0.0,-0.02923583984375,-0.032501220703125,0.003265380859375,0.92041015625,0.9453125,377
mvtec-screw,改进类,58.66,73.36,14.7,0.317626953125,0.340576171875,0.8292682926829268,-0.059783935546875,-0.064697265625,0.004913330078125,0.58642578125,0.900390625,34
