{
  "mean": 0.849609375,
  "std": 0.061279296875,
  "max": 0.9501953125,
  "p90": 0.9166015625,
  "p95": 0.9282958984374999,
  "top10_mean": 0.94091796875,
  "collapse_score": 0.94091796875
}