{
  "mean": 0.2486572265625,
  "std": 0.0211029052734375,
  "p50": 0.2501220703125,
  "p90": 0.270849609375,
  "p95": 0.288330078125,
  "p99": 0.29430908203125,
  "max": 0.295166015625,
  "hit_rate_0.3": 0.0,
  "hit_rate_0.4": 0.0,
  "hit_rate_0.5": 0.0,
  "hit_rate_0.6": 0.0,
  "hit_rate_0.7": 0.0
}