{
  "normal_mean": -0.05291748046875,
  "normal_std": 0.007518768310546875,
  "abnormal_mean": -0.0616455078125,
  "abnormal_std": 0.00972747802734375,
  "separation": 0.00872802734375,
  "overlap_ratio": 0.432373046875,
  "ks_distance": 0.43214285714285716,
  "ks_pvalue": 8.742675639562428e-05
}