class,group,mean,std,p10,median,p90,n
mvtec_capsule_k2,all,0.615,0.05817,0.53349609375,0.6284,0.682568359375,132
mvtec_capsule_k2,normal,0.6377,0.05414,0.560546875,0.665,0.69287109375,23
mvtec_capsule_k2,abnormal,0.6104,0.05783,0.53203125,0.625,0.67763671875,109
