class,group,mean,std,p10,median,p90,n
mvtec_screw_k2,all,0.0755,0.0391,0.029248046875,0.0737,0.13193359375,160
mvtec_screw_k2,normal,0.0988,0.03946,0.05419921875,0.09424,0.150634765625,41
mvtec_screw_k2,abnormal,0.06744,0.03558,0.025732421875,0.06494,0.113232421875,119
