class,group,mean,std,p10,median,p90,n
mvtec_toothbrush_k2,all,1.453,0.1231,1.27255859375,1.465,1.605078125,42
mvtec_toothbrush_k2,normal,1.544,0.06354,1.45517578125,1.566,1.61630859375,12
mvtec_toothbrush_k2,abnormal,1.417,0.1225,1.2681640625,1.439,1.565625,30
