class,group,mean,std,p10,median,p90,n
visa_pcb2_k2,all,3.68,0.0685,3.595703125,3.686,3.7578125,1101
visa_pcb2_k2,normal,3.686,0.06274,3.60546875,3.688,3.7578125,1001
visa_pcb2_k2,abnormal,3.633,0.09845,3.5091796875,3.646,3.73828125,100
