class,group,mean,std,p10,median,p90,n
visa_pcb2_k2,all,3.898,0.06964,3.8125,3.904,3.98046875,1101
visa_pcb2_k2,normal,3.902,0.0641,3.822265625,3.906,3.98046875,1001
visa_pcb2_k2,abnormal,3.85,0.0989,3.71796875,3.863,3.96875,100
