{
  "mean": 0.8115234375,
  "std": 0.051788330078125,
  "max": 0.92333984375,
  "p90": 0.875537109375,
  "p95": 0.9025634765624999,
  "top10_mean": 0.91748046875,
  "collapse_score": 0.91748046875
}