{
  "normal_mean": -0.105224609375,
  "normal_std": 0.012054443359375,
  "abnormal_mean": -0.11761474609375,
  "abnormal_std": 0.0156402587890625,
  "separation": 0.01239013671875,
  "overlap_ratio": 0.5048828125,
  "ks_distance": 0.4956140350877193,
  "ks_pvalue": 0.0008565126124965315
}