{
  "mean": 0.202880859375,
  "std": 0.0156097412109375,
  "p50": 0.19921875,
  "p90": 0.2210205078125,
  "p95": 0.23409423828125,
  "p99": 0.23470947265625,
  "max": 0.23486328125,
  "hit_rate_0.3": 0.0,
  "hit_rate_0.4": 0.0,
  "hit_rate_0.5": 0.0,
  "hit_rate_0.6": 0.0,
  "hit_rate_0.7": 0.0
}