{
  "mean": 0.8876953125,
  "std": 0.032806396484375,
  "max": 0.96533203125,
  "p90": 0.93291015625,
  "p95": 0.9396240234375,
  "top10_mean": 0.9501953125,
  "collapse_score": 0.9501953125
}