{
  "normal_mean": -0.024261474609375,
  "normal_std": 0.003528594970703125,
  "abnormal_mean": -0.031524658203125,
  "abnormal_std": 0.00754547119140625,
  "separation": 0.00726318359375,
  "overlap_ratio": 0.55419921875,
  "ks_distance": 0.524572564612326,
  "ks_pvalue": 1.0270261173174783e-21
}