{
  "mean": 0.2064208984375,
  "std": 0.01082611083984375,
  "p50": 0.2056884765625,
  "p90": 0.2213134765625,
  "p95": 0.2256591796875,
  "p99": 0.23314453125,
  "max": 0.240966796875,
  "hit_rate_0.3": 0.0,
  "hit_rate_0.4": 0.0,
  "hit_rate_0.5": 0.0,
  "hit_rate_0.6": 0.0,
  "hit_rate_0.7": 0.0
}