{
  "nn_margin": [
    0.01432037353515625,
    0.0157012939453125,
    0.012725830078125,
    0.01348876953125,
    0.0170135498046875,
    0.0167083740234375,
    0.0163421630859375,
    0.016632080078125,
    0.01507568359375,
    0.015289306640625,
    0.0142974853515625,
    0.015106201171875,
    0.0176849365234375,
    0.0173187255859375,
    0.017974853515625,
    0.01551055908203125,
    0.0174560546875,
    0.0131683349609375,
    0.01422119140625,
    0.014373779296875,
    0.01641845703125,
    0.01885986328125,
    0.016510009765625,
    0.01715087890625,
    0.017364501953125,
    0.01690673828125,
    0.0169677734375,
    0.017242431640625,
    0.016265869140625,
    0.0162353515625,
    0.015472412109375,
    0.0176544189453125,
    0.0170135498046875,
    0.0152587890625,
    0.015045166015625,
    0.01560211181640625,
    0.019989013671875,
    0.019805908203125,
    0.019866943359375,
    0.017242431640625,
    0.0157470703125,
    0.0164642333984375,
    0.01934814453125,
    0.020294189453125,
    0.0158843994140625,
    0.01922607421875,
    0.017578125,
    0.0150909423828125,
    0.0146942138671875,
    0.01503753662109375,
    0.0164031982421875,
    0.014862060546875,
    0.0201873779296875,
    0.01399993896484375,
    0.018829345703125,
    0.018951416015625,
    0.01922607421875,
    0.01397705078125,
    0.01763916015625,
    0.0166778564453125,
    0.01593017578125,
    0.016845703125,
    0.015655517578125,
    0.017120361328125,
    0.01751708984375,
    0.014617919921875,
    0.0169677734375,
    0.020050048828125,
    0.0145721435546875,
    0.015533447265625,
    0.0142974853515625,
    0.0184478759765625,
    0.01727294921875,
    0.0194091796875,
    0.01861572265625,
    0.0161285400390625,
    0.015716552734375,
    0.0149383544921875,
    0.0167236328125,
    0.013153076171875,
    0.0157623291015625,
    0.020843505859375,
    0.01445770263671875
  ],
  "max_patch_score": [
    0.3115234375,
    0.31201171875,
    0.31201171875,
    0.31787109375,
    0.29052734375,
    0.298095703125,
    0.31396484375,
    0.299072265625,
    0.28857421875,
    0.3095703125,
    0.31884765625,
    0.29638671875,
    0.2939453125,
    0.28369140625,
    0.299560546875,
    0.300537109375,
    0.3115234375,
    0.2890625,
    0.3212890625,
    0.310791015625,
    0.168212890625,
    0.165771484375,
    0.1324462890625,
    0.163330078125,
    0.1949462890625,
    0.12158203125,
    0.164794921875,
    0.1131591796875,
    0.123779296875,
    0.121337890625,
    0.1505126953125,
    0.126953125,
    0.1416015625,
    0.126220703125,
    0.2052001953125,
    0.137939453125,
    0.1533203125,
    0.185302734375,
    0.1246337890625,
    0.159912109375,
    0.31640625,
    0.2646484375,
    0.250732421875,
    0.2144775390625,
    0.237548828125,
    0.34619140625,
    0.329833984375,
    0.34814453125,
    0.299560546875,
    0.311767578125,
    0.322509765625,
    0.2470703125,
    0.1829833984375,
    0.33642578125,
    0.30126953125,
    0.29541015625,
    0.2052001953125,
    0.359375,
    0.324951171875,
    0.232666015625,
    0.196533203125,
    0.22998046875,
    0.29736328125,
    0.26611328125,
    0.31396484375,
    0.29736328125,
    0.28173828125,
    0.304931640625,
    0.279296875,
    0.28173828125,
    0.291015625,
    0.28662109375,
    0.26171875,
    0.290771484375,
    0.25439453125,
    0.263671875,
    0.27001953125,
    0.302734375,
    0.2783203125,
    0.30419921875,
    0.2978515625,
    0.30029296875,
    0.27099609375
  ],
  "mode": "memory"
}