{
  "semantic_scores": [
    0.191162109375,
    0.18798828125,
    0.1982421875,
    0.185791015625,
    0.1802978515625,
    0.1693115234375,
    0.20263671875,
    0.1810302734375,
    0.181884765625,
    0.1607666015625,
    0.1903076171875,
    0.157958984375,
    0.15234375,
    0.19482421875,
    0.189208984375,
    0.1796875,
    0.206787109375,
    0.2022705078125,
    0.2059326171875,
    0.197021484375,
    0.133544921875,
    0.1207275390625,
    0.12274169921875,
    0.1302490234375,
    0.1246337890625,
    0.12188720703125,
    0.1239013671875,
    0.1171875,
    0.1287841796875,
    0.11932373046875,
    0.12420654296875,
    0.1195068359375,
    0.137451171875,
    0.129638671875,
    0.1312255859375,
    0.1302490234375,
    0.127197265625,
    0.129150390625,
    0.126953125,
    0.123779296875,
    0.168212890625,
    0.149658203125,
    0.162353515625,
    0.1322021484375,
    0.1312255859375,
    0.341552734375,
    0.187255859375,
    0.2220458984375,
    0.1473388671875,
    0.1463623046875,
    0.140869140625,
    0.153076171875,
    0.1378173828125,
    0.1807861328125,
    0.163330078125,
    0.1485595703125,
    0.128662109375,
    0.23974609375,
    0.1514892578125,
    0.1309814453125,
    0.1434326171875,
    0.1285400390625,
    0.181396484375,
    0.1441650390625,
    0.1610107421875,
    0.168701171875,
    0.158203125,
    0.1524658203125,
    0.150390625,
    0.1737060546875,
    0.1588134765625,
    0.1651611328125,
    0.1446533203125,
    0.1629638671875,
    0.1451416015625,
    0.128173828125,
    0.166015625,
    0.1602783203125,
    0.156982421875,
    0.2020263671875,
    0.1754150390625,
    0.173583984375,
    0.158203125
  ],
  "memory_scores": [
    0.3115234375,
    0.31201171875,
    0.31201171875,
    0.31787109375,
    0.29052734375,
    0.298095703125,
    0.31396484375,
    0.299072265625,
    0.28857421875,
    0.3095703125,
    0.31884765625,
    0.29638671875,
    0.2939453125,
    0.28369140625,
    0.299560546875,
    0.300537109375,
    0.3115234375,
    0.2890625,
    0.3212890625,
    0.310791015625,
    0.168212890625,
    0.165771484375,
    0.1324462890625,
    0.163330078125,
    0.1949462890625,
    0.12158203125,
    0.164794921875,
    0.1131591796875,
    0.123779296875,
    0.121337890625,
    0.1505126953125,
    0.126953125,
    0.1416015625,
    0.126220703125,
    0.2052001953125,
    0.137939453125,
    0.1533203125,
    0.185302734375,
    0.1246337890625,
    0.159912109375,
    0.31640625,
    0.2646484375,
    0.250732421875,
    0.2144775390625,
    0.237548828125,
    0.34619140625,
    0.329833984375,
    0.34814453125,
    0.299560546875,
    0.311767578125,
    0.322509765625,
    0.2470703125,
    0.1829833984375,
    0.33642578125,
    0.30126953125,
    0.29541015625,
    0.2052001953125,
    0.359375,
    0.324951171875,
    0.232666015625,
    0.196533203125,
    0.22998046875,
    0.29736328125,
    0.26611328125,
    0.31396484375,
    0.29736328125,
    0.28173828125,
    0.304931640625,
    0.279296875,
    0.28173828125,
    0.291015625,
    0.28662109375,
    0.26171875,
    0.290771484375,
    0.25439453125,
    0.263671875,
    0.27001953125,
    0.302734375,
    0.2783203125,
    0.30419921875,
    0.2978515625,
    0.30029296875,
    0.27099609375
  ],
  "selections": [
    1,
    1,
    1,
    1,
    1,
    1,
    1,
    1,
    1,
    1,
    1,
    1,
    1,
    1,
    1,
    1,
    1,
    1,
    1,
    1,
    0,
    0,
    0,
    0,
    0,
    1,
    0,
    1,
    1,
    0,
    0,
    0,
    0,
    1,
    0,
    0,
    0,
    0,
    1,
    0,
    1,
    1,
    1,
    1,
    1,
    1,
    1,
    1,
    1,
    1,
    1,
    1,
    1,
    1,
    1,
    1,
    1,
    1,
    1,
    1,
    1,
    1,
    1,
    1,
    1,
    1,
    1,
    1,
    1,
    1,
    1,
    1,
    1,
    1,
    1,
    1,
    1,
    1,
    1,
    1,
    1,
    1,
    1
  ],
  "semantic_meta": {
    "semantic_scores": [
      0.191162109375,
      0.18798828125,
      0.1982421875,
      0.185791015625,
      0.1802978515625,
      0.1693115234375,
      0.20263671875,
      0.1810302734375,
      0.181884765625,
      0.1607666015625,
      0.1903076171875,
      0.157958984375,
      0.15234375,
      0.19482421875,
      0.189208984375,
      0.1796875,
      0.206787109375,
      0.2022705078125,
      0.2059326171875,
      0.197021484375,
      0.133544921875,
      0.1207275390625,
      0.12274169921875,
      0.1302490234375,
      0.1246337890625,
      0.12188720703125,
      0.1239013671875,
      0.1171875,
      0.1287841796875,
      0.11932373046875,
      0.12420654296875,
      0.1195068359375
    ],
    "mode": "semantic"
  },
  "memory_meta": {
    "nn_margin": [
      0.01432037353515625,
      0.0157012939453125,
      0.012725830078125,
      0.01348876953125,
      0.0170135498046875,
      0.0167083740234375,
      0.0163421630859375,
      0.016632080078125,
      0.01507568359375,
      0.015289306640625,
      0.0142974853515625,
      0.015106201171875,
      0.0176849365234375,
      0.0173187255859375,
      0.017974853515625,
      0.01551055908203125,
      0.0174560546875,
      0.0131683349609375,
      0.01422119140625,
      0.014373779296875,
      0.01641845703125,
      0.01885986328125,
      0.016510009765625,
      0.01715087890625,
      0.017364501953125,
      0.01690673828125,
      0.0169677734375,
      0.017242431640625,
      0.016265869140625,
      0.0162353515625,
      0.015472412109375,
      0.0176544189453125
    ],
    "max_patch_score": [
      0.3115234375,
      0.31201171875,
      0.31201171875,
      0.31787109375,
      0.29052734375,
      0.298095703125,
      0.31396484375,
      0.299072265625,
      0.28857421875,
      0.3095703125,
      0.31884765625,
      0.29638671875,
      0.2939453125,
      0.28369140625,
      0.299560546875,
      0.300537109375,
      0.3115234375,
      0.2890625,
      0.3212890625,
      0.310791015625,
      0.168212890625,
      0.165771484375,
      0.1324462890625,
      0.163330078125,
      0.1949462890625,
      0.12158203125,
      0.164794921875,
      0.1131591796875,
      0.123779296875,
      0.121337890625,
      0.1505126953125,
      0.126953125
    ],
    "mode": "memory"
  },
  "mode": "oracle"
}