{
  "semantic_scores": [
    0.35888671875,
    0.325439453125,
    0.31640625,
    0.351318359375,
    0.335205078125,
    0.322509765625,
    0.322021484375,
    0.334716796875,
    0.3935546875,
    0.33935546875,
    0.2998046875,
    0.318359375,
    0.33642578125,
    0.30419921875,
    0.314453125,
    0.346923828125,
    0.312255859375,
    0.302978515625,
    0.328125,
    0.278076171875,
    0.290283203125,
    0.303466796875,
    0.298095703125,
    0.309326171875,
    0.29345703125,
    0.315673828125,
    0.293212890625,
    0.310546875,
    0.313720703125,
    0.310302734375,
    0.286865234375,
    0.342529296875,
    0.315185546875,
    0.284912109375,
    0.322021484375,
    0.288330078125,
    0.301025390625,
    0.291259765625,
    0.31591796875,
    0.32666015625,
    0.328857421875,
    0.31591796875,
    0.327880859375,
    0.325439453125,
    0.3408203125,
    0.3173828125,
    0.328125,
    0.3212890625,
    0.30224609375,
    0.2998046875,
    0.335205078125,
    0.314208984375,
    0.2998046875,
    0.2646484375,
    0.263916015625,
    0.26123046875,
    0.27734375,
    0.26123046875,
    0.26904296875,
    0.267333984375,
    0.26513671875,
    0.261474609375,
    0.260498046875,
    0.26416015625,
    0.266845703125,
    0.2578125,
    0.26123046875,
    0.263671875,
    0.268798828125,
    0.262939453125,
    0.266845703125,
    0.265869140625,
    0.2548828125,
    0.2646484375,
    0.259765625,
    0.26220703125,
    0.258544921875,
    0.262939453125,
    0.27490234375,
    0.262939453125,
    0.26220703125,
    0.3369140625,
    0.316650390625,
    0.33251953125,
    0.33447265625,
    0.292724609375,
    0.322265625,
    0.339111328125,
    0.3017578125,
    0.28564453125,
    0.358642578125,
    0.313232421875,
    0.340576171875,
    0.33251953125,
    0.32080078125,
    0.309326171875,
    0.324951171875,
    0.29736328125,
    0.3359375,
    0.28466796875,
    0.309326171875,
    0.30224609375,
    0.347412109375,
    0.295166015625,
    0.309814453125,
    0.32470703125,
    0.313720703125,
    0.287109375,
    0.290283203125,
    0.281494140625,
    0.318603515625,
    0.3720703125,
    0.281005859375,
    0.292236328125,
    0.297607421875,
    0.31689453125,
    0.303955078125
  ],
  "memory_scores": [
    0.292724609375,
    0.255859375,
    0.24169921875,
    0.24072265625,
    0.25732421875,
    0.2322998046875,
    0.2403564453125,
    0.2391357421875,
    0.287841796875,
    0.28564453125,
    0.2548828125,
    0.318359375,
    0.294921875,
    0.29443359375,
    0.27734375,
    0.30078125,
    0.26025390625,
    0.2371826171875,
    0.269287109375,
    0.246826171875,
    0.27783203125,
    0.2890625,
    0.257568359375,
    0.28369140625,
    0.322265625,
    0.31005859375,
    0.3291015625,
    0.30419921875,
    0.28271484375,
    0.30517578125,
    0.251953125,
    0.2900390625,
    0.31982421875,
    0.2249755859375,
    0.2890625,
    0.2437744140625,
    0.31494140625,
    0.239990234375,
    0.28369140625,
    0.31298828125,
    0.3095703125,
    0.299560546875,
    0.3564453125,
    0.363037109375,
    0.35107421875,
    0.33837890625,
    0.30322265625,
    0.320068359375,
    0.2939453125,
    0.28076171875,
    0.3193359375,
    0.287109375,
    0.264892578125,
    0.1781005859375,
    0.1883544921875,
    0.1934814453125,
    0.197998046875,
    0.1785888671875,
    0.1864013671875,
    0.1951904296875,
    0.183349609375,
    0.1927490234375,
    0.1785888671875,
    0.1876220703125,
    0.2078857421875,
    0.1767578125,
    0.1761474609375,
    0.17626953125,
    0.1793212890625,
    0.1861572265625,
    0.184326171875,
    0.178466796875,
    0.2122802734375,
    0.1761474609375,
    0.174072265625,
    0.1707763671875,
    0.171875,
    0.180908203125,
    0.2259521484375,
    0.183837890625,
    0.1888427734375,
    0.3525390625,
    0.306396484375,
    0.33349609375,
    0.3369140625,
    0.2802734375,
    0.31005859375,
    0.347900390625,
    0.27490234375,
    0.249267578125,
    0.322265625,
    0.337158203125,
    0.320068359375,
    0.35107421875,
    0.309814453125,
    0.278564453125,
    0.33349609375,
    0.31005859375,
    0.315185546875,
    0.25,
    0.29541015625,
    0.27978515625,
    0.29541015625,
    0.31201171875,
    0.2861328125,
    0.289306640625,
    0.3515625,
    0.235595703125,
    0.295166015625,
    0.274169921875,
    0.33056640625,
    0.30859375,
    0.2259521484375,
    0.242919921875,
    0.280029296875,
    0.2880859375,
    0.2178955078125
  ],
  "semantic_meta": {
    "semantic_scores": [
      0.35888671875,
      0.325439453125,
      0.31640625,
      0.351318359375,
      0.335205078125,
      0.322509765625,
      0.322021484375,
      0.334716796875,
      0.3935546875,
      0.33935546875,
      0.2998046875,
      0.318359375,
      0.33642578125,
      0.30419921875,
      0.314453125,
      0.346923828125,
      0.312255859375,
      0.302978515625,
      0.328125,
      0.278076171875,
      0.290283203125,
      0.303466796875,
      0.298095703125,
      0.309326171875,
      0.29345703125,
      0.315673828125,
      0.293212890625,
      0.310546875,
      0.313720703125,
      0.310302734375,
      0.286865234375,
      0.342529296875
    ],
    "mode": "semantic"
  },
  "memory_meta": {
    "nn_margin": [
      0.016937255859375,
      0.0175018310546875,
      0.017669677734375,
      0.018310546875,
      0.018341064453125,
      0.017547607421875,
      0.02459716796875,
      0.0174407958984375,
      0.017578125,
      0.01641845703125,
      0.018218994140625,
      0.023834228515625,
      0.0205230712890625,
      0.017425537109375,
      0.0183258056640625,
      0.0173492431640625,
      0.0172119140625,
      0.015350341796875,
      0.015777587890625,
      0.0182647705078125,
      0.016845703125,
      0.01617431640625,
      0.018463134765625,
      0.018463134765625,
      0.017822265625,
      0.01629638671875,
      0.0189208984375,
      0.0159912109375,
      0.020111083984375,
      0.016021728515625,
      0.01824951171875,
      0.01708984375
    ],
    "max_patch_score": [
      0.292724609375,
      0.255859375,
      0.24169921875,
      0.24072265625,
      0.25732421875,
      0.2322998046875,
      0.2403564453125,
      0.2391357421875,
      0.287841796875,
      0.28564453125,
      0.2548828125,
      0.318359375,
      0.294921875,
      0.29443359375,
      0.27734375,
      0.30078125,
      0.26025390625,
      0.2371826171875,
      0.269287109375,
      0.246826171875,
      0.27783203125,
      0.2890625,
      0.257568359375,
      0.28369140625,
      0.322265625,
      0.31005859375,
      0.3291015625,
      0.30419921875,
      0.28271484375,
      0.30517578125,
      0.251953125,
      0.2900390625
    ],
    "mode": "memory"
  },
  "mode": "harmonic"
}