{
  "semantic_scores": [
    0.391845703125,
    0.3994140625,
    0.40966796875,
    0.416259765625,
    0.43359375,
    0.40771484375,
    0.417236328125,
    0.416748046875,
    0.389892578125,
    0.42822265625,
    0.402587890625,
    0.414794921875,
    0.39697265625,
    0.391357421875,
    0.40771484375,
    0.3974609375,
    0.385009765625,
    0.400390625,
    0.39599609375,
    0.4111328125,
    0.404052734375,
    0.389892578125,
    0.3876953125,
    0.376220703125,
    0.362548828125,
    0.364990234375,
    0.36474609375,
    0.367919921875,
    0.362060546875,
    0.3623046875,
    0.3642578125,
    0.359375,
    0.35986328125,
    0.359619140625,
    0.35791015625,
    0.353515625,
    0.354736328125,
    0.365234375,
    0.35986328125,
    0.376708984375,
    0.35791015625,
    0.363525390625,
    0.363037109375,
    0.3642578125,
    0.38818359375,
    0.3994140625,
    0.393310546875,
    0.417236328125,
    0.403076171875,
    0.39794921875,
    0.416748046875,
    0.3857421875,
    0.3798828125,
    0.422607421875,
    0.404052734375,
    0.418212890625,
    0.38720703125,
    0.390869140625,
    0.406494140625,
    0.381591796875,
    0.39990234375,
    0.41357421875,
    0.3984375,
    0.3876953125,
    0.37744140625,
    0.393310546875,
    0.41064453125,
    0.38623046875,
    0.4072265625,
    0.385009765625,
    0.383544921875,
    0.404541015625,
    0.4248046875,
    0.3896484375,
    0.4091796875,
    0.4140625,
    0.417236328125,
    0.370361328125
  ],
  "memory_scores": [
    0.259521484375,
    0.30908203125,
    0.251953125,
    0.279296875,
    0.31396484375,
    0.23681640625,
    0.30126953125,
    0.29052734375,
    0.2266845703125,
    0.3134765625,
    0.27587890625,
    0.2293701171875,
    0.255859375,
    0.31103515625,
    0.30712890625,
    0.277587890625,
    0.2890625,
    0.24169921875,
    0.237548828125,
    0.28955078125,
    0.2529296875,
    0.2685546875,
    0.27197265625,
    0.2161865234375,
    0.2166748046875,
    0.2100830078125,
    0.189453125,
    0.140869140625,
    0.2066650390625,
    0.1614990234375,
    0.211181640625,
    0.1988525390625,
    0.154296875,
    0.1541748046875,
    0.15966796875,
    0.145751953125,
    0.21240234375,
    0.15673828125,
    0.14501953125,
    0.2509765625,
    0.1357421875,
    0.2152099609375,
    0.189208984375,
    0.184814453125,
    0.277099609375,
    0.255859375,
    0.2490234375,
    0.275634765625,
    0.2318115234375,
    0.302734375,
    0.272705078125,
    0.22509765625,
    0.224365234375,
    0.262451171875,
    0.262451171875,
    0.27490234375,
    0.2261962890625,
    0.19775390625,
    0.2056884765625,
    0.19775390625,
    0.224609375,
    0.2432861328125,
    0.23046875,
    0.229248046875,
    0.1724853515625,
    0.21923828125,
    0.235107421875,
    0.27490234375,
    0.31787109375,
    0.2685546875,
    0.2342529296875,
    0.30029296875,
    0.323974609375,
    0.26318359375,
    0.24169921875,
    0.3017578125,
    0.298828125,
    0.29248046875
  ],
  "semantic_meta": {
    "semantic_scores": [
      0.391845703125,
      0.3994140625,
      0.40966796875,
      0.416259765625,
      0.43359375,
      0.40771484375,
      0.417236328125,
      0.416748046875,
      0.389892578125,
      0.42822265625,
      0.402587890625,
      0.414794921875,
      0.39697265625,
      0.391357421875,
      0.40771484375,
      0.3974609375,
      0.385009765625,
      0.400390625,
      0.39599609375,
      0.4111328125,
      0.404052734375,
      0.389892578125,
      0.3876953125,
      0.376220703125,
      0.362548828125,
      0.364990234375,
      0.36474609375,
      0.367919921875,
      0.362060546875,
      0.3623046875,
      0.3642578125,
      0.359375
    ],
    "mode": "semantic"
  },
  "memory_meta": {
    "nn_margin": [
      0.023468017578125,
      0.0213623046875,
      0.029510498046875,
      0.020416259765625,
      0.021148681640625,
      0.0188446044921875,
      0.018310546875,
      0.018585205078125,
      0.0229034423828125,
      0.025787353515625,
      0.0191650390625,
      0.021636962890625,
      0.0215911865234375,
      0.0187530517578125,
      0.021453857421875,
      0.024261474609375,
      0.020721435546875,
      0.0234375,
      0.025238037109375,
      0.0159454345703125,
      0.02685546875,
      0.0171051025390625,
      0.016571044921875,
      0.0168914794921875,
      0.01531982421875,
      0.018829345703125,
      0.0206146240234375,
      0.028594970703125,
      0.01904296875,
      0.0195770263671875,
      0.019134521484375,
      0.0189208984375
    ],
    "max_patch_score": [
      0.259521484375,
      0.30908203125,
      0.251953125,
      0.279296875,
      0.31396484375,
      0.23681640625,
      0.30126953125,
      0.29052734375,
      0.2266845703125,
      0.3134765625,
      0.27587890625,
      0.2293701171875,
      0.255859375,
      0.31103515625,
      0.30712890625,
      0.277587890625,
      0.2890625,
      0.24169921875,
      0.237548828125,
      0.28955078125,
      0.2529296875,
      0.2685546875,
      0.27197265625,
      0.2161865234375,
      0.2166748046875,
      0.2100830078125,
      0.189453125,
      0.140869140625,
      0.2066650390625,
      0.1614990234375,
      0.211181640625,
      0.1988525390625
    ],
    "mode": "memory"
  },
  "mode": "max"
}