{
  "nn_margin": [
    0.02288818359375,
    0.0198211669921875,
    0.021820068359375,
    0.0207366943359375,
    0.019866943359375,
    0.022430419921875,
    0.0220947265625,
    0.0225982666015625,
    0.0215606689453125,
    0.02178955078125,
    0.022705078125,
    0.0208587646484375,
    0.02008056640625,
    0.01959228515625,
    0.02288818359375,
    0.01947021484375,
    0.019012451171875,
    0.02374267578125,
    0.02044677734375,
    0.0214691162109375,
    0.0206298828125,
    0.022735595703125,
    0.02227783203125,
    0.019561767578125,
    0.02374267578125,
    0.0196380615234375,
    0.0216827392578125,
    0.0232391357421875,
    0.022186279296875,
    0.02593994140625,
    0.022003173828125,
    0.0206298828125,
    0.020050048828125,
    0.023468017578125,
    0.023834228515625,
    0.021392822265625,
    0.021484375,
    0.02215576171875,
    0.025390625,
    0.02239990234375,
    0.02099609375,
    0.0195770263671875,
    0.020965576171875,
    0.0214080810546875,
    0.022247314453125,
    0.020751953125,
    0.02032470703125,
    0.02374267578125,
    0.02032470703125,
    0.02276611328125,
    0.020263671875,
    0.020751953125,
    0.0234375,
    0.0226593017578125,
    0.020355224609375,
    0.02178955078125,
    0.021240234375,
    0.0203857421875,
    0.0198211669921875,
    0.022857666015625,
    0.020233154296875,
    0.023345947265625,
    0.020263671875,
    0.0196380615234375,
    0.022674560546875,
    0.021759033203125,
    0.0187225341796875,
    0.02020263671875,
    0.01953125,
    0.025115966796875,
    0.023529052734375,
    0.0234375,
    0.02130126953125,
    0.0213775634765625,
    0.021270751953125,
    0.019012451171875,
    0.021575927734375,
    0.020233154296875,
    0.0240478515625,
    0.020599365234375,
    0.0208587646484375,
    0.02069091796875,
    0.02032470703125,
    0.020965576171875,
    0.0200653076171875,
    0.021484375,
    0.0228271484375,
    0.0218353271484375,
    0.02227783203125,
    0.02130126953125,
    0.02337646484375,
    0.021240234375,
    0.0196533203125,
    0.021270751953125,
    0.018890380859375,
    0.0240478515625,
    0.0226593017578125,
    0.0209808349609375,
    0.0253448486328125,
    0.021514892578125,
    0.0185546875,
    0.0209503173828125,
    0.021759033203125,
    0.021453857421875,
    0.0209197998046875,
    0.022216796875,
    0.023651123046875,
    0.0233154296875,
    0.023101806640625,
    0.021240234375
  ],
  "max_patch_score": [
    0.3515625,
    0.37646484375,
    0.382568359375,
    0.302001953125,
    0.34521484375,
    0.352294921875,
    0.3671875,
    0.32958984375,
    0.380859375,
    0.310791015625,
    0.358154296875,
    0.34326171875,
    0.363525390625,
    0.297119140625,
    0.331787109375,
    0.283935546875,
    0.365234375,
    0.33056640625,
    0.285888671875,
    0.31591796875,
    0.32373046875,
    0.3134765625,
    0.310791015625,
    0.294677734375,
    0.316162109375,
    0.2900390625,
    0.311767578125,
    0.34765625,
    0.335693359375,
    0.338134765625,
    0.330810546875,
    0.3291015625,
    0.326416015625,
    0.288818359375,
    0.31494140625,
    0.236328125,
    0.245361328125,
    0.20654296875,
    0.225830078125,
    0.217529296875,
    0.24072265625,
    0.251708984375,
    0.279052734375,
    0.2406005859375,
    0.239013671875,
    0.25537109375,
    0.27197265625,
    0.234375,
    0.2412109375,
    0.247802734375,
    0.2548828125,
    0.24267578125,
    0.2467041015625,
    0.207275390625,
    0.2509765625,
    0.2225341796875,
    0.25244140625,
    0.26123046875,
    0.255126953125,
    0.25048828125,
    0.27783203125,
    0.2276611328125,
    0.2479248046875,
    0.2548828125,
    0.234619140625,
    0.2457275390625,
    0.2578125,
    0.2313232421875,
    0.262451171875,
    0.242431640625,
    0.223388671875,
    0.222900390625,
    0.2391357421875,
    0.25439453125,
    0.251708984375,
    0.3095703125,
    0.3173828125,
    0.2919921875,
    0.2880859375,
    0.3115234375,
    0.2958984375,
    0.3095703125,
    0.3251953125,
    0.332763671875,
    0.3154296875,
    0.290771484375,
    0.304931640625,
    0.30322265625,
    0.287841796875,
    0.3291015625,
    0.31982421875,
    0.279541015625,
    0.29541015625,
    0.2978515625,
    0.31201171875,
    0.296875,
    0.29931640625,
    0.32568359375,
    0.32470703125,
    0.314697265625,
    0.318115234375,
    0.29296875,
    0.2919921875,
    0.295166015625,
    0.30322265625,
    0.299560546875,
    0.312255859375,
    0.31396484375,
    0.330078125,
    0.3017578125
  ],
  "mode": "memory"
}