{
  "semantic_scores": [
    0.257568359375,
    0.26171875,
    0.27001953125,
    0.2447509765625,
    0.29052734375,
    0.244384765625,
    0.31689453125,
    0.2587890625,
    0.25927734375,
    0.2401123046875,
    0.271240234375,
    0.294677734375,
    0.273681640625,
    0.2166748046875,
    0.244384765625,
    0.2274169921875,
    0.259521484375,
    0.2410888671875,
    0.2432861328125,
    0.258056640625,
    0.259033203125,
    0.2440185546875,
    0.230224609375,
    0.23583984375,
    0.25048828125,
    0.265380859375,
    0.2176513671875,
    0.251220703125,
    0.23974609375,
    0.255615234375,
    0.25244140625,
    0.2425537109375,
    0.255615234375,
    0.245849609375,
    0.250244140625,
    0.2264404296875,
    0.252685546875,
    0.2421875,
    0.2315673828125,
    0.247314453125,
    0.2462158203125,
    0.2354736328125,
    0.2418212890625,
    0.2220458984375,
    0.2274169921875,
    0.223388671875,
    0.244384765625,
    0.2257080078125,
    0.2313232421875,
    0.2315673828125,
    0.241455078125,
    0.242919921875,
    0.263671875,
    0.232666015625,
    0.2493896484375,
    0.2271728515625,
    0.241455078125,
    0.2486572265625,
    0.25732421875,
    0.2440185546875,
    0.23828125,
    0.2315673828125,
    0.2401123046875,
    0.2315673828125,
    0.2379150390625,
    0.23681640625,
    0.2274169921875,
    0.219970703125,
    0.2322998046875,
    0.2462158203125,
    0.2281494140625,
    0.2313232421875,
    0.2418212890625,
    0.230224609375,
    0.2288818359375,
    0.2406005859375,
    0.25634765625,
    0.2347412109375,
    0.2410888671875,
    0.25439453125,
    0.2213134765625,
    0.2451171875,
    0.26025390625,
    0.2440185546875,
    0.2587890625,
    0.249755859375,
    0.2447509765625,
    0.232666015625,
    0.2447509765625,
    0.251953125,
    0.252685546875,
    0.2454833984375,
    0.2529296875,
    0.249755859375,
    0.247314453125,
    0.248046875,
    0.2451171875,
    0.2568359375,
    0.2371826171875,
    0.259521484375,
    0.26123046875,
    0.25634765625,
    0.250244140625,
    0.252685546875,
    0.23828125,
    0.253173828125,
    0.25341796875,
    0.242919921875,
    0.259765625,
    0.25830078125
  ],
  "memory_scores": [
    0.3515625,
    0.37646484375,
    0.382568359375,
    0.302001953125,
    0.34521484375,
    0.352294921875,
    0.3671875,
    0.32958984375,
    0.380859375,
    0.310791015625,
    0.358154296875,
    0.34326171875,
    0.363525390625,
    0.297119140625,
    0.331787109375,
    0.283935546875,
    0.365234375,
    0.33056640625,
    0.285888671875,
    0.31591796875,
    0.32373046875,
    0.3134765625,
    0.310791015625,
    0.294677734375,
    0.316162109375,
    0.2900390625,
    0.311767578125,
    0.34765625,
    0.335693359375,
    0.338134765625,
    0.330810546875,
    0.3291015625,
    0.326416015625,
    0.288818359375,
    0.31494140625,
    0.236328125,
    0.245361328125,
    0.20654296875,
    0.225830078125,
    0.217529296875,
    0.24072265625,
    0.251708984375,
    0.279052734375,
    0.2406005859375,
    0.239013671875,
    0.25537109375,
    0.27197265625,
    0.234375,
    0.2412109375,
    0.247802734375,
    0.2548828125,
    0.24267578125,
    0.2467041015625,
    0.207275390625,
    0.2509765625,
    0.2225341796875,
    0.25244140625,
    0.26123046875,
    0.255126953125,
    0.25048828125,
    0.27783203125,
    0.2276611328125,
    0.2479248046875,
    0.2548828125,
    0.234619140625,
    0.2457275390625,
    0.2578125,
    0.2313232421875,
    0.262451171875,
    0.242431640625,
    0.223388671875,
    0.222900390625,
    0.2391357421875,
    0.25439453125,
    0.251708984375,
    0.3095703125,
    0.3173828125,
    0.2919921875,
    0.2880859375,
    0.3115234375,
    0.2958984375,
    0.3095703125,
    0.3251953125,
    0.332763671875,
    0.3154296875,
    0.290771484375,
    0.304931640625,
    0.30322265625,
    0.287841796875,
    0.3291015625,
    0.31982421875,
    0.279541015625,
    0.29541015625,
    0.2978515625,
    0.31201171875,
    0.296875,
    0.29931640625,
    0.32568359375,
    0.32470703125,
    0.314697265625,
    0.318115234375,
    0.29296875,
    0.2919921875,
    0.295166015625,
    0.30322265625,
    0.299560546875,
    0.312255859375,
    0.31396484375,
    0.330078125,
    0.3017578125
  ],
  "semantic_meta": {
    "semantic_scores": [
      0.257568359375,
      0.26171875,
      0.27001953125,
      0.2447509765625,
      0.29052734375,
      0.244384765625,
      0.31689453125,
      0.2587890625,
      0.25927734375,
      0.2401123046875,
      0.271240234375,
      0.294677734375,
      0.273681640625,
      0.2166748046875,
      0.244384765625,
      0.2274169921875,
      0.259521484375,
      0.2410888671875,
      0.2432861328125,
      0.258056640625,
      0.259033203125,
      0.2440185546875,
      0.230224609375,
      0.23583984375,
      0.25048828125,
      0.265380859375,
      0.2176513671875,
      0.251220703125,
      0.23974609375,
      0.255615234375,
      0.25244140625,
      0.2425537109375
    ],
    "mode": "semantic"
  },
  "memory_meta": {
    "nn_margin": [
      0.02288818359375,
      0.0198211669921875,
      0.021820068359375,
      0.0207366943359375,
      0.019866943359375,
      0.022430419921875,
      0.0220947265625,
      0.0225982666015625,
      0.0215606689453125,
      0.02178955078125,
      0.022705078125,
      0.0208587646484375,
      0.02008056640625,
      0.01959228515625,
      0.02288818359375,
      0.01947021484375,
      0.019012451171875,
      0.02374267578125,
      0.02044677734375,
      0.0214691162109375,
      0.0206298828125,
      0.022735595703125,
      0.02227783203125,
      0.019561767578125,
      0.02374267578125,
      0.0196380615234375,
      0.0216827392578125,
      0.0232391357421875,
      0.022186279296875,
      0.02593994140625,
      0.022003173828125,
      0.0206298828125
    ],
    "max_patch_score": [
      0.3515625,
      0.37646484375,
      0.382568359375,
      0.302001953125,
      0.34521484375,
      0.352294921875,
      0.3671875,
      0.32958984375,
      0.380859375,
      0.310791015625,
      0.358154296875,
      0.34326171875,
      0.363525390625,
      0.297119140625,
      0.331787109375,
      0.283935546875,
      0.365234375,
      0.33056640625,
      0.285888671875,
      0.31591796875,
      0.32373046875,
      0.3134765625,
      0.310791015625,
      0.294677734375,
      0.316162109375,
      0.2900390625,
      0.311767578125,
      0.34765625,
      0.335693359375,
      0.338134765625,
      0.330810546875,
      0.3291015625
    ],
    "mode": "memory"
  },
  "mode": "harmonic"
}