{
  "semantic_scores": [
    0.442626953125,
    0.441162109375,
    0.443603515625,
    0.45556640625,
    0.447021484375,
    0.4375,
    0.444580078125,
    0.4404296875,
    0.45068359375,
    0.4453125,
    0.443115234375,
    0.452880859375,
    0.453857421875,
    0.442626953125,
    0.444580078125,
    0.471923828125,
    0.442626953125,
    0.455322265625,
    0.435302734375,
    0.417236328125,
    0.4189453125,
    0.4208984375,
    0.419189453125,
    0.417724609375,
    0.41796875,
    0.418701171875,
    0.41455078125,
    0.419677734375,
    0.41650390625,
    0.416015625,
    0.418212890625,
    0.41748046875,
    0.4228515625,
    0.417724609375,
    0.419189453125,
    0.42041015625,
    0.418701171875,
    0.417724609375,
    0.41845703125,
    0.418701171875,
    0.4150390625,
    0.421875,
    0.41845703125,
    0.4150390625,
    0.424072265625,
    0.41357421875,
    0.421875,
    0.41552734375,
    0.41845703125,
    0.42138671875,
    0.418212890625,
    0.4482421875,
    0.43212890625,
    0.447265625,
    0.457763671875,
    0.46533203125,
    0.438232421875,
    0.43701171875,
    0.470458984375,
    0.464599609375,
    0.461669921875,
    0.44091796875,
    0.458251953125,
    0.43994140625,
    0.429931640625,
    0.455078125,
    0.455810546875,
    0.456298828125,
    0.4482421875,
    0.4423828125,
    0.437744140625,
    0.437255859375,
    0.43212890625,
    0.43408203125,
    0.44140625,
    0.43994140625,
    0.44091796875,
    0.435546875,
    0.432373046875,
    0.43603515625,
    0.447998046875,
    0.449951171875,
    0.453125,
    0.4697265625,
    0.445068359375,
    0.455322265625,
    0.455322265625,
    0.450927734375,
    0.446533203125,
    0.441162109375,
    0.469970703125,
    0.4658203125,
    0.454833984375,
    0.458251953125,
    0.4609375,
    0.47802734375,
    0.436767578125,
    0.439697265625,
    0.435302734375,
    0.453857421875,
    0.455810546875,
    0.450439453125,
    0.43408203125,
    0.47412109375,
    0.472412109375,
    0.47314453125,
    0.45751953125,
    0.448974609375,
    0.462646484375,
    0.474609375,
    0.467041015625,
    0.47216796875,
    0.442138671875,
    0.4609375,
    0.4755859375,
    0.467529296875,
    0.45751953125,
    0.468994140625,
    0.46533203125,
    0.45458984375,
    0.455078125,
    0.466064453125,
    0.45947265625,
    0.468505859375
  ],
  "memory_scores": [
    0.345703125,
    0.300537109375,
    0.293212890625,
    0.27587890625,
    0.26708984375,
    0.31494140625,
    0.287109375,
    0.29345703125,
    0.31591796875,
    0.287109375,
    0.30517578125,
    0.326904296875,
    0.31201171875,
    0.28857421875,
    0.3193359375,
    0.30419921875,
    0.299560546875,
    0.28125,
    0.32177734375,
    0.1611328125,
    0.1614990234375,
    0.1488037109375,
    0.25732421875,
    0.1748046875,
    0.15283203125,
    0.146728515625,
    0.1475830078125,
    0.1741943359375,
    0.1495361328125,
    0.1490478515625,
    0.1807861328125,
    0.16748046875,
    0.1611328125,
    0.1414794921875,
    0.17333984375,
    0.175537109375,
    0.15087890625,
    0.152099609375,
    0.1746826171875,
    0.1552734375,
    0.1572265625,
    0.1572265625,
    0.1876220703125,
    0.155517578125,
    0.302734375,
    0.149169921875,
    0.187744140625,
    0.16796875,
    0.1510009765625,
    0.151611328125,
    0.1556396484375,
    0.330322265625,
    0.306396484375,
    0.314208984375,
    0.321044921875,
    0.3193359375,
    0.33056640625,
    0.3046875,
    0.32763671875,
    0.28271484375,
    0.34619140625,
    0.32568359375,
    0.294921875,
    0.29443359375,
    0.27880859375,
    0.3115234375,
    0.319580078125,
    0.30859375,
    0.3857421875,
    0.30224609375,
    0.34619140625,
    0.3349609375,
    0.275390625,
    0.385498046875,
    0.34814453125,
    0.356201171875,
    0.369873046875,
    0.27294921875,
    0.2529296875,
    0.278564453125,
    0.28173828125,
    0.39111328125,
    0.380859375,
    0.37353515625,
    0.269287109375,
    0.361328125,
    0.330810546875,
    0.36865234375,
    0.3486328125,
    0.27880859375,
    0.373779296875,
    0.36962890625,
    0.3291015625,
    0.32080078125,
    0.384765625,
    0.336181640625,
    0.2861328125,
    0.286376953125,
    0.27197265625,
    0.309814453125,
    0.31689453125,
    0.273681640625,
    0.31689453125,
    0.3876953125,
    0.33447265625,
    0.3720703125,
    0.282958984375,
    0.27978515625,
    0.32080078125,
    0.31591796875,
    0.364013671875,
    0.353515625,
    0.33642578125,
    0.3525390625,
    0.330810546875,
    0.342529296875,
    0.30517578125,
    0.32373046875,
    0.2958984375,
    0.333251953125,
    0.337890625,
    0.348876953125,
    0.3759765625,
    0.349609375
  ],
  "semantic_meta": {
    "semantic_scores": [
      0.442626953125,
      0.441162109375,
      0.443603515625,
      0.45556640625,
      0.447021484375,
      0.4375,
      0.444580078125,
      0.4404296875,
      0.45068359375,
      0.4453125,
      0.443115234375,
      0.452880859375,
      0.453857421875,
      0.442626953125,
      0.444580078125,
      0.471923828125,
      0.442626953125,
      0.455322265625,
      0.435302734375,
      0.417236328125,
      0.4189453125,
      0.4208984375,
      0.419189453125,
      0.417724609375,
      0.41796875,
      0.418701171875,
      0.41455078125,
      0.419677734375,
      0.41650390625,
      0.416015625,
      0.418212890625,
      0.41748046875
    ],
    "mode": "semantic"
  },
  "memory_meta": {
    "nn_margin": [
      0.01412200927734375,
      0.014129638671875,
      0.0151824951171875,
      0.01336669921875,
      0.014617919921875,
      0.013458251953125,
      0.0150909423828125,
      0.0139923095703125,
      0.015106201171875,
      0.0147552490234375,
      0.01373291015625,
      0.01396942138671875,
      0.0136566162109375,
      0.0142059326171875,
      0.0148773193359375,
      0.014434814453125,
      0.014617919921875,
      0.0151519775390625,
      0.013580322265625,
      0.0135345458984375,
      0.013275146484375,
      0.0146636962890625,
      0.014739990234375,
      0.013458251953125,
      0.01355743408203125,
      0.0137939453125,
      0.0147552490234375,
      0.01313018798828125,
      0.014251708984375,
      0.013702392578125,
      0.01280975341796875,
      0.0133056640625
    ],
    "max_patch_score": [
      0.345703125,
      0.300537109375,
      0.293212890625,
      0.27587890625,
      0.26708984375,
      0.31494140625,
      0.287109375,
      0.29345703125,
      0.31591796875,
      0.287109375,
      0.30517578125,
      0.326904296875,
      0.31201171875,
      0.28857421875,
      0.3193359375,
      0.30419921875,
      0.299560546875,
      0.28125,
      0.32177734375,
      0.1611328125,
      0.1614990234375,
      0.1488037109375,
      0.25732421875,
      0.1748046875,
      0.15283203125,
      0.146728515625,
      0.1475830078125,
      0.1741943359375,
      0.1495361328125,
      0.1490478515625,
      0.1807861328125,
      0.16748046875
    ],
    "mode": "memory"
  },
  "mode": "harmonic"
}