{
  "semantic_scores": [
    0.1514892578125,
    0.1597900390625,
    0.16845703125,
    0.1754150390625,
    0.1678466796875,
    0.1666259765625,
    0.153564453125,
    0.1527099609375,
    0.1650390625,
    0.1607666015625,
    0.1629638671875,
    0.1724853515625,
    0.167236328125,
    0.1597900390625,
    0.1605224609375,
    0.159423828125,
    0.15625,
    0.16162109375,
    0.154296875,
    0.156982421875,
    0.170654296875,
    0.1602783203125,
    0.1539306640625,
    0.149658203125,
    0.1513671875,
    0.15234375,
    0.159912109375,
    0.1580810546875,
    0.162109375,
    0.1549072265625,
    0.163330078125,
    0.1605224609375,
    0.1622314453125,
    0.1602783203125,
    0.1591796875,
    0.1549072265625,
    0.158447265625,
    0.154052734375,
    0.1494140625,
    0.1607666015625,
    0.1580810546875,
    0.15185546875,
    0.1500244140625,
    0.1558837890625,
    0.1566162109375,
    0.1531982421875,
    0.148681640625,
    0.1510009765625,
    0.159912109375,
    0.14599609375,
    0.1458740234375,
    0.15625,
    0.1533203125,
    0.1556396484375,
    0.1505126953125,
    0.1485595703125,
    0.154541015625,
    0.151123046875,
    0.15576171875,
    0.155517578125,
    0.147705078125,
    0.150390625,
    0.1495361328125,
    0.1546630859375,
    0.1519775390625,
    0.1478271484375,
    0.1549072265625,
    0.1597900390625,
    0.153564453125,
    0.152587890625,
    0.15625,
    0.1485595703125,
    0.1591796875,
    0.1512451171875,
    0.15234375,
    0.155029296875,
    0.1551513671875,
    0.1605224609375,
    0.1773681640625,
    0.1566162109375,
    0.155517578125,
    0.155517578125,
    0.173095703125,
    0.1590576171875,
    0.1573486328125,
    0.1685791015625,
    0.1624755859375,
    0.1553955078125,
    0.1580810546875,
    0.1483154296875,
    0.16650390625,
    0.163330078125,
    0.173583984375,
    0.175537109375,
    0.1707763671875,
    0.18408203125,
    0.1778564453125,
    0.1802978515625,
    0.1744384765625,
    0.1776123046875,
    0.177490234375,
    0.175537109375,
    0.1766357421875,
    0.1773681640625,
    0.172119140625,
    0.1787109375,
    0.1629638671875,
    0.169677734375,
    0.189208984375,
    0.17431640625,
    0.1827392578125,
    0.1812744140625,
    0.186279296875,
    0.178466796875,
    0.19677734375
  ],
  "memory_scores": [
    0.299072265625,
    0.30224609375,
    0.3505859375,
    0.327880859375,
    0.3193359375,
    0.308837890625,
    0.323974609375,
    0.310546875,
    0.3359375,
    0.33837890625,
    0.30859375,
    0.314697265625,
    0.290283203125,
    0.3251953125,
    0.35205078125,
    0.3173828125,
    0.31005859375,
    0.314453125,
    0.288330078125,
    0.318359375,
    0.29443359375,
    0.3154296875,
    0.23974609375,
    0.247314453125,
    0.26220703125,
    0.250732421875,
    0.3046875,
    0.298583984375,
    0.283447265625,
    0.28369140625,
    0.32275390625,
    0.277099609375,
    0.267822265625,
    0.321044921875,
    0.267822265625,
    0.281494140625,
    0.274169921875,
    0.294677734375,
    0.3203125,
    0.3251953125,
    0.2958984375,
    0.2978515625,
    0.26513671875,
    0.28125,
    0.2861328125,
    0.2120361328125,
    0.19970703125,
    0.21435546875,
    0.20361328125,
    0.2027587890625,
    0.1961669921875,
    0.2138671875,
    0.2139892578125,
    0.1978759765625,
    0.193115234375,
    0.2098388671875,
    0.2113037109375,
    0.1988525390625,
    0.197998046875,
    0.2120361328125,
    0.2095947265625,
    0.2059326171875,
    0.202880859375,
    0.2144775390625,
    0.1939697265625,
    0.1986083984375,
    0.217041015625,
    0.294189453125,
    0.32470703125,
    0.304931640625,
    0.32568359375,
    0.283203125,
    0.32470703125,
    0.276611328125,
    0.2392578125,
    0.27978515625,
    0.32958984375,
    0.322509765625,
    0.30126953125,
    0.291748046875,
    0.30615234375,
    0.29736328125,
    0.304931640625,
    0.32470703125,
    0.330322265625,
    0.29052734375,
    0.28076171875,
    0.333984375,
    0.314453125,
    0.2481689453125,
    0.3076171875,
    0.33642578125,
    0.272705078125,
    0.27294921875,
    0.27099609375,
    0.26904296875,
    0.2607421875,
    0.28564453125,
    0.26708984375,
    0.27978515625,
    0.26171875,
    0.275634765625,
    0.261474609375,
    0.26025390625,
    0.24365234375,
    0.256103515625,
    0.2447509765625,
    0.25048828125,
    0.2880859375,
    0.26025390625,
    0.28466796875,
    0.28662109375,
    0.2880859375,
    0.25048828125,
    0.29150390625
  ],
  "semantic_meta": {
    "semantic_scores": [
      0.1514892578125,
      0.1597900390625,
      0.16845703125,
      0.1754150390625,
      0.1678466796875,
      0.1666259765625,
      0.153564453125,
      0.1527099609375,
      0.1650390625,
      0.1607666015625,
      0.1629638671875,
      0.1724853515625,
      0.167236328125,
      0.1597900390625,
      0.1605224609375,
      0.159423828125,
      0.15625,
      0.16162109375,
      0.154296875,
      0.156982421875,
      0.170654296875,
      0.1602783203125,
      0.1539306640625,
      0.149658203125,
      0.1513671875,
      0.15234375,
      0.159912109375,
      0.1580810546875,
      0.162109375,
      0.1549072265625,
      0.163330078125,
      0.1605224609375
    ],
    "mode": "semantic"
  },
  "memory_meta": {
    "nn_margin": [
      0.033538818359375,
      0.03778076171875,
      0.025970458984375,
      0.03399658203125,
      0.054595947265625,
      0.036376953125,
      0.025115966796875,
      0.025054931640625,
      0.0406494140625,
      0.03582763671875,
      0.0274505615234375,
      0.04437255859375,
      0.025299072265625,
      0.049041748046875,
      0.030670166015625,
      0.03582763671875,
      0.0274658203125,
      0.0250396728515625,
      0.0309295654296875,
      0.0364990234375,
      0.03521728515625,
      0.030914306640625,
      0.0313720703125,
      0.02557373046875,
      0.0372314453125,
      0.040679931640625,
      0.038360595703125,
      0.0266265869140625,
      0.02667236328125,
      0.039703369140625,
      0.0272674560546875,
      0.0250244140625
    ],
    "max_patch_score": [
      0.299072265625,
      0.30224609375,
      0.3505859375,
      0.327880859375,
      0.3193359375,
      0.308837890625,
      0.323974609375,
      0.310546875,
      0.3359375,
      0.33837890625,
      0.30859375,
      0.314697265625,
      0.290283203125,
      0.3251953125,
      0.35205078125,
      0.3173828125,
      0.31005859375,
      0.314453125,
      0.288330078125,
      0.318359375,
      0.29443359375,
      0.3154296875,
      0.23974609375,
      0.247314453125,
      0.26220703125,
      0.250732421875,
      0.3046875,
      0.298583984375,
      0.283447265625,
      0.28369140625,
      0.32275390625,
      0.277099609375
    ],
    "mode": "memory"
  },
  "mode": "harmonic"
}