{
  "semantic_scores": [
    0.443115234375,
    0.443115234375,
    0.396484375,
    0.440185546875,
    0.40966796875,
    0.42919921875,
    0.393798828125,
    0.438232421875,
    0.41162109375,
    0.418701171875,
    0.415771484375,
    0.444091796875,
    0.4130859375,
    0.441162109375,
    0.423095703125,
    0.43408203125,
    0.408203125,
    0.42529296875,
    0.342529296875,
    0.328857421875,
    0.325439453125,
    0.33447265625,
    0.32080078125,
    0.33154296875,
    0.337158203125,
    0.32177734375,
    0.31787109375,
    0.325439453125,
    0.33251953125,
    0.325439453125,
    0.318359375,
    0.32421875,
    0.33154296875,
    0.334228515625,
    0.325439453125,
    0.34326171875,
    0.333251953125,
    0.322509765625,
    0.322509765625,
    0.322998046875,
    0.323486328125,
    0.326416015625,
    0.3251953125,
    0.33642578125,
    0.338134765625,
    0.32470703125,
    0.322998046875,
    0.320068359375,
    0.318603515625,
    0.325439453125,
    0.322021484375,
    0.418701171875,
    0.43017578125,
    0.436767578125,
    0.445556640625,
    0.46533203125,
    0.393310546875,
    0.439208984375,
    0.453369140625,
    0.4267578125,
    0.416259765625,
    0.4638671875,
    0.421142578125,
    0.42626953125,
    0.422607421875,
    0.46923828125,
    0.46923828125,
    0.427734375,
    0.3603515625,
    0.35888671875,
    0.361572265625,
    0.39794921875,
    0.38671875,
    0.363037109375,
    0.369873046875,
    0.42431640625,
    0.3720703125,
    0.3642578125,
    0.404541015625,
    0.367431640625,
    0.34423828125,
    0.3779296875,
    0.38916015625,
    0.360595703125,
    0.436279296875,
    0.46044921875,
    0.39599609375,
    0.423095703125,
    0.46923828125,
    0.39892578125,
    0.46728515625,
    0.376708984375,
    0.443603515625,
    0.37744140625,
    0.402587890625,
    0.421142578125,
    0.46044921875,
    0.42919921875,
    0.40869140625,
    0.41015625,
    0.412109375,
    0.45849609375,
    0.38720703125,
    0.412109375,
    0.376220703125,
    0.392333984375,
    0.37158203125,
    0.38818359375,
    0.367431640625,
    0.3779296875,
    0.420654296875,
    0.4130859375,
    0.418701171875,
    0.39599609375,
    0.35888671875,
    0.416259765625,
    0.360595703125
  ],
  "memory_scores": [
    0.314453125,
    0.317626953125,
    0.3154296875,
    0.302734375,
    0.3115234375,
    0.29833984375,
    0.3212890625,
    0.298828125,
    0.31494140625,
    0.3076171875,
    0.311767578125,
    0.30126953125,
    0.31640625,
    0.3056640625,
    0.291015625,
    0.30615234375,
    0.32275390625,
    0.29833984375,
    0.2181396484375,
    0.19140625,
    0.1805419921875,
    0.231201171875,
    0.2086181640625,
    0.1934814453125,
    0.2254638671875,
    0.190185546875,
    0.178955078125,
    0.1942138671875,
    0.1942138671875,
    0.2264404296875,
    0.200439453125,
    0.2008056640625,
    0.186279296875,
    0.2196044921875,
    0.1934814453125,
    0.193603515625,
    0.20703125,
    0.1944580078125,
    0.2099609375,
    0.184814453125,
    0.2030029296875,
    0.208251953125,
    0.2271728515625,
    0.2003173828125,
    0.208740234375,
    0.1826171875,
    0.201904296875,
    0.1827392578125,
    0.1920166015625,
    0.1932373046875,
    0.208251953125,
    0.329345703125,
    0.34619140625,
    0.3369140625,
    0.34326171875,
    0.32373046875,
    0.3193359375,
    0.355712890625,
    0.32763671875,
    0.340576171875,
    0.3330078125,
    0.3564453125,
    0.326171875,
    0.33056640625,
    0.33544921875,
    0.333984375,
    0.302001953125,
    0.3388671875,
    0.2587890625,
    0.25341796875,
    0.267578125,
    0.29443359375,
    0.2919921875,
    0.2471923828125,
    0.2822265625,
    0.287353515625,
    0.280517578125,
    0.27734375,
    0.29296875,
    0.2763671875,
    0.264404296875,
    0.27392578125,
    0.27783203125,
    0.26318359375,
    0.338134765625,
    0.34423828125,
    0.3076171875,
    0.3251953125,
    0.37841796875,
    0.323486328125,
    0.32763671875,
    0.33544921875,
    0.360107421875,
    0.3515625,
    0.323974609375,
    0.341064453125,
    0.34521484375,
    0.3115234375,
    0.31103515625,
    0.333740234375,
    0.3125,
    0.35400390625,
    0.295654296875,
    0.3046875,
    0.27783203125,
    0.287841796875,
    0.310302734375,
    0.299072265625,
    0.28857421875,
    0.293701171875,
    0.3173828125,
    0.31982421875,
    0.340087890625,
    0.3232421875,
    0.262939453125,
    0.3125,
    0.30078125
  ],
  "semantic_meta": {
    "semantic_scores": [
      0.443115234375,
      0.443115234375,
      0.396484375,
      0.440185546875,
      0.40966796875,
      0.42919921875,
      0.393798828125,
      0.438232421875,
      0.41162109375,
      0.418701171875,
      0.415771484375,
      0.444091796875,
      0.4130859375,
      0.441162109375,
      0.423095703125,
      0.43408203125,
      0.408203125,
      0.42529296875,
      0.342529296875,
      0.328857421875,
      0.325439453125,
      0.33447265625,
      0.32080078125,
      0.33154296875,
      0.337158203125,
      0.32177734375,
      0.31787109375,
      0.325439453125,
      0.33251953125,
      0.325439453125,
      0.318359375,
      0.32421875
    ],
    "mode": "semantic"
  },
  "memory_meta": {
    "nn_margin": [
      0.0159912109375,
      0.0161590576171875,
      0.015655517578125,
      0.01556396484375,
      0.015045166015625,
      0.0162506103515625,
      0.014739990234375,
      0.01508331298828125,
      0.015045166015625,
      0.015045166015625,
      0.014801025390625,
      0.01629638671875,
      0.015625,
      0.015655517578125,
      0.0162353515625,
      0.0150299072265625,
      0.0166168212890625,
      0.0163116455078125,
      0.0144500732421875,
      0.0164031982421875,
      0.0167694091796875,
      0.0164947509765625,
      0.0140838623046875,
      0.0161285400390625,
      0.016204833984375,
      0.016632080078125,
      0.01678466796875,
      0.01537322998046875,
      0.01483917236328125,
      0.015167236328125,
      0.0151519775390625,
      0.0153656005859375
    ],
    "max_patch_score": [
      0.314453125,
      0.317626953125,
      0.3154296875,
      0.302734375,
      0.3115234375,
      0.29833984375,
      0.3212890625,
      0.298828125,
      0.31494140625,
      0.3076171875,
      0.311767578125,
      0.30126953125,
      0.31640625,
      0.3056640625,
      0.291015625,
      0.30615234375,
      0.32275390625,
      0.29833984375,
      0.2181396484375,
      0.19140625,
      0.1805419921875,
      0.231201171875,
      0.2086181640625,
      0.1934814453125,
      0.2254638671875,
      0.190185546875,
      0.178955078125,
      0.1942138671875,
      0.1942138671875,
      0.2264404296875,
      0.200439453125,
      0.2008056640625
    ],
    "mode": "memory"
  },
  "mode": "harmonic"
}