{
  "nn_margin": [
    0.041259765625,
    0.0330810546875,
    0.036376953125,
    0.026947021484375,
    0.03240966796875,
    0.028045654296875,
    0.03570556640625,
    0.034942626953125,
    0.03143310546875,
    0.030303955078125,
    0.021484375,
    0.031036376953125,
    0.022979736328125,
    0.020965576171875,
    0.02618408203125,
    0.033050537109375,
    0.02471923828125,
    0.02349853515625,
    0.02301025390625,
    0.0225372314453125,
    0.023345947265625,
    0.0235137939453125,
    0.016998291015625,
    0.0196533203125,
    0.01824951171875,
    0.01800537109375,
    0.01934814453125,
    0.021270751953125,
    0.0185699462890625,
    0.018218994140625,
    0.03497314453125,
    0.02178955078125,
    0.019775390625,
    0.023834228515625,
    0.0213775634765625,
    0.019866943359375,
    0.0330810546875,
    0.0361328125,
    0.04345703125,
    0.0215911865234375,
    0.02874755859375,
    0.0277099609375
  ],
  "max_patch_score": [
    0.324951171875,
    0.25146484375,
    0.26953125,
    0.228759765625,
    0.26123046875,
    0.33203125,
    0.2705078125,
    0.2283935546875,
    0.32568359375,
    0.28076171875,
    0.345703125,
    0.274658203125,
    0.3125,
    0.25732421875,
    0.30078125,
    0.30029296875,
    0.32958984375,
    0.354736328125,
    0.224609375,
    0.330078125,
    0.265625,
    0.2666015625,
    0.33056640625,
    0.335693359375,
    0.2242431640625,
    0.33154296875,
    0.339111328125,
    0.225341796875,
    0.2724609375,
    0.31591796875,
    0.1875,
    0.2010498046875,
    0.1834716796875,
    0.187255859375,
    0.1866455078125,
    0.139404296875,
    0.2403564453125,
    0.1920166015625,
    0.1591796875,
    0.1412353515625,
    0.189208984375,
    0.22998046875
  ],
  "mode": "memory"
}