{
  "semantic_scores": [
    0.10772705078125,
    0.096435546875,
    0.12359619140625,
    0.10595703125,
    0.1051025390625,
    0.11260986328125,
    0.09619140625,
    0.10260009765625,
    0.10809326171875,
    0.1148681640625,
    0.1239013671875,
    0.09173583984375,
    0.114990234375,
    0.0966796875,
    0.10760498046875,
    0.11566162109375,
    0.11102294921875,
    0.135986328125,
    0.09228515625,
    0.10894775390625,
    0.09869384765625,
    0.087890625,
    0.111328125,
    0.09814453125,
    0.09442138671875,
    0.10546875,
    0.10308837890625,
    0.09173583984375,
    0.10076904296875,
    0.10882568359375,
    0.1016845703125,
    0.08740234375,
    0.0867919921875,
    0.09393310546875,
    0.0814208984375,
    0.08660888671875,
    0.1103515625,
    0.09423828125,
    0.09613037109375,
    0.09088134765625,
    0.0946044921875,
    0.09613037109375
  ],
  "memory_scores": [
    0.324951171875,
    0.25146484375,
    0.26953125,
    0.228759765625,
    0.26123046875,
    0.33203125,
    0.2705078125,
    0.2283935546875,
    0.32568359375,
    0.28076171875,
    0.345703125,
    0.274658203125,
    0.3125,
    0.25732421875,
    0.30078125,
    0.30029296875,
    0.32958984375,
    0.354736328125,
    0.224609375,
    0.330078125,
    0.265625,
    0.2666015625,
    0.33056640625,
    0.335693359375,
    0.2242431640625,
    0.33154296875,
    0.339111328125,
    0.225341796875,
    0.2724609375,
    0.31591796875,
    0.1875,
    0.2010498046875,
    0.1834716796875,
    0.187255859375,
    0.1866455078125,
    0.139404296875,
    0.2403564453125,
    0.1920166015625,
    0.1591796875,
    0.1412353515625,
    0.189208984375,
    0.22998046875
  ],
  "semantic_meta": {
    "semantic_scores": [
      0.10772705078125,
      0.096435546875,
      0.12359619140625,
      0.10595703125,
      0.1051025390625,
      0.11260986328125,
      0.09619140625,
      0.10260009765625,
      0.10809326171875,
      0.1148681640625,
      0.1239013671875,
      0.09173583984375,
      0.114990234375,
      0.0966796875,
      0.10760498046875,
      0.11566162109375,
      0.11102294921875,
      0.135986328125,
      0.09228515625,
      0.10894775390625,
      0.09869384765625,
      0.087890625,
      0.111328125,
      0.09814453125,
      0.09442138671875,
      0.10546875,
      0.10308837890625,
      0.09173583984375,
      0.10076904296875,
      0.10882568359375,
      0.1016845703125,
      0.08740234375
    ],
    "mode": "semantic"
  },
  "memory_meta": {
    "nn_margin": [
      0.041259765625,
      0.0330810546875,
      0.036376953125,
      0.026947021484375,
      0.03240966796875,
      0.028045654296875,
      0.03570556640625,
      0.034942626953125,
      0.03143310546875,
      0.030303955078125,
      0.021484375,
      0.031036376953125,
      0.022979736328125,
      0.020965576171875,
      0.02618408203125,
      0.033050537109375,
      0.02471923828125,
      0.02349853515625,
      0.02301025390625,
      0.0225372314453125,
      0.023345947265625,
      0.0235137939453125,
      0.016998291015625,
      0.0196533203125,
      0.01824951171875,
      0.01800537109375,
      0.01934814453125,
      0.021270751953125,
      0.0185699462890625,
      0.018218994140625,
      0.03497314453125,
      0.02178955078125
    ],
    "max_patch_score": [
      0.324951171875,
      0.25146484375,
      0.26953125,
      0.228759765625,
      0.26123046875,
      0.33203125,
      0.2705078125,
      0.2283935546875,
      0.32568359375,
      0.28076171875,
      0.345703125,
      0.274658203125,
      0.3125,
      0.25732421875,
      0.30078125,
      0.30029296875,
      0.32958984375,
      0.354736328125,
      0.224609375,
      0.330078125,
      0.265625,
      0.2666015625,
      0.33056640625,
      0.335693359375,
      0.2242431640625,
      0.33154296875,
      0.339111328125,
      0.225341796875,
      0.2724609375,
      0.31591796875,
      0.1875,
      0.2010498046875
    ],
    "mode": "memory"
  },
  "mode": "harmonic"
}