{
  "nn_margin": [
    0.043731689453125,
    0.038604736328125,
    0.05487060546875,
    0.044677734375,
    0.037200927734375,
    0.046875,
    0.056671142578125,
    0.03515625,
    0.047821044921875,
    0.0435791015625,
    0.051513671875,
    0.03515625,
    0.05413818359375,
    0.0533447265625,
    0.04608154296875,
    0.0445556640625,
    0.048828125,
    0.032745361328125,
    0.03509521484375,
    0.044586181640625,
    0.042938232421875,
    0.04132080078125,
    0.037933349609375,
    0.037353515625,
    0.050445556640625,
    0.033233642578125,
    0.04217529296875,
    0.048858642578125,
    0.0496826171875,
    0.03546142578125,
    0.042724609375,
    0.04486083984375,
    0.061767578125,
    0.0361328125,
    0.038604736328125,
    0.044708251953125,
    0.03936767578125,
    0.0540771484375,
    0.03729248046875,
    0.051727294921875,
    0.03375244140625,
    0.0447998046875,
    0.029876708984375,
    0.049835205078125,
    0.0445556640625,
    0.0491943359375,
    0.044586181640625,
    0.03851318359375,
    0.0390625,
    0.039459228515625,
    0.039703369140625,
    0.0494384765625,
    0.0382080078125,
    0.043060302734375,
    0.048858642578125,
    0.04486083984375,
    0.04705810546875,
    0.034912109375,
    0.04290771484375,
    0.042236328125,
    0.038970947265625,
    0.0338134765625,
    0.04730224609375,
    0.048095703125,
    0.0313720703125,
    0.040069580078125,
    0.04949951171875,
    0.044921875,
    0.03485107421875,
    0.035369873046875,
    0.03582763671875,
    0.0325927734375,
    0.03790283203125,
    0.043975830078125,
    0.03619384765625,
    0.044891357421875,
    0.039398193359375,
    0.04022216796875,
    0.04248046875,
    0.040008544921875,
    0.03729248046875,
    0.03302001953125,
    0.0372314453125,
    0.038543701171875,
    0.0421142578125,
    0.02667236328125,
    0.034027099609375,
    0.03143310546875,
    0.0238494873046875,
    0.0322265625,
    0.03955078125,
    0.0306396484375,
    0.03936767578125,
    0.03741455078125,
    0.03985595703125,
    0.031524658203125,
    0.0439453125,
    0.049560546875,
    0.0389404296875,
    0.048248291015625
  ],
  "max_patch_score": [
    0.1761474609375,
    0.22021484375,
    0.2744140625,
    0.19287109375,
    0.202880859375,
    0.1937255859375,
    0.177001953125,
    0.2220458984375,
    0.191162109375,
    0.1854248046875,
    0.193603515625,
    0.214111328125,
    0.238525390625,
    0.1812744140625,
    0.266845703125,
    0.286376953125,
    0.162841796875,
    0.30322265625,
    0.23193359375,
    0.2413330078125,
    0.198486328125,
    0.210693359375,
    0.218017578125,
    0.18896484375,
    0.18701171875,
    0.2203369140625,
    0.197021484375,
    0.228515625,
    0.1827392578125,
    0.1846923828125,
    0.235595703125,
    0.1983642578125,
    0.205810546875,
    0.232421875,
    0.2413330078125,
    0.22998046875,
    0.20654296875,
    0.1905517578125,
    0.171630859375,
    0.1776123046875,
    0.18798828125,
    0.2122802734375,
    0.2103271484375,
    0.1981201171875,
    0.17431640625,
    0.20849609375,
    0.1959228515625,
    0.172119140625,
    0.25732421875,
    0.2073974609375,
    0.196044921875,
    0.2109375,
    0.22314453125,
    0.218017578125,
    0.2091064453125,
    0.23876953125,
    0.1710205078125,
    0.210693359375,
    0.244384765625,
    0.1888427734375,
    0.302001953125,
    0.3125,
    0.2548828125,
    0.27880859375,
    0.291015625,
    0.28759765625,
    0.25732421875,
    0.2734375,
    0.2919921875,
    0.29345703125,
    0.247802734375,
    0.22265625,
    0.2213134765625,
    0.283935546875,
    0.2303466796875,
    0.2191162109375,
    0.25927734375,
    0.25732421875,
    0.234130859375,
    0.227783203125,
    0.2275390625,
    0.25048828125,
    0.24853515625,
    0.252197265625,
    0.2890625,
    0.2939453125,
    0.2261962890625,
    0.31103515625,
    0.31005859375,
    0.25390625,
    0.2646484375,
    0.2396240234375,
    0.23046875,
    0.215576171875,
    0.25390625,
    0.2431640625,
    0.22119140625,
    0.221923828125,
    0.2122802734375,
    0.2452392578125
  ],
  "mode": "memory"
}