{
  "semantic_scores": [
    0.31689453125,
    0.357666015625,
    0.341064453125,
    0.32470703125,
    0.309814453125,
    0.30322265625,
    0.35400390625,
    0.343017578125,
    0.284912109375,
    0.27587890625,
    0.31689453125,
    0.2705078125,
    0.3115234375,
    0.3408203125,
    0.281005859375,
    0.3603515625,
    0.318359375,
    0.304443359375,
    0.322021484375,
    0.302490234375,
    0.31201171875,
    0.286865234375,
    0.318359375,
    0.320068359375,
    0.299560546875,
    0.286865234375,
    0.302490234375,
    0.319580078125,
    0.284912109375,
    0.33251953125,
    0.34033203125,
    0.33203125,
    0.2861328125,
    0.3349609375,
    0.318603515625,
    0.281005859375,
    0.304443359375,
    0.2724609375,
    0.304931640625,
    0.2447509765625,
    0.24658203125,
    0.281005859375,
    0.267333984375,
    0.285888671875,
    0.27783203125,
    0.262451171875,
    0.260986328125,
    0.259521484375,
    0.23583984375,
    0.265380859375,
    0.27978515625,
    0.25341796875,
    0.237548828125,
    0.275634765625,
    0.247314453125,
    0.2587890625,
    0.23974609375,
    0.247314453125,
    0.31787109375,
    0.3349609375,
    0.32177734375,
    0.285400390625,
    0.2744140625,
    0.329833984375,
    0.291748046875,
    0.345947265625,
    0.351806640625,
    0.361083984375,
    0.382568359375,
    0.341064453125,
    0.3251953125,
    0.357666015625,
    0.337646484375,
    0.320068359375,
    0.33935546875,
    0.3603515625,
    0.355712890625,
    0.304443359375,
    0.376708984375
  ],
  "memory_scores": [
    0.32080078125,
    0.32763671875,
    0.352783203125,
    0.350830078125,
    0.311279296875,
    0.33251953125,
    0.32861328125,
    0.34619140625,
    0.318359375,
    0.231201171875,
    0.353515625,
    0.333740234375,
    0.3271484375,
    0.336181640625,
    0.25732421875,
    0.34912109375,
    0.3564453125,
    0.34912109375,
    0.340576171875,
    0.33837890625,
    0.3310546875,
    0.315673828125,
    0.34033203125,
    0.3349609375,
    0.31982421875,
    0.32568359375,
    0.3359375,
    0.33935546875,
    0.324462890625,
    0.3798828125,
    0.37451171875,
    0.31494140625,
    0.33251953125,
    0.28759765625,
    0.254638671875,
    0.258544921875,
    0.318115234375,
    0.3076171875,
    0.33740234375,
    0.1854248046875,
    0.18408203125,
    0.2900390625,
    0.248291015625,
    0.292236328125,
    0.241455078125,
    0.2039794921875,
    0.2042236328125,
    0.202880859375,
    0.199462890625,
    0.239990234375,
    0.268798828125,
    0.243896484375,
    0.1807861328125,
    0.22216796875,
    0.189453125,
    0.1983642578125,
    0.1932373046875,
    0.1884765625,
    0.3271484375,
    0.35888671875,
    0.322265625,
    0.31103515625,
    0.31640625,
    0.324951171875,
    0.3095703125,
    0.34326171875,
    0.3505859375,
    0.35693359375,
    0.34765625,
    0.367431640625,
    0.3115234375,
    0.374755859375,
    0.35986328125,
    0.3134765625,
    0.358642578125,
    0.369140625,
    0.353271484375,
    0.3623046875,
    0.3662109375
  ],
  "semantic_meta": {
    "semantic_scores": [
      0.31689453125,
      0.357666015625,
      0.341064453125,
      0.32470703125,
      0.309814453125,
      0.30322265625,
      0.35400390625,
      0.343017578125,
      0.284912109375,
      0.27587890625,
      0.31689453125,
      0.2705078125,
      0.3115234375,
      0.3408203125,
      0.281005859375,
      0.3603515625,
      0.318359375,
      0.304443359375,
      0.322021484375,
      0.302490234375,
      0.31201171875,
      0.286865234375,
      0.318359375,
      0.320068359375,
      0.299560546875,
      0.286865234375,
      0.302490234375,
      0.319580078125,
      0.284912109375,
      0.33251953125,
      0.34033203125,
      0.33203125
    ],
    "mode": "semantic"
  },
  "memory_meta": {
    "nn_margin": [
      0.01690673828125,
      0.018585205078125,
      0.016571044921875,
      0.0167999267578125,
      0.01507568359375,
      0.01641845703125,
      0.019866943359375,
      0.019744873046875,
      0.0179595947265625,
      0.0180206298828125,
      0.0167236328125,
      0.0184478759765625,
      0.01849365234375,
      0.018402099609375,
      0.017425537109375,
      0.016998291015625,
      0.017242431640625,
      0.01739501953125,
      0.0160064697265625,
      0.0172576904296875,
      0.0176239013671875,
      0.018280029296875,
      0.017913818359375,
      0.0166015625,
      0.0172119140625,
      0.0164794921875,
      0.01708984375,
      0.0161895751953125,
      0.01800537109375,
      0.0191802978515625,
      0.01824951171875,
      0.017303466796875
    ],
    "max_patch_score": [
      0.32080078125,
      0.32763671875,
      0.352783203125,
      0.350830078125,
      0.311279296875,
      0.33251953125,
      0.32861328125,
      0.34619140625,
      0.318359375,
      0.231201171875,
      0.353515625,
      0.333740234375,
      0.3271484375,
      0.336181640625,
      0.25732421875,
      0.34912109375,
      0.3564453125,
      0.34912109375,
      0.340576171875,
      0.33837890625,
      0.3310546875,
      0.315673828125,
      0.34033203125,
      0.3349609375,
      0.31982421875,
      0.32568359375,
      0.3359375,
      0.33935546875,
      0.324462890625,
      0.3798828125,
      0.37451171875,
      0.31494140625
    ],
    "mode": "memory"
  },
  "mode": "harmonic"
}