{
  "semantic": {
    "i_roc": 80.45472676505783,
    "score_mode": "semantic"
  },
  "memory": {
    "i_roc": 84.24411647387315,
    "score_mode": "memory"
  },
  "max": {
    "i_roc": 80.45472676505783,
    "score_mode": "max",
    "i_roc_semantic": 80.45472676505783,
    "i_roc_memory": 84.24411647387315,
    "gap": -3.789389708815327,
    "memory_nn_margin_mean": 0.01953125,
    "memory_nn_margin_std": 0.0020427703857421875
  },
  "harmonic": {
    "i_roc": 84.10450737933786,
    "score_mode": "harmonic",
    "i_roc_semantic": 80.45472676505783,
    "i_roc_memory": 84.24411647387315,
    "gap": -0.1396090945352979,
    "memory_nn_margin_mean": 0.01953125,
    "memory_nn_margin_std": 0.0020427703857421875
  },
  "oracle": {
    "i_roc": 100.0,
    "score_mode": "oracle",
    "i_roc_semantic": 80.45472676505783,
    "i_roc_memory": 84.24411647387315,
    "gap": 15.755883526126846,
    "oracle_semantic_ratio": 82.57575757575758,
    "oracle_memory_ratio": 17.424242424242426,
    "memory_nn_margin_mean": 0.01953125,
    "memory_nn_margin_std": 0.0020427703857421875
  }
}