{
  "semantic": {
    "i_roc": 63.10719409715105,
    "score_mode": "semantic"
  },
  "memory": {
    "i_roc": 66.18159458905514,
    "score_mode": "memory"
  },
  "max": {
    "i_roc": 63.10719409715105,
    "score_mode": "max",
    "i_roc_semantic": 63.10719409715105,
    "i_roc_memory": 66.18159458905514,
    "gap": -3.0744004919040835,
    "memory_nn_margin_mean": 0.02764892578125,
    "memory_nn_margin_std": 0.005771636962890625
  },
  "harmonic": {
    "i_roc": 67.32937077269932,
    "score_mode": "harmonic",
    "i_roc_semantic": 63.10719409715105,
    "i_roc_memory": 66.18159458905514,
    "gap": 1.147776183644189,
    "memory_nn_margin_mean": 0.02764892578125,
    "memory_nn_margin_std": 0.005771636962890625
  },
  "oracle": {
    "i_roc": 100.0,
    "score_mode": "oracle",
    "i_roc_semantic": 63.10719409715105,
    "i_roc_memory": 66.18159458905514,
    "gap": 33.81840541094486,
    "oracle_semantic_ratio": 74.375,
    "oracle_memory_ratio": 25.624999999999996,
    "memory_nn_margin_mean": 0.02764892578125,
    "memory_nn_margin_std": 0.005771636962890625
  }
}