{
  "semantic": {
    "p_roc": 89.24521818760688
  },
  "memory": {
    "p_roc": 94.42308699819728
  },
  "max": {
    "p_roc": 94.4360132864848
  },
  "harmonic": {
    "p_roc": 93.68642126181535
  },
  "oracle": {
    "p_roc": 94.4360132864848
  }
}