{
  "semantic": {
    "p_roc": 66.95057746324208
  },
  "memory": {
    "p_roc": 93.38732794253775
  },
  "max": {
    "p_roc": 93.3870533413448
  },
  "harmonic": {
    "p_roc": 70.68904119336487
  },
  "oracle": {
    "p_roc": 93.3870533413448
  }
}