{
  "semantic": {
    "i_roc": 59.91029900332225,
    "score_mode": "semantic"
  },
  "memory": {
    "i_roc": 74.16362126245846,
    "score_mode": "memory"
  },
  "max": {
    "i_roc": 74.21677740863787,
    "score_mode": "max",
    "i_roc_semantic": 59.91029900332225,
    "i_roc_memory": 74.16362126245846,
    "gap": 0.053156146179400565,
    "memory_nn_margin_mean": 0.03997802734375,
    "memory_nn_margin_std": 0.0021152496337890625
  },
  "harmonic": {
    "i_roc": 72.33803986710963,
    "score_mode": "harmonic",
    "i_roc_semantic": 59.91029900332225,
    "i_roc_memory": 74.16362126245846,
    "gap": -1.825581395348841,
    "memory_nn_margin_mean": 0.03997802734375,
    "memory_nn_margin_std": 0.0021152496337890625
  },
  "oracle": {
    "i_roc": 100.0,
    "score_mode": "oracle",
    "i_roc_semantic": 59.91029900332225,
    "i_roc_memory": 74.16362126245846,
    "gap": 25.836378737541533,
    "oracle_semantic_ratio": 85.61253561253561,
    "oracle_memory_ratio": 14.387464387464387,
    "memory_nn_margin_mean": 0.03997802734375,
    "memory_nn_margin_std": 0.0021152496337890625
  }
}