{
  "semantic": {
    "p_roc": 96.59957061417101
  },
  "memory": {
    "p_roc": 90.81531574230246
  },
  "max": {
    "p_roc": 97.47362994222797
  },
  "harmonic": {
    "p_roc": 99.36933837335832
  },
  "oracle": {
    "p_roc": 97.47362994222797
  }
}