{
  "semantic": {
    "p_roc": 98.48669057467416
  },
  "memory": {
    "p_roc": 97.51884612040152
  },
  "max": {
    "p_roc": 99.03873471946389
  },
  "harmonic": {
    "p_roc": 99.54255825781965
  },
  "oracle": {
    "p_roc": 99.03873471946389
  }
}