{
  "semantic": {
    "p_roc": 93.0307467764163
  },
  "memory": {
    "p_roc": 93.1698404201018
  },
  "max": {
    "p_roc": 94.38613996619983
  },
  "harmonic": {
    "p_roc": 96.24615563934678
  },
  "oracle": {
    "p_roc": 94.38613996619983
  }
}