{
  "semantic": {
    "p_roc": 94.64033893717682
  },
  "memory": {
    "p_roc": 89.19919616897654
  },
  "max": {
    "p_roc": 95.58183944106597
  },
  "harmonic": {
    "p_roc": 96.34138362541661
  },
  "oracle": {
    "p_roc": 95.58183944106597
  }
}