{
  "semantic": {
    "p_roc": 94.60776260589134
  },
  "memory": {
    "p_roc": 90.04114554322004
  },
  "max": {
    "p_roc": 95.13437967808234
  },
  "harmonic": {
    "p_roc": 95.13993358389087
  },
  "oracle": {
    "p_roc": 95.13437967808234
  }
}