{
  "semantic": {
    "p_roc": 85.70404554037644
  },
  "memory": {
    "p_roc": 98.69034723698468
  },
  "max": {
    "p_roc": 98.76956575640861
  },
  "harmonic": {
    "p_roc": 94.86405120033426
  },
  "oracle": {
    "p_roc": 98.76956575640861
  }
}