{
  "semantic": {
    "p_roc": 90.19580852658457
  },
  "memory": {
    "p_roc": 93.39283222168713
  },
  "max": {
    "p_roc": 95.27105818107046
  },
  "harmonic": {
    "p_roc": 96.11111145447848
  },
  "oracle": {
    "p_roc": 95.27105818107046
  }
}