{
  "semantic": {
    "p_roc": 86.50720201205367
  },
  "memory": {
    "p_roc": 95.59590264461625
  },
  "max": {
    "p_roc": 96.08172496932903
  },
  "harmonic": {
    "p_roc": 92.56604978857116
  },
  "oracle": {
    "p_roc": 96.08172496932903
  }
}