{
  "semantic": {
    "p_roc": 93.40326442212277
  },
  "memory": {
    "p_roc": 93.84750067877032
  },
  "max": {
    "p_roc": 96.99262528999894
  },
  "harmonic": {
    "p_roc": 96.9494092085382
  },
  "oracle": {
    "p_roc": 96.99262528999894
  }
}