{
  "semantic": {
    "p_roc": 99.10766181742576
  },
  "memory": {
    "p_roc": 99.37161794652174
  },
  "max": {
    "p_roc": 99.37159990166818
  },
  "harmonic": {
    "p_roc": 99.47073131619462
  },
  "oracle": {
    "p_roc": 99.37159990166818
  }
}