{
  "mean": 0.87744140625,
  "std": 0.0440673828125,
  "max": 0.97509765625,
  "p90": 0.927734375,
  "p95": 0.947021484375,
  "top10_mean": 0.9677734375,
  "collapse_score": 0.9677734375
}