{
  "mean": 0.291748046875,
  "std": 0.00711822509765625,
  "p50": 0.2913818359375,
  "p90": 0.3013427734375,
  "p95": 0.30301513671875,
  "p99": 0.30681884765625,
  "max": 0.30810546875,
  "hit_rate_0.3": 0.125,
  "hit_rate_0.4": 0.0,
  "hit_rate_0.5": 0.0,
  "hit_rate_0.6": 0.0,
  "hit_rate_0.7": 0.0
}