{
  "normal_mean": -0.041534423828125,
  "normal_std": 0.0035552978515625,
  "abnormal_mean": -0.0450439453125,
  "abnormal_std": 0.006023406982421875,
  "separation": 0.003509521484375,
  "overlap_ratio": 0.476806640625,
  "ks_distance": 0.40309873949579833,
  "ks_pvalue": 0.00033525086368816763
}