metric,label,auc,best_threshold,sensitivity,specificity,accuracy
C_collapse_score,原型塌缩分数,0.6790123456790124,0.9404296875,0.7222222222222222,0.7777777777777778,0.7037037037037037
B_separation,判别分离度,0.6111111111111112,0.009796142578125,1.0,0.4444444444444444,0.7777777777777778
B_overlap,裕度重叠率,0.7530864197530864,0.509765625,0.7777777777777778,0.6666666666666667,0.7037037037037037
