{
  "normal_mean": -0.04095458984375,
  "normal_std": 0.0043792724609375,
  "abnormal_mean": -0.05218505859375,
  "abnormal_std": 0.011444091796875,
  "separation": 0.01123046875,
  "overlap_ratio": 0.1990966796875,
  "ks_distance": 0.6642857142857143,
  "ks_pvalue": 5.520891834870586e-07
}