{
  "mean": 0.80615234375,
  "std": 0.057464599609375,
  "max": 0.98193359375,
  "p90": 0.875,
  "p95": 0.8798828125,
  "top10_mean": 0.91845703125,
  "collapse_score": 0.91845703125
}