{
  "mean": 0.2056884765625,
  "std": 0.0119476318359375,
  "p50": 0.2083740234375,
  "p90": 0.21727294921875,
  "p95": 0.218280029296875,
  "p99": 0.218558349609375,
  "max": 0.2186279296875,
  "hit_rate_0.3": 0.0,
  "hit_rate_0.4": 0.0,
  "hit_rate_0.5": 0.0,
  "hit_rate_0.6": 0.0,
  "hit_rate_0.7": 0.0
}