{
  "mean": 0.80224609375,
  "std": 0.058746337890625,
  "max": 0.93603515625,
  "p90": 0.87158203125,
  "p95": 0.9052734375,
  "top10_mean": 0.9228515625,
  "collapse_score": 0.9228515625
}