{
  "mean": 0.25732421875,
  "std": 0.006168365478515625,
  "p50": 0.259765625,
  "p90": 0.2630126953125,
  "p95": 0.26365966796875,
  "p99": 0.26837158203125,
  "max": 0.27001953125,
  "hit_rate_0.3": 0.0,
  "hit_rate_0.4": 0.0,
  "hit_rate_0.5": 0.0,
  "hit_rate_0.6": 0.0,
  "hit_rate_0.7": 0.0
}