{
  "normal_semantic_mean": 0.5087890625,
  "normal_semantic_std": 0.000732421875,
  "abnormal_semantic_mean": 0.5087890625,
  "abnormal_semantic_std": 0.0027408599853515625
}