{
  "normal_mean": -0.035797119140625,
  "normal_std": 0.0028781890869140625,
  "abnormal_mean": -0.034515380859375,
  "abnormal_std": 0.01084136962890625,
  "separation": -0.00128173828125,
  "overlap_ratio": 0.1622314453125,
  "ks_distance": 0.47913322632423755,
  "ks_pvalue": 5.4234318495920646e-05
}