{
  "semantic": {
    "p_roc": 87.72577813481035
  },
  "memory": {
    "p_roc": 95.20890525710747
  },
  "max": {
    "p_roc": 95.16104574467902
  },
  "harmonic": {
    "p_roc": 94.17911646055977
  },
  "oracle": {
    "p_roc": 95.16104574467902
  }
}