{
  "semantic": {
    "i_roc": 55.942691029900324,
    "score_mode": "semantic"
  },
  "memory": {
    "i_roc": 76.39867109634551,
    "score_mode": "memory"
  },
  "max": {
    "i_roc": 76.17109634551495,
    "score_mode": "max",
    "i_roc_semantic": 55.942691029900324,
    "i_roc_memory": 76.39867109634551,
    "gap": -0.22757475083056145,
    "memory_nn_margin_mean": 0.033477783203125,
    "memory_nn_margin_std": 0.001708984375
  },
  "harmonic": {
    "i_roc": 75.00996677740864,
    "score_mode": "harmonic",
    "i_roc_semantic": 55.942691029900324,
    "i_roc_memory": 76.39867109634551,
    "gap": -1.3887043189368842,
    "memory_nn_margin_mean": 0.033477783203125,
    "memory_nn_margin_std": 0.001708984375
  },
  "oracle": {
    "i_roc": 100.0,
    "score_mode": "oracle",
    "i_roc_semantic": 55.942691029900324,
    "i_roc_memory": 76.39867109634551,
    "gap": 23.601328903654483,
    "oracle_semantic_ratio": 85.47008547008546,
    "oracle_memory_ratio": 14.529914529914532,
    "memory_nn_margin_mean": 0.033477783203125,
    "memory_nn_margin_std": 0.001708984375
  }
}