{
  "semantic": {
    "p_roc": 67.58924263300752
  },
  "memory": {
    "p_roc": 94.41306537670278
  },
  "max": {
    "p_roc": 94.41353723781054
  },
  "harmonic": {
    "p_roc": 73.96046166938781
  },
  "oracle": {
    "p_roc": 94.41353723781054
  }
}