{
  "semantic": {
    "i_roc": 92.38000000000001,
    "score_mode": "semantic"
  },
  "memory": {
    "i_roc": 84.34000000000002,
    "score_mode": "memory"
  },
  "max": {
    "i_roc": 92.38000000000001,
    "score_mode": "max",
    "i_roc_semantic": 92.38000000000001,
    "i_roc_memory": 84.34000000000002,
    "gap": 0.0,
    "memory_nn_margin_mean": 0.0233612060546875,
    "memory_nn_margin_std": 0.0014238357543945312
  },
  "harmonic": {
    "i_roc": 85.694,
    "score_mode": "harmonic",
    "i_roc_semantic": 92.38000000000001,
    "i_roc_memory": 84.34000000000002,
    "gap": -6.6860000000000035,
    "memory_nn_margin_mean": 0.0233612060546875,
    "memory_nn_margin_std": 0.0014238357543945312
  },
  "oracle": {
    "i_roc": 100.0,
    "score_mode": "oracle",
    "i_roc_semantic": 92.38000000000001,
    "i_roc_memory": 84.34000000000002,
    "gap": 7.619999999999994,
    "oracle_semantic_ratio": 16.666666666666664,
    "oracle_memory_ratio": 83.33333333333334,
    "memory_nn_margin_mean": 0.0233612060546875,
    "memory_nn_margin_std": 0.0014238357543945312
  }
}