{
  "semantic": {
    "p_roc": 95.56591149712949
  },
  "memory": {
    "p_roc": 89.77796804468457
  },
  "max": {
    "p_roc": 95.56591149712949
  },
  "harmonic": {
    "p_roc": 93.71969389862592
  },
  "oracle": {
    "p_roc": 95.56591149712949
  }
}