{
  "semantic": {
    "p_roc": 98.64634215490895
  },
  "memory": {
    "p_roc": 97.76184307397268
  },
  "max": {
    "p_roc": 99.20893545608756
  },
  "harmonic": {
    "p_roc": 99.58299914945418
  },
  "oracle": {
    "p_roc": 99.20893545608756
  }
}