{
  "semantic": {
    "p_roc": 91.11339589055866
  },
  "memory": {
    "p_roc": 94.83269037653183
  },
  "max": {
    "p_roc": 95.36518294968003
  },
  "harmonic": {
    "p_roc": 97.03140729800445
  },
  "oracle": {
    "p_roc": 95.36518294968003
  }
}