{
  "semantic": {
    "p_roc": 94.41147939174519
  },
  "memory": {
    "p_roc": 92.83275550515214
  },
  "max": {
    "p_roc": 95.70362622254707
  },
  "harmonic": {
    "p_roc": 96.48138804944838
  },
  "oracle": {
    "p_roc": 95.70362622254707
  }
}