{
  "semantic": {
    "i_roc": 66.76149999999998,
    "score_mode": "semantic"
  },
  "memory": {
    "i_roc": 77.49499999999999,
    "score_mode": "memory"
  },
  "max": {
    "i_roc": 77.5565,
    "score_mode": "max",
    "i_roc_semantic": 66.76149999999998,
    "i_roc_memory": 77.49499999999999,
    "gap": 0.06150000000001432,
    "memory_nn_margin_mean": 0.032012939453125,
    "memory_nn_margin_std": 0.003520965576171875
  },
  "harmonic": {
    "i_roc": 76.92049999999999,
    "score_mode": "harmonic",
    "i_roc_semantic": 66.76149999999998,
    "i_roc_memory": 77.49499999999999,
    "gap": -0.5745,
    "memory_nn_margin_mean": 0.032012939453125,
    "memory_nn_margin_std": 0.003520965576171875
  },
  "oracle": {
    "i_roc": 100.0,
    "score_mode": "oracle",
    "i_roc_semantic": 66.76149999999998,
    "i_roc_memory": 77.49499999999999,
    "gap": 22.50500000000001,
    "oracle_semantic_ratio": 90.72727272727272,
    "oracle_memory_ratio": 9.272727272727273,
    "memory_nn_margin_mean": 0.032012939453125,
    "memory_nn_margin_std": 0.003520965576171875
  }
}