{
  "semantic": {
    "p_roc": 96.12410982721269
  },
  "memory": {
    "p_roc": 90.44208946639213
  },
  "max": {
    "p_roc": 96.57013187192817
  },
  "harmonic": {
    "p_roc": 96.98277069964811
  },
  "oracle": {
    "p_roc": 96.57013187192817
  }
}