{
  "semantic": {
    "p_roc": 89.43959378826098
  },
  "memory": {
    "p_roc": 98.18545547758497
  },
  "max": {
    "p_roc": 98.50068337662134
  },
  "harmonic": {
    "p_roc": 96.98711188882133
  },
  "oracle": {
    "p_roc": 98.50068337662134
  }
}