{
  "semantic": {
    "p_roc": 90.45336831602984
  },
  "memory": {
    "p_roc": 90.21220205261587
  },
  "max": {
    "p_roc": 95.45018951902901
  },
  "harmonic": {
    "p_roc": 95.53311983290206
  },
  "oracle": {
    "p_roc": 95.45018951902901
  }
}