{
  "semantic": {
    "p_roc": 86.40482996885515
  },
  "memory": {
    "p_roc": 93.9285232808698
  },
  "max": {
    "p_roc": 95.40766167537687
  },
  "harmonic": {
    "p_roc": 93.90657996683758
  },
  "oracle": {
    "p_roc": 95.40766167537687
  }
}