{
  "semantic": {
    "p_roc": 92.62819085447312
  },
  "memory": {
    "p_roc": 93.16805911335392
  },
  "max": {
    "p_roc": 96.85820497876166
  },
  "harmonic": {
    "p_roc": 96.36568826440316
  },
  "oracle": {
    "p_roc": 96.85820497876166
  }
}