{
  "semantic": {
    "p_roc": 99.00656045665119
  },
  "memory": {
    "p_roc": 99.53958961743807
  },
  "max": {
    "p_roc": 99.53953816028184
  },
  "harmonic": {
    "p_roc": 99.50818104536576
  },
  "oracle": {
    "p_roc": 99.53953816028184
  }
}