{
  "mean": 0.29248046875,
  "std": 0.0163726806640625,
  "p50": 0.297119140625,
  "p90": 0.30908203125,
  "p95": 0.31201171875,
  "p99": 0.31728515625,
  "max": 0.318603515625,
  "hit_rate_0.3": 0.42857142857142855,
  "hit_rate_0.4": 0.0,
  "hit_rate_0.5": 0.0,
  "hit_rate_0.6": 0.0,
  "hit_rate_0.7": 0.0
}