{
  "mean": 0.8369140625,
  "std": 0.040863037109375,
  "max": 0.94287109375,
  "p90": 0.88623046875,
  "p95": 0.894775390625,
  "top10_mean": 0.92431640625,
  "collapse_score": 0.92431640625
}