{
  "normal_mean": -0.05712890625,
  "normal_std": 0.0081634521484375,
  "abnormal_mean": -0.05731201171875,
  "abnormal_std": 0.00687408447265625,
  "separation": 0.00018310546875,
  "overlap_ratio": 0.76513671875,
  "ks_distance": 0.17293233082706766,
  "ks_pvalue": 0.6799311763464115
}