{
  "normal_semantic_mean": 0.51416015625,
  "normal_semantic_std": 0.002086639404296875,
  "abnormal_semantic_mean": 0.51416015625,
  "abnormal_semantic_std": 0.0016736984252929688
}